{
	"credit": "madybybananvovan",
	"texture_size": [32, 32],
	"textures": {
		"1": "item/scifi/weapons/ar"
	},
	"elements": [
		{
			"from": [7.5, 2.5, 7.5],
			"to": [8.5, 7, 10.5],
			"rotation": {"angle": 0, "axis": "y", "origin": [7, 0, 0]},
			"faces": {
				"north": {"uv": [5, 8, 5.5, 10.25], "texture": "#1"},
				"east": {"uv": [8, 1.5, 6.5, 3.75], "texture": "#1"},
				"south": {"uv": [5.5, 8, 6, 10.25], "texture": "#1"},
				"west": {"uv": [6.5, 1.5, 8, 3.75], "texture": "#1"},
				"down": {"uv": [7.5, 9.5, 7, 11], "texture": "#1"}
			}
		},
		{
			"from": [7.25, 8.5, -2.5],
			"to": [8.75, 11, 14],
			"rotation": {"angle": 0, "axis": "y", "origin": [7, 0, 0]},
			"faces": {
				"north": {"uv": [8.5, 9, 9.25, 10.25], "texture": "#1", "cullface": "north"},
				"east": {"uv": [8.25, 0, 0, 1.25], "texture": "#1"},
				"south": {"uv": [9.5, 0, 10.25, 1.25], "texture": "#1"},
				"west": {"uv": [0, 0, 8.25, 1.25], "texture": "#1"},
				"up": {"uv": [0.75, 9.75, 0, 1.5], "texture": "#1"},
				"down": {"uv": [1.75, 1.5, 1, 9.75], "texture": "#1"}
			}
		},
		{
			"from": [6.375, 8.75, -2],
			"to": [6.75, 10.75, 3.5],
			"rotation": {"angle": 0, "axis": "y", "origin": [7, 0, 1]},
			"faces": {
				"north": {"uv": [0.5, 11.5, 0.75, 12.5], "texture": "#1"},
				"east": {"uv": [9.25, 4.5, 6.5, 5.5], "texture": "#1"},
				"south": {"uv": [0.5, 11.5, 0.75, 12.5], "texture": "#1"},
				"west": {"uv": [6.5, 4.5, 9.25, 5.5], "texture": "#1"},
				"up": {"uv": [8.25, 12.25, 8, 9.5], "texture": "#1"},
				"down": {"uv": [8.25, 9.5, 8, 12.25], "texture": "#1"}
			}
		},
		{
			"from": [6.75, 9.25, -2],
			"to": [7.25, 10.25, 3.5],
			"rotation": {"angle": 0, "axis": "y", "origin": [7, 0, 1]},
			"faces": {
				"north": {"uv": [11.5, 9, 11.75, 9.5], "texture": "#1"},
				"south": {"uv": [11.5, 9, 11.75, 9.5], "texture": "#1"},
				"up": {"uv": [0.25, 12.75, 0, 10], "texture": "#1"}
			}
		},
		{
			"from": [7.5, 8.75, -6],
			"to": [8.5, 9.75, -2.5],
			"rotation": {"angle": -45, "axis": "z", "origin": [8, 9.25, -4.5]},
			"faces": {
				"north": {"uv": [10, 8, 10.5, 8.5], "texture": "#1", "cullface": "north"},
				"east": {"uv": [7, 11.25, 6.5, 9.5], "rotation": 90, "texture": "#1", "cullface": "north"},
				"west": {"uv": [9.5, 5.5, 11.25, 6], "texture": "#1", "cullface": "north"},
				"up": {"uv": [9.5, 6, 11.25, 5.5], "rotation": 90, "texture": "#1", "cullface": "north"},
				"down": {"uv": [7, 9.5, 6.5, 11.25], "texture": "#1", "cullface": "north"}
			}
		},
		{
			"from": [7.25, 7, -2.5],
			"to": [8.75, 8, 10.5],
			"rotation": {"angle": 0, "axis": "y", "origin": [7, 0, 0]},
			"faces": {
				"north": {"uv": [10.5, 9.5, 11.25, 10], "texture": "#1", "cullface": "north"},
				"east": {"uv": [13, 4, 6.5, 4.5], "texture": "#1"},
				"south": {"uv": [10.5, 10, 11.25, 10.5], "texture": "#1"},
				"west": {"uv": [6.5, 4, 13, 4.5], "texture": "#1"},
				"up": {"uv": [4.75, 8, 4, 1.5], "texture": "#1"},
				"down": {"uv": [5.75, 1.5, 5, 8], "texture": "#1"}
			}
		},
		{
			"from": [7, 6.625, -2.5],
			"to": [9, 7, 7.5],
			"rotation": {"angle": 0, "axis": "y", "origin": [7, 0, 0]},
			"faces": {
				"north": {"uv": [2.5, 11.5, 3.5, 11.75], "texture": "#1", "cullface": "north"},
				"east": {"uv": [13, 2, 8, 2.25], "texture": "#1"},
				"south": {"uv": [11.5, 2.5, 12.5, 2.75], "texture": "#1"},
				"west": {"uv": [8, 2, 13, 2.25], "texture": "#1"},
				"up": {"uv": [4, 6.5, 3, 1.5], "texture": "#1"},
				"down": {"uv": [4, 1.5, 3, 6.5], "texture": "#1"}
			}
		},
		{
			"from": [7.5, 8, -2.5],
			"to": [8.5, 8.5, 14],
			"rotation": {"angle": 0, "axis": "y", "origin": [7, 0, 0]},
			"faces": {
				"north": {"uv": [9.5, 11.5, 10, 11.75], "texture": "#1", "cullface": "north"},
				"east": {"uv": [15.75, 6.5, 7.5, 6.75], "texture": "#1"},
				"west": {"uv": [7.5, 6.5, 15.75, 6.75], "texture": "#1"},
				"down": {"uv": [6.5, 1.5, 6, 9.75], "texture": "#1"}
			}
		},
		{
			"from": [7, 11, -2],
			"to": [9, 11.375, 10],
			"rotation": {"angle": 0, "axis": "y", "origin": [7, 0, 0]},
			"faces": {
				"east": {"uv": [14, 1.5, 8, 1.75], "texture": "#1"},
				"west": {"uv": [8, 1.5, 14, 1.75], "texture": "#1"},
				"up": {"uv": [3, 7.5, 2, 1.5], "texture": "#1"},
				"down": {"uv": [3, 1.5, 2, 7.5], "texture": "#1"}
			}
		},
		{
			"from": [7.5, 6.5, 12.5],
			"to": [8.5, 8, 14],
			"rotation": {"angle": 0, "axis": "y", "origin": [7, 0, 0]},
			"faces": {
				"north": {"uv": [10.5, 10.5, 11, 11.25], "texture": "#1"},
				"east": {"uv": [1.75, 10, 1, 10.75], "texture": "#1"},
				"south": {"uv": [1, 11, 1.5, 11.75], "texture": "#1"},
				"west": {"uv": [1, 10, 1.75, 10.75], "texture": "#1"}
			}
		},
		{
			"from": [7.5025, 4.25, 12.81066],
			"to": [8.4975, 7.25, 14.31066],
			"rotation": {"angle": -45, "axis": "x", "origin": [8, 6.5, 13.56066]},
			"faces": {
				"north": {"uv": [9.5, 7, 10, 8.5], "texture": "#1"},
				"east": {"uv": [9.25, 0, 8.5, 1.5], "texture": "#1"},
				"south": {"uv": [7.5, 9.5, 8, 11], "texture": "#1"},
				"west": {"uv": [8.5, 0, 9.25, 1.5], "texture": "#1"},
				"down": {"uv": [2, 11, 1.5, 11.75], "texture": "#1"}
			}
		},
		{
			"from": [7.5, 4.25, 12.31066],
			"to": [8.5, 4.75, 12.81066],
			"rotation": {"angle": -45, "axis": "x", "origin": [8, 6.5, 13.56066]},
			"faces": {
				"north": {"uv": [11.5, 9.5, 12, 9.75], "texture": "#1"},
				"east": {"uv": [12, 5.5, 12.25, 5.75], "texture": "#1"},
				"west": {"uv": [12, 5.5, 12.25, 5.75], "texture": "#1"},
				"up": {"uv": [10.5, 11.75, 10, 11.5], "texture": "#1"},
				"down": {"uv": [12, 10, 11.5, 10.25], "texture": "#1"}
			}
		},
		{
			"from": [7, 10.8125, 10],
			"to": [9, 11.8125, 12],
			"rotation": {"angle": 0, "axis": "y", "origin": [7, 0, -3]},
			"faces": {
				"north": {"uv": [9.5, 6, 10.5, 6.5], "texture": "#1"},
				"east": {"uv": [11.5, 2.5, 10.5, 3], "texture": "#1"},
				"south": {"uv": [10.5, 1, 11.5, 1.5], "texture": "#1"},
				"west": {"uv": [10.5, 2.5, 11.5, 3], "texture": "#1"},
				"up": {"uv": [9, 4, 8, 3], "texture": "#1"},
				"down": {"uv": [9.5, 7, 8.5, 8], "texture": "#1"}
			}
		},
		{
			"from": [7, 10.8125, -4.0025],
			"to": [9, 11.8125, -2],
			"rotation": {"angle": 0, "axis": "y", "origin": [7, 0, -2]},
			"faces": {
				"north": {"uv": [10.5, 6, 11.5, 6.5], "texture": "#1", "cullface": "north"},
				"east": {"uv": [10.5, 10.5, 9.5, 11], "texture": "#1", "cullface": "north"},
				"south": {"uv": [10.5, 9, 11.5, 9.5], "texture": "#1", "cullface": "north"},
				"west": {"uv": [9.5, 10.5, 10.5, 11], "texture": "#1", "cullface": "north"},
				"up": {"uv": [9.5, 9, 8.5, 8], "texture": "#1", "cullface": "north"},
				"down": {"uv": [10, 3, 9, 4], "texture": "#1", "cullface": "north"}
			}
		},
		{
			"from": [7.5, 11.8125, 10.5],
			"to": [8.5, 12.3125, 11.5],
			"rotation": {"angle": 0, "axis": "y", "origin": [7, -0.25, -0.5]},
			"faces": {
				"north": {"uv": [10.5, 11.5, 11, 11.75], "texture": "#1"},
				"south": {"uv": [11, 11.5, 11.5, 11.75], "texture": "#1"},
				"up": {"uv": [12, 3.5, 11.5, 3], "texture": "#1"}
			}
		},
		{
			"from": [7.5, 12.3125, 11],
			"to": [8.5, 13.3125, 11],
			"rotation": {"angle": 0, "axis": "y", "origin": [7, -0.125, -0.5]},
			"faces": {
				"north": {"uv": [13.75, 3, 12.75, 4], "texture": "#1"},
				"south": {"uv": [12.75, 3, 13.75, 4], "texture": "#1"}
			}
		},
		{
			"from": [7, 12.3125, 10.5],
			"to": [7.5, 13.3125, 11.5],
			"rotation": {"angle": 0, "axis": "y", "origin": [7, -0.25, -0.5]},
			"faces": {
				"north": {"uv": [11.5, 11.5, 11.75, 12], "texture": "#1"},
				"east": {"uv": [4.5, 11.5, 4, 12], "texture": "#1"},
				"south": {"uv": [1, 12, 1.25, 12.5], "texture": "#1"},
				"west": {"uv": [4, 11.5, 4.5, 12], "texture": "#1"},
				"up": {"uv": [1.75, 12.5, 1.5, 12], "texture": "#1"}
			}
		},
		{
			"from": [7.5, 9.5, 14.875],
			"to": [8.5, 10.495, 19.875],
			"rotation": {"angle": 0, "axis": "y", "origin": [7, 0, 0]},
			"faces": {
				"east": {"uv": [10.5, 2.5, 8, 3], "texture": "#1"},
				"west": {"uv": [8, 2.5, 10.5, 3], "texture": "#1"},
				"up": {"uv": [4.5, 10.5, 4, 8], "texture": "#1"}
			}
		},
		{
			"from": [7.5025, 6.98744, 17.07322],
			"to": [8.4975, 8.48744, 19.57322],
			"rotation": {"angle": 45, "axis": "x", "origin": [8, 7.73744, 18.57322]},
			"faces": {
				"east": {"uv": [10.75, 4.5, 9.5, 5.25], "texture": "#1", "cullface": "south"},
				"west": {"uv": [9.5, 4.5, 10.75, 5.25], "texture": "#1", "cullface": "south"},
				"down": {"uv": [1, 10, 0.5, 11.25], "texture": "#1", "cullface": "south"}
			}
		},
		{
			"from": [7.5025, 8.13373, 20.57769],
			"to": [8.4975, 9.63373, 21.07769],
			"rotation": {"angle": 22.5, "axis": "x", "origin": [8, 9.13373, 20.82769]},
			"faces": {
				"east": {"uv": [11.5, 7, 11.75, 7.75], "texture": "#1", "cullface": "south"},
				"south": {"uv": [2, 11, 2.5, 11.75], "texture": "#1", "cullface": "south"},
				"west": {"uv": [11.5, 7, 11.75, 7.75], "texture": "#1", "cullface": "south"}
			}
		},
		{
			"from": [7.2525, 7.80918, 21.83432],
			"to": [8.7475, 9.30918, 22.33432],
			"rotation": {"angle": 22.5, "axis": "x", "origin": [8, 9.05918, 22.08432]},
			"faces": {
				"north": {"uv": [2, 10, 2.75, 10.75], "texture": "#1", "cullface": "south"},
				"east": {"uv": [11.5, 8, 11.75, 8.75], "texture": "#1", "cullface": "south"},
				"west": {"uv": [11.5, 8, 11.75, 8.75], "texture": "#1", "cullface": "south"}
			}
		},
		{
			"from": [7.5025, 5.78033, 19.07322],
			"to": [8.4975, 6.78033, 20.57322],
			"rotation": {"angle": 45, "axis": "x", "origin": [8, 6.03033, 20.07322]},
			"faces": {
				"east": {"uv": [3.25, 11, 2.5, 11.5], "texture": "#1", "cullface": "south"},
				"west": {"uv": [2.5, 11, 3.25, 11.5], "texture": "#1", "cullface": "south"},
				"down": {"uv": [11.5, 3, 11, 3.75], "texture": "#1", "cullface": "south"}
			}
		},
		{
			"from": [7.5, 5.5, 20.25],
			"to": [8.5, 6.5, 20.75],
			"rotation": {"angle": 0, "axis": "y", "origin": [7, 0, 0]},
			"faces": {
				"east": {"uv": [2, 12, 2.25, 12.5], "texture": "#1", "cullface": "south"},
				"south": {"uv": [4.5, 11.5, 5, 12], "texture": "#1", "cullface": "south"},
				"west": {"uv": [2, 12, 2.25, 12.5], "texture": "#1", "cullface": "south"},
				"down": {"uv": [3, 12, 2.5, 12.25], "texture": "#1", "cullface": "south"}
			}
		},
		{
			"from": [7.25, 5.5, 21.375],
			"to": [8.75, 8, 21.875],
			"rotation": {"angle": 0, "axis": "y", "origin": [7, 0, 0]},
			"faces": {
				"north": {"uv": [3, 9.5, 3.75, 10.75], "texture": "#1", "cullface": "south"},
				"east": {"uv": [7.5, 11, 7.75, 12.25], "texture": "#1", "cullface": "south"},
				"west": {"uv": [7.5, 11, 7.75, 12.25], "texture": "#1", "cullface": "south"},
				"up": {"uv": [9.25, 12, 8.5, 12.25], "texture": "#1", "cullface": "south"},
				"down": {"uv": [9.25, 11.5, 8.5, 11.75], "texture": "#1", "cullface": "south"}
			}
		},
		{
			"from": [7.25, 5.5, 21.875],
			"to": [8.75, 10.5, 22.875],
			"rotation": {"angle": 0, "axis": "y", "origin": [7, 0, 0]},
			"faces": {
				"north": {"uv": [2, 7.5, 2.75, 10], "texture": "#1", "cullface": "south"},
				"east": {"uv": [5, 8, 4.5, 10.5], "texture": "#1", "cullface": "south"},
				"south": {"uv": [7.5, 7, 8.25, 9.5], "texture": "#1", "cullface": "south"},
				"west": {"uv": [4.5, 8, 5, 10.5], "texture": "#1", "cullface": "south"},
				"up": {"uv": [11.75, 5, 11, 4.5], "texture": "#1", "cullface": "south"},
				"down": {"uv": [11.75, 5, 11, 5.5], "texture": "#1", "cullface": "south"}
			}
		},
		{
			"from": [7.5, 9.5, 20.75],
			"to": [8.5, 10.5, 21.25],
			"rotation": {"angle": 0, "axis": "y", "origin": [7, 0, 0]},
			"faces": {
				"east": {"uv": [3, 12, 3.25, 12.5], "texture": "#1", "cullface": "south"},
				"south": {"uv": [5, 11.5, 5.5, 12], "texture": "#1", "cullface": "south"},
				"west": {"uv": [3, 12, 3.25, 12.5], "texture": "#1", "cullface": "south"},
				"up": {"uv": [12.5, 3.25, 12, 3], "texture": "#1", "cullface": "south"}
			}
		},
		{
			"from": [7.5, 8, 19.75],
			"to": [8.5, 9.5, 20.75],
			"rotation": {"angle": 0, "axis": "y", "origin": [7, 0, 0]},
			"faces": {
				"east": {"uv": [6.5, 11, 6, 11.75], "texture": "#1", "cullface": "south"},
				"south": {"uv": [3.5, 11, 4, 11.75], "texture": "#1", "cullface": "south"},
				"west": {"uv": [6, 11, 6.5, 11.75], "texture": "#1", "cullface": "south"}
			}
		},
		{
			"from": [7.75, 8, 20.6875],
			"to": [8.25, 8.5, 21.6875],
			"rotation": {"angle": 45, "axis": "z", "origin": [8, 8.25, 21.1875]},
			"faces": {
				"east": {"uv": [12.25, 4, 12, 3.5], "texture": "#1", "cullface": "south"},
				"west": {"uv": [3.5, 12, 4, 12.25], "texture": "#1", "cullface": "south"},
				"up": {"uv": [12.25, 4, 12, 3.5], "rotation": 90, "texture": "#1", "cullface": "south"},
				"down": {"uv": [3.5, 12, 4, 12.25], "rotation": 90, "texture": "#1", "cullface": "south"}
			}
		},
		{
			"from": [7.75, 6.5625, 20.75],
			"to": [8.25, 7.0625, 21.375],
			"rotation": {"angle": 45, "axis": "z", "origin": [8, 6.8125, 21.0625]},
			"faces": {
				"east": {"uv": [12.25, 6.25, 12, 6], "texture": "#1", "cullface": "south"},
				"west": {"uv": [6, 12, 6.25, 12.25], "texture": "#1", "cullface": "south"},
				"up": {"uv": [12.25, 6.25, 12, 6], "texture": "#1", "cullface": "south"},
				"down": {"uv": [6, 12, 6.25, 12.25], "texture": "#1", "cullface": "south"}
			}
		},
		{
			"from": [7.5, 6.5, 18.75],
			"to": [8.5, 8, 20.75],
			"rotation": {"angle": 0, "axis": "y", "origin": [7, 0, 0]},
			"faces": {
				"east": {"uv": [10.5, 9.5, 9.5, 10.25], "texture": "#1", "cullface": "south"},
				"south": {"uv": [7, 11, 7.5, 11.75], "texture": "#1", "cullface": "south"},
				"west": {"uv": [9.5, 9.5, 10.5, 10.25], "texture": "#1", "cullface": "south"},
				"down": {"uv": [6.5, 10, 6, 11], "texture": "#1", "cullface": "south"}
			}
		},
		{
			"from": [7.25, 8, 14],
			"to": [8.75, 9.5, 19.75],
			"rotation": {"angle": 0, "axis": "y", "origin": [7, 0, 0]},
			"faces": {
				"north": {"uv": [10, 3, 10.75, 3.75], "texture": "#1"},
				"east": {"uv": [9.5, 5.5, 6.5, 6.25], "texture": "#1"},
				"south": {"uv": [10, 7, 10.75, 7.75], "texture": "#1", "cullface": "south"},
				"west": {"uv": [6.5, 5.5, 9.5, 6.25], "texture": "#1"},
				"up": {"uv": [3.75, 9.5, 3, 6.5], "texture": "#1", "cullface": "south"},
				"down": {"uv": [7.25, 6.5, 6.5, 9.5], "texture": "#1"}
			}
		},
		{
			"from": [7.2525, 8.79289, 14.5],
			"to": [8.7475, 10.29289, 15.5],
			"rotation": {"angle": -45, "axis": "x", "origin": [8, 9.79289, 15]},
			"faces": {
				"east": {"uv": [11.5, 7, 11, 7.75], "texture": "#1"},
				"south": {"uv": [10.5, 0, 11.25, 0.75], "texture": "#1"},
				"west": {"uv": [11, 7, 11.5, 7.75], "texture": "#1"}
			}
		},
		{
			"from": [7.2525, 9, 19.04289],
			"to": [8.7475, 10.40625, 20.54289],
			"rotation": {"angle": -45, "axis": "x", "origin": [8, 9.5, 20.04289]},
			"faces": {
				"east": {"uv": [4.75, 10.5, 4, 11.25], "texture": "#1", "cullface": "south"},
				"west": {"uv": [4, 10.5, 4.75, 11.25], "texture": "#1", "cullface": "south"},
				"up": {"uv": [5.75, 11.25, 5, 10.5], "texture": "#1", "cullface": "south"},
				"down": {"uv": [11.25, 8, 10.5, 8.75], "texture": "#1", "cullface": "south"}
			}
		},
		{
			"from": [7.25, 9.5, 19.75],
			"to": [8.75, 10.5, 20.75],
			"rotation": {"angle": 0, "axis": "y", "origin": [7, 0, 0]},
			"faces": {
				"north": {"uv": [9.5, 11, 10.25, 11.5], "texture": "#1", "cullface": "south"},
				"east": {"uv": [6, 11.5, 5.5, 12], "texture": "#1", "cullface": "south"},
				"south": {"uv": [11, 10.5, 11.75, 11], "texture": "#1", "cullface": "south"},
				"west": {"uv": [5.5, 11.5, 6, 12], "texture": "#1", "cullface": "south"},
				"up": {"uv": [11.75, 11.5, 11, 11], "texture": "#1", "cullface": "south"}
			}
		},
		{
			"from": [7.5, 11.8125, -3.5],
			"to": [8.5, 12.3125, -2.5],
			"rotation": {"angle": 0, "axis": "y", "origin": [7, 0, 3]},
			"faces": {
				"north": {"uv": [4, 12, 4.5, 12.25], "texture": "#1", "cullface": "north"},
				"east": {"uv": [12.5, 4.5, 12, 4.75], "texture": "#1", "cullface": "north"},
				"south": {"uv": [4.5, 12, 5, 12.25], "texture": "#1", "cullface": "north"},
				"west": {"uv": [12, 4.5, 12.5, 4.75], "texture": "#1", "cullface": "north"},
				"up": {"uv": [12, 6, 11.5, 5.5], "texture": "#1", "cullface": "north"}
			}
		},
		{
			"from": [7.9375, 12.3125, -2.875],
			"to": [8.0625, 12.8125, -2.875],
			"rotation": {"angle": 0, "axis": "y", "origin": [7, 0, 3]},
			"faces": {
				"north": {"uv": [6.5, 12, 6.75, 12.25], "texture": "#1", "cullface": "north"},
				"south": {"uv": [6.5, 12, 6.75, 12.25], "texture": "#1", "cullface": "north"}
			}
		},
		{
			"from": [7.5, 12.3125, -3],
			"to": [7.5, 13.3125, -2.5],
			"rotation": {"angle": 0, "axis": "y", "origin": [8, 12.0625, -2.125]},
			"faces": {
				"east": {"uv": [5, 12, 5.25, 12.5], "texture": "#1", "cullface": "north"},
				"west": {"uv": [5, 12, 5.25, 12.5], "texture": "#1", "cullface": "north"}
			}
		},
		{
			"from": [7.25, 9.5, 14],
			"to": [8.75, 10.5, 15],
			"rotation": {"angle": 0, "axis": "y", "origin": [7, 0, 0]},
			"faces": {
				"east": {"uv": [12, 6, 11.5, 6.5], "texture": "#1"},
				"west": {"uv": [11.5, 6, 12, 6.5], "texture": "#1"},
				"up": {"uv": [12.25, 0.5, 11.5, 0], "texture": "#1"}
			}
		},
		{
			"from": [7.28033, 11.63572, 10.5],
			"to": [7.78033, 12.63572, 11.5],
			"rotation": {"angle": 45, "axis": "z", "origin": [7.53033, 12.13572, 10.5]},
			"faces": {
				"north": {"uv": [12, 5, 12.25, 5.5], "texture": "#1"},
				"east": {"uv": [7, 11.5, 6.5, 12], "texture": "#1"},
				"south": {"uv": [5.5, 12, 5.75, 12.5], "texture": "#1"},
				"west": {"uv": [6.5, 11.5, 7, 12], "texture": "#1"}
			}
		},
		{
			"from": [9.25, 8.75, -2],
			"to": [9.625, 10.75, 3.5],
			"rotation": {"angle": 0, "axis": "y", "origin": [9, 0, 1]},
			"faces": {
				"north": {"uv": [0.75, 11.5, 0.5, 12.5], "texture": "#1"},
				"east": {"uv": [9.25, 4.5, 6.5, 5.5], "texture": "#1"},
				"south": {"uv": [0.75, 11.5, 0.5, 12.5], "texture": "#1"},
				"west": {"uv": [6.5, 4.5, 9.25, 5.5], "texture": "#1"},
				"up": {"uv": [8, 12.25, 8.25, 9.5], "texture": "#1"},
				"down": {"uv": [8, 9.5, 8.25, 12.25], "texture": "#1"}
			}
		},
		{
			"from": [8.75, 9.25, -2],
			"to": [9.25, 10.25, 3.5],
			"rotation": {"angle": 0, "axis": "y", "origin": [9, 0, 1]},
			"faces": {
				"north": {"uv": [11.75, 9, 11.5, 9.5], "texture": "#1"},
				"south": {"uv": [11.75, 9, 11.5, 9.5], "texture": "#1"},
				"up": {"uv": [0, 12.75, 0.25, 10], "texture": "#1"}
			}
		},
		{
			"from": [8.5, 12.3125, -3],
			"to": [8.5, 13.3125, -2.5],
			"rotation": {"angle": 0, "axis": "y", "origin": [8, 12.0625, -2.125]},
			"faces": {
				"east": {"uv": [5.25, 12, 5, 12.5], "texture": "#1", "cullface": "north"},
				"west": {"uv": [5.25, 12, 5, 12.5], "texture": "#1", "cullface": "north"}
			}
		},
		{
			"from": [8.5, 12.3125, 10.5],
			"to": [9, 13.3125, 11.5],
			"rotation": {"angle": 0, "axis": "y", "origin": [9, -0.25, -0.5]},
			"faces": {
				"north": {"uv": [11.75, 11.5, 11.5, 12], "texture": "#1"},
				"east": {"uv": [4.5, 11.5, 4, 12], "texture": "#1"},
				"south": {"uv": [1.25, 12, 1, 12.5], "texture": "#1"},
				"west": {"uv": [4, 11.5, 4.5, 12], "texture": "#1"},
				"up": {"uv": [1.5, 12.5, 1.75, 12], "texture": "#1"}
			}
		},
		{
			"from": [8.21967, 11.63572, 10.5],
			"to": [8.71967, 12.63572, 11.5],
			"rotation": {"angle": -45, "axis": "z", "origin": [8.46967, 12.13572, 10.5]},
			"faces": {
				"north": {"uv": [12.25, 5, 12, 5.5], "texture": "#1"},
				"east": {"uv": [7, 11.5, 6.5, 12], "texture": "#1"},
				"south": {"uv": [5.75, 12, 5.5, 12.5], "texture": "#1"},
				"west": {"uv": [6.5, 11.5, 7, 12], "texture": "#1"}
			}
		},
		{
			"from": [7.25, 10, -4],
			"to": [8.75, 11, -2.5],
			"rotation": {"angle": 0, "axis": "y", "origin": [7, 0, 1]},
			"faces": {
				"north": {"uv": [11.5, 0.5, 12.25, 1], "texture": "#1", "cullface": "north"},
				"east": {"uv": [12.25, 1, 11.5, 1.5], "texture": "#1", "cullface": "north"},
				"west": {"uv": [11.5, 1, 12.25, 1.5], "texture": "#1", "cullface": "north"},
				"down": {"uv": [9.25, 10.5, 8.5, 11.25], "texture": "#1", "cullface": "north"}
			}
		}
	],
	"gui_light": "front",
	"display": {
		"thirdperson_righthand": {
			"translation": [-0.75, 0, -3.25],
			"scale": [0.8, 0.8, 0.8]
		},
		"thirdperson_lefthand": {
			"translation": [-0.75, 0, -3.25],
			"scale": [0.8, 0.8, 0.8]
		},
		"firstperson_righthand": {
			"rotation": [0, 0, 7.5],
			"translation": [-2.75, 2.5, -2.5]
		},
		"firstperson_lefthand": {
			"rotation": [0, 0, 7.5],
			"translation": [-2.75, 2.5, -2.5]
		},
		"ground": {
			"scale": [0.55, 0.55, 0.55]
		},
		"gui": {
			"rotation": [90, -47.5, 90],
			"translation": [0.75, 0.25, 0],
			"scale": [0.69, 0.69, 0.69]
		},
		"fixed": {
			"rotation": [0, 90, 0]
		}
	},
	"groups": [
		{
			"name": "group",
			"origin": [7, 0, 0],
			"color": 0,
			"nbt": "{}",
			"children": [0, 1, 2, 3, 4, 5, 6, 7, 8, 9, 10, 11, 12, 13, 14, 15, 16, 17, 18, 19, 20, 21, 22, 23, 24, 25, 26, 27, 28, 29, 30, 31, 32, 33, 34, 35, 36, 37, 38, 39, 40, 41, 42, 43, 44]
		}
	]
}