{"textures":{"2":"modelengine:entity/fdefender_soulfirextension1_loop","4":"modelengine:entity/soulfire_svorden"},"elements":[{"from":[8.0,6.1666665,-12.888889],"to":[8.0,9.833333,17.11111],"faces":{"east":{"uv":[1.5,1.25,2.875,12.5],"tintindex":0,"rotation":90,"texture":"#2"},"west":{"uv":[1.5,12.5,2.875,1.25],"tintindex":0,"rotation":90,"texture":"#2"}}},{"from":[8.0,4.833333,4.777777],"to":[8.0,6.833333,17.11111],"faces":{"east":{"uv":[3.5,0.0,2.0,9.25],"tintindex":0,"rotation":90,"texture":"#4"},"west":{"uv":[3.5,9.25,2.0,0.0],"tintindex":0,"rotation":90,"texture":"#4"}}},{"from":[8.0,9.166667,4.777777],"to":[8.0,11.166667,17.11111],"faces":{"east":{"uv":[2.0,0.0,3.5,9.25],"tintindex":0,"rotation":90,"texture":"#4"},"west":{"uv":[2.0,9.25,3.5,0.0],"tintindex":0,"rotation":90,"texture":"#4"}}}],"display":{"gui":{"rotation":[30,225,0]}}}