{"textures":{"0":"modelengine:entity/boneshadingdefender","8":"modelengine:entity/fallendefender"},"elements":[{"from":[5.8999996,5.125,6.0],"to":[7.8999996,6.7250004,10.0],"faces":{"east":{"uv":[6.0,4.9375,6.25,5.0625],"tintindex":0,"rotation":0,"texture":"#8"},"south":{"uv":[6.9375,7.6875,7.0625,7.8125],"tintindex":0,"rotation":0,"texture":"#8"},"north":{"uv":[6.75,7.6875,6.875,7.8125],"tintindex":0,"rotation":0,"texture":"#8"},"west":{"uv":[6.0,5.5,6.25,5.625],"tintindex":0,"rotation":0,"texture":"#8"},"up":{"uv":[5.75,6.25,5.625,6.0],"tintindex":0,"rotation":0,"texture":"#8"},"down":{"uv":[5.9375,6.0,5.8125,6.25],"tintindex":0,"rotation":0,"texture":"#8"}}},{"from":[5.8999996,6.875,6.0],"to":[7.8999996,8.475,10.0],"faces":{"east":{"uv":[6.0,1.5,6.25,1.625],"tintindex":0,"rotation":0,"texture":"#8"},"south":{"uv":[5.9375,7.6875,6.0625,7.8125],"tintindex":0,"rotation":0,"texture":"#8"},"north":{"uv":[5.1875,7.6875,5.3125,7.8125],"tintindex":0,"rotation":0,"texture":"#8"},"west":{"uv":[1.6875,6.0,1.9375,6.125],"tintindex":0,"rotation":0,"texture":"#8"},"up":{"uv":[0.4375,6.25,0.3125,6.0],"tintindex":0,"rotation":0,"texture":"#8"},"down":{"uv":[2.375,6.0,2.25,6.25],"tintindex":0,"rotation":0,"texture":"#8"}}},{"from":[8.1,3.375,6.0],"to":[10.1,4.9750004,10.0],"faces":{"east":{"uv":[6.0,6.0,6.25,6.125],"tintindex":0,"rotation":0,"texture":"#8"},"south":{"uv":[7.3125,7.6875,7.4375,7.8125],"tintindex":0,"rotation":0,"texture":"#8"},"north":{"uv":[7.125,7.6875,7.25,7.8125],"tintindex":0,"rotation":0,"texture":"#8"},"west":{"uv":[6.0625,0.1875,6.3125,0.3125],"tintindex":0,"rotation":0,"texture":"#8"},"up":{"uv":[0.625,6.3125,0.5,6.0625],"tintindex":0,"rotation":0,"texture":"#8"},"down":{"uv":[6.1875,0.9375,6.0625,1.1875],"tintindex":0,"rotation":0,"texture":"#8"}}},{"from":[5.8999996,3.375,6.0],"to":[7.8999996,4.9750004,10.0],"faces":{"east":{"uv":[6.0625,2.25,6.3125,2.375],"tintindex":0,"rotation":0,"texture":"#8"},"south":{"uv":[0.0,7.75,0.125,7.875],"tintindex":0,"rotation":0,"texture":"#8"},"north":{"uv":[7.6875,7.3125,7.8125,7.4375],"tintindex":0,"rotation":0,"texture":"#8"},"west":{"uv":[2.4375,6.0625,2.6875,6.1875],"tintindex":0,"rotation":0,"texture":"#8"},"up":{"uv":[2.875,6.3125,2.75,6.0625],"tintindex":0,"rotation":0,"texture":"#8"},"down":{"uv":[6.1875,3.625,6.0625,3.875],"tintindex":0,"rotation":0,"texture":"#8"}}},{"from":[6.15,2.8,6.3],"to":[9.55,9.2,9.7],"faces":{"east":{"uv":[5.496,6.5,0.504,11.996],"tintindex":0,"rotation":0,"texture":"#0"},"south":{"uv":[5.496,6.5,0.504,11.996],"tintindex":0,"rotation":0,"texture":"#0"},"north":{"uv":[5.496,3.0,0.504,11.996],"tintindex":0,"rotation":0,"texture":"#0"},"west":{"uv":[5.496,6.5,0.504,11.996],"tintindex":0,"rotation":0,"texture":"#0"},"up":{"uv":[5.496,7.0,0.504,11.996],"tintindex":0,"rotation":0,"texture":"#0"},"down":{"uv":[5.496,7.0,0.504,11.996],"tintindex":0,"rotation":0,"texture":"#0"}}},{"from":[8.1,5.125,6.0],"to":[10.1,6.7250004,10.0],"faces":{"east":{"uv":[6.0,3.25,6.25,3.375],"tintindex":0,"rotation":0,"texture":"#8"},"south":{"uv":[7.6875,6.1875,7.8125,6.3125],"tintindex":0,"rotation":0,"texture":"#8"},"north":{"uv":[7.6875,6.0,7.8125,6.125],"tintindex":0,"rotation":0,"texture":"#8"},"west":{"uv":[6.0,3.4375,6.25,3.5625],"tintindex":0,"rotation":0,"texture":"#8"},"up":{"uv":[6.125,4.875,6.0,4.625],"tintindex":0,"rotation":0,"texture":"#8"},"down":{"uv":[5.375,6.0,5.25,6.25],"tintindex":0,"rotation":0,"texture":"#8"}}},{"from":[8.1,6.875,6.0],"to":[10.1,8.475,10.0],"faces":{"east":{"uv":[6.0,0.5,6.25,0.625],"tintindex":0,"rotation":0,"texture":"#8"},"south":{"uv":[5.0,7.6875,5.125,7.8125],"tintindex":0,"rotation":0,"texture":"#8"},"north":{"uv":[4.4375,7.6875,4.5625,7.8125],"tintindex":0,"rotation":0,"texture":"#8"},"west":{"uv":[0.75,6.0,1.0,6.125],"tintindex":0,"rotation":0,"texture":"#8"},"up":{"uv":[4.1875,6.1875,4.0625,5.9375],"tintindex":0,"rotation":0,"texture":"#8"},"down":{"uv":[4.8125,5.9375,4.6875,6.1875],"tintindex":0,"rotation":0,"texture":"#8"}}},{"from":[6.14,8.927501,6.14],"to":[9.86,9.6475,9.86],"faces":{"east":{"uv":[7.125,1.875,7.375,1.9375],"tintindex":0,"rotation":0,"texture":"#8"},"south":{"uv":[7.125,2.25,7.375,2.3125],"tintindex":0,"rotation":0,"texture":"#8"},"north":{"uv":[7.0625,6.4375,7.3125,6.5],"tintindex":0,"rotation":0,"texture":"#8"},"west":{"uv":[7.125,3.0,7.375,3.0625],"tintindex":0,"rotation":0,"texture":"#8"},"up":{"uv":[0.625,3.8125,0.375,3.5625],"tintindex":0,"rotation":0,"texture":"#8"},"down":{"uv":[3.8125,3.125,3.5625,3.375],"tintindex":0,"rotation":0,"texture":"#8"}}}],"display":{"gui":{"rotation":[30,225,0]}}}