{"textures":{"11":"modelengine:entity/shieldfield1_loop","13":"modelengine:entity/shieldkrystel_fdf","8":"modelengine:entity/fallendefender"},"elements":[{"from":[5.017606,6.340028,1.9521327],"to":[5.522606,7.845028,2.9571328],"faces":{"east":{"uv":[6.625,1.5,6.75,1.6875],"tintindex":0,"rotation":0,"texture":"#8"},"south":{"uv":[2.3125,8.1875,2.375,8.375],"tintindex":0,"rotation":0,"texture":"#8"},"north":{"uv":[2.1875,8.1875,2.25,8.375],"tintindex":0,"rotation":0,"texture":"#8"},"west":{"uv":[2.1875,6.625,2.3125,6.8125],"tintindex":0,"rotation":0,"texture":"#8"},"up":{"uv":[3.875,8.8125,3.8125,8.6875],"tintindex":0,"rotation":0,"texture":"#8"},"down":{"uv":[4.0,8.6875,3.9375,8.8125],"tintindex":0,"rotation":0,"texture":"#8"}}},{"from":[5.148606,6.5035,2.2008066],"to":[5.391606,9.4965,4.6938066],"faces":{"east":{"uv":[0.0,2.9375,0.3125,3.3125],"tintindex":0,"rotation":0,"texture":"#8"},"south":{"uv":[5.1875,6.625,5.25,7.0],"tintindex":0,"rotation":0,"texture":"#8"},"north":{"uv":[3.75,6.5625,3.78125,6.9375],"tintindex":0,"rotation":0,"texture":"#8"},"west":{"uv":[2.5625,2.9375,2.875,3.3125],"tintindex":0,"rotation":0,"texture":"#8"},"up":{"uv":[4.1875,7.125,4.125,6.8125],"tintindex":0,"rotation":0,"texture":"#8"},"down":{"uv":[4.6875,6.8125,4.625,7.125],"tintindex":0,"rotation":0,"texture":"#8"}}},{"from":[5.022606,8.616154,5.0244093],"to":[5.517606,9.111153,6.019409],"faces":{"east":{"uv":[8.6875,6.875,8.8125,6.9375],"tintindex":0,"rotation":0,"texture":"#8"},"south":{"uv":[7.25,9.25,7.3125,9.3125],"tintindex":0,"rotation":0,"texture":"#8"},"north":{"uv":[9.25,7.125,9.3125,7.1875],"tintindex":0,"rotation":0,"texture":"#8"},"west":{"uv":[8.75,0.125,8.875,0.1875],"tintindex":0,"rotation":0,"texture":"#8"},"up":{"uv":[8.8125,0.9375,8.75,0.8125],"tintindex":0,"rotation":0,"texture":"#8"},"down":{"uv":[8.8125,1.0,8.75,1.125],"tintindex":0,"rotation":0,"texture":"#8"}},"rotation":{"origin":[5.6361246,8.0,6.8224697],"angle":45.0,"axis":"x"}},{"from":[4.1102886,11.073958,5.1903067],"to":[4.6102886,12.573958,6.6903067],"faces":{"east":{"uv":[0.625,5.1875,0.8125,5.375],"tintindex":0,"rotation":0,"texture":"#8"},"south":{"uv":[5.0,8.3125,5.0625,8.5],"tintindex":0,"rotation":0,"texture":"#8"},"north":{"uv":[8.3125,4.6875,8.375,4.875],"tintindex":0,"rotation":0,"texture":"#8"},"west":{"uv":[1.3125,5.1875,1.5,5.375],"tintindex":0,"rotation":0,"texture":"#8"},"up":{"uv":[5.1875,8.5,5.125,8.3125],"tintindex":0,"rotation":0,"texture":"#8"},"down":{"uv":[5.3125,8.3125,5.25,8.5],"tintindex":0,"rotation":0,"texture":"#8"}},"rotation":{"origin":[5.6361246,8.0,6.8224697],"angle":-22.5,"axis":"z"}},{"from":[4.597481,4.265287,6.7840567],"to":[5.037109,4.8228974,7.7840567],"faces":{"east":{"uv":[3.9375,8.875,4.0625,8.9375],"tintindex":0,"rotation":0,"texture":"#8"},"south":{"uv":[9.375,4.5625,9.4375,4.625],"tintindex":0,"rotation":0,"texture":"#8"},"north":{"uv":[9.375,4.4375,9.429954,4.507201],"tintindex":0,"rotation":0,"texture":"#8"},"west":{"uv":[8.875,4.0,9.0,4.0625],"tintindex":0,"rotation":0,"texture":"#8"},"up":{"uv":[8.9375,4.25,8.875,4.125],"tintindex":0,"rotation":0,"texture":"#8"},"down":{"uv":[4.375,8.875,4.3125,9.0],"tintindex":0,"rotation":0,"texture":"#8"}},"rotation":{"origin":[5.6361246,8.0,6.8224697],"angle":22.5,"axis":"z"}},{"from":[5.020106,7.5,5.1903067],"to":[5.520106,8.5,6.1903067],"faces":{"east":{"uv":[7.375,2.0,7.5,2.125],"tintindex":0,"rotation":0,"texture":"#8"},"south":{"uv":[5.0625,8.6875,5.125,8.8125],"tintindex":0,"rotation":0,"texture":"#8"},"north":{"uv":[4.9375,8.6875,5.0,8.8125],"tintindex":0,"rotation":0,"texture":"#8"},"west":{"uv":[7.375,2.375,7.5,2.5],"tintindex":0,"rotation":0,"texture":"#8"},"up":{"uv":[5.25,8.8125,5.1875,8.6875],"tintindex":0,"rotation":0,"texture":"#8"},"down":{"uv":[5.375,8.6875,5.3125,8.8125],"tintindex":0,"rotation":0,"texture":"#8"}}},{"from":[4.597481,11.177103,6.7840567],"to":[5.037109,11.734714,7.7840567],"faces":{"east":{"uv":[6.5625,8.6875,6.6875,8.75],"tintindex":0,"rotation":0,"texture":"#8"},"south":{"uv":[6.8125,9.25,6.875,9.3125],"tintindex":0,"rotation":0,"texture":"#8"},"north":{"uv":[9.25,6.6875,9.304954,6.757201],"tintindex":0,"rotation":0,"texture":"#8"},"west":{"uv":[6.75,8.6875,6.875,8.75],"tintindex":0,"rotation":0,"texture":"#8"},"up":{"uv":[7.1875,8.8125,7.125,8.6875],"tintindex":0,"rotation":0,"texture":"#8"},"down":{"uv":[7.5,8.6875,7.4375,8.8125],"tintindex":0,"rotation":0,"texture":"#8"}},"rotation":{"origin":[5.6361246,8.0,6.8224697],"angle":-22.5,"axis":"z"}},{"from":[3.3668818,5.2939734,7.9590564],"to":[3.8668818,6.2939734,8.959057],"faces":{"east":{"uv":[0.375,7.375,0.5,7.5],"tintindex":0,"rotation":0,"texture":"#8"},"south":{"uv":[2.0,8.6875,2.0625,8.8125],"tintindex":0,"rotation":0,"texture":"#8"},"north":{"uv":[1.75,8.6875,1.8125,8.8125],"tintindex":0,"rotation":0,"texture":"#8"},"west":{"uv":[0.5625,7.375,0.6875,7.5],"tintindex":0,"rotation":0,"texture":"#8"},"up":{"uv":[2.1875,8.8125,2.125,8.6875],"tintindex":0,"rotation":0,"texture":"#8"},"down":{"uv":[8.75,2.3125,8.6875,2.4375],"tintindex":0,"rotation":0,"texture":"#8"}},"rotation":{"origin":[5.6361246,8.0,6.8224697],"angle":45.0,"axis":"z"}},{"from":[5.022606,9.674,7.860325],"to":[5.517606,10.668999,10.855324],"faces":{"east":{"uv":[4.6875,1.5625,5.0625,1.6875],"tintindex":0,"rotation":0,"texture":"#8"},"south":{"uv":[8.875,3.8125,8.9375,3.9375],"tintindex":0,"rotation":0,"texture":"#8"},"north":{"uv":[3.8125,8.875,3.875,9.0],"tintindex":0,"rotation":0,"texture":"#8"},"west":{"uv":[4.6875,2.625,5.0625,2.75],"tintindex":0,"rotation":0,"texture":"#8"},"up":{"uv":[5.8125,7.0,5.75,6.625],"tintindex":0,"rotation":0,"texture":"#8"},"down":{"uv":[5.9375,6.625,5.875,7.0],"tintindex":0,"rotation":0,"texture":"#8"}},"rotation":{"origin":[5.6361246,8.0,6.8224697],"angle":22.5,"axis":"x"}},{"from":[5.020106,9.0,6.6903067],"to":[5.520106,10.5,11.190307],"faces":{"east":{"uv":[1.3125,3.25,1.875,3.4375],"tintindex":0,"rotation":0,"texture":"#8"},"south":{"uv":[4.375,8.1875,4.4375,8.375],"tintindex":0,"rotation":0,"texture":"#8"},"north":{"uv":[8.1875,4.0,8.25,4.1875],"tintindex":0,"rotation":0,"texture":"#8"},"west":{"uv":[3.25,1.5,3.8125,1.6875],"tintindex":0,"rotation":0,"texture":"#8"},"up":{"uv":[4.6875,5.6875,4.625,5.125],"tintindex":0,"rotation":0,"texture":"#8"},"down":{"uv":[0.1875,5.1875,0.125,5.75],"tintindex":0,"rotation":0,"texture":"#8"}}},{"from":[3.3668818,9.706027,6.7840567],"to":[3.8668818,10.706027,7.7840567],"faces":{"east":{"uv":[5.75,7.375,5.875,7.5],"tintindex":0,"rotation":0,"texture":"#8"},"south":{"uv":[8.6875,7.9375,8.75,8.0625],"tintindex":0,"rotation":0,"texture":"#8"},"north":{"uv":[7.9375,8.6875,8.0,8.8125],"tintindex":0,"rotation":0,"texture":"#8"},"west":{"uv":[7.375,5.8125,7.5,5.9375],"tintindex":0,"rotation":0,"texture":"#8"},"up":{"uv":[8.125,8.8125,8.0625,8.6875],"tintindex":0,"rotation":0,"texture":"#8"},"down":{"uv":[8.375,8.6875,8.3125,8.8125],"tintindex":0,"rotation":0,"texture":"#8"}},"rotation":{"origin":[5.6361246,8.0,6.8224697],"angle":-45.0,"axis":"z"}},{"from":[5.0221057,4.8763576,3.3113165],"to":[5.518106,5.872358,5.8073163],"faces":{"east":{"uv":[4.875,1.1875,5.1875,1.3125],"tintindex":0,"rotation":0,"texture":"#8"},"south":{"uv":[3.6875,8.6875,3.75,8.8125],"tintindex":0,"rotation":0,"texture":"#8"},"north":{"uv":[3.5625,8.6875,3.625,8.8125],"tintindex":0,"rotation":0,"texture":"#8"},"west":{"uv":[4.875,3.125,5.1875,3.25],"tintindex":0,"rotation":0,"texture":"#8"},"up":{"uv":[1.75,7.0625,1.6875,6.75],"tintindex":0,"rotation":0,"texture":"#8"},"down":{"uv":[3.5625,6.75,3.5,7.0625],"tintindex":0,"rotation":0,"texture":"#8"}},"rotation":{"origin":[5.6361246,8.0,6.8224697],"angle":22.5,"axis":"x"}},{"from":[4.63528,4.5563674,3.586557],"to":[5.13028,5.0513673,4.5815563],"faces":{"east":{"uv":[8.6875,1.6875,8.8125,1.75],"tintindex":0,"rotation":0,"texture":"#8"},"south":{"uv":[9.25,6.1875,9.3125,6.25],"tintindex":0,"rotation":0,"texture":"#8"},"north":{"uv":[6.1875,9.25,6.25,9.3125],"tintindex":0,"rotation":0,"texture":"#8"},"west":{"uv":[8.6875,3.4375,8.8125,3.5],"tintindex":0,"rotation":0,"texture":"#8"},"up":{"uv":[4.125,8.8125,4.0625,8.6875],"tintindex":0,"rotation":0,"texture":"#8"},"down":{"uv":[4.375,8.6875,4.3125,8.8125],"tintindex":0,"rotation":0,"texture":"#8"}},"rotation":{"origin":[5.6361246,8.0,6.8224697],"angle":22.5,"axis":"z"}},{"from":[4.1102886,10.073958,4.6903067],"to":[4.6102886,10.573958,6.6903067],"faces":{"east":{"uv":[7.375,0.9375,7.625,1.0],"tintindex":0,"rotation":0,"texture":"#8"},"south":{"uv":[6.6875,9.25,6.75,9.3125],"tintindex":0,"rotation":0,"texture":"#8"},"north":{"uv":[9.25,6.5625,9.3125,6.625],"tintindex":0,"rotation":0,"texture":"#8"},"west":{"uv":[7.375,1.75,7.625,1.8125],"tintindex":0,"rotation":0,"texture":"#8"},"up":{"uv":[4.125,7.625,4.0625,7.375],"tintindex":0,"rotation":0,"texture":"#8"},"down":{"uv":[5.3125,7.375,5.25,7.625],"tintindex":0,"rotation":0,"texture":"#8"}},"rotation":{"origin":[5.6361246,8.0,6.8224697],"angle":-22.5,"axis":"z"}},{"from":[4.1102886,5.426041,4.6903067],"to":[4.6102886,5.926041,6.6903067],"faces":{"east":{"uv":[7.375,0.6875,7.625,0.75],"tintindex":0,"rotation":0,"texture":"#8"},"south":{"uv":[9.25,5.5625,9.3125,5.625],"tintindex":0,"rotation":0,"texture":"#8"},"north":{"uv":[5.5625,9.25,5.625,9.3125],"tintindex":0,"rotation":0,"texture":"#8"},"west":{"uv":[7.375,0.8125,7.625,0.875],"tintindex":0,"rotation":0,"texture":"#8"},"up":{"uv":[1.0,7.5,0.9375,7.25],"tintindex":0,"rotation":0,"texture":"#8"},"down":{"uv":[3.8125,7.3125,3.75,7.5625],"tintindex":0,"rotation":0,"texture":"#8"}},"rotation":{"origin":[5.6361246,8.0,6.8224697],"angle":22.5,"axis":"z"}},{"from":[4.1102886,3.4260416,5.1903067],"to":[4.6102886,4.926041,6.6903067],"faces":{"east":{"uv":[4.375,5.125,4.5625,5.3125],"tintindex":0,"rotation":0,"texture":"#8"},"south":{"uv":[8.125,7.5625,8.1875,7.75],"tintindex":0,"rotation":0,"texture":"#8"},"north":{"uv":[7.0625,8.125,7.125,8.3125],"tintindex":0,"rotation":0,"texture":"#8"},"west":{"uv":[5.0,5.125,5.1875,5.3125],"tintindex":0,"rotation":0,"texture":"#8"},"up":{"uv":[0.9375,8.375,0.875,8.1875],"tintindex":0,"rotation":0,"texture":"#8"},"down":{"uv":[1.9375,8.1875,1.875,8.375],"tintindex":0,"rotation":0,"texture":"#8"}},"rotation":{"origin":[5.6361246,8.0,6.8224697],"angle":22.5,"axis":"z"}},{"from":[5.3701057,7.475,6.165306],"to":[5.920106,8.525,8.715307],"faces":{"east":{"uv":[5.0,4.75,5.3125,4.875],"tintindex":0,"rotation":0,"texture":"#8"},"south":{"uv":[8.9375,2.625,9.0,2.75],"tintindex":0,"rotation":0,"texture":"#8"},"north":{"uv":[8.9375,2.4375,9.0,2.5625],"tintindex":0,"rotation":0,"texture":"#8"},"west":{"uv":[5.0,4.9375,5.3125,5.0625],"tintindex":0,"rotation":0,"texture":"#8"},"up":{"uv":[1.0,7.1875,0.9375,6.875],"tintindex":0,"rotation":0,"texture":"#8"},"down":{"uv":[1.4375,6.875,1.375,7.1875],"tintindex":0,"rotation":0,"texture":"#8"}}},{"from":[5.020106,5.5,4.6903067],"to":[5.520106,6.5,6.6903067],"faces":{"east":{"uv":[5.6875,3.25,5.9375,3.375],"tintindex":0,"rotation":0,"texture":"#8"},"south":{"uv":[8.75,0.625,8.8125,0.75],"tintindex":0,"rotation":0,"texture":"#8"},"north":{"uv":[8.6875,8.5625,8.75,8.6875],"tintindex":0,"rotation":0,"texture":"#8"},"west":{"uv":[4.3125,5.6875,4.5625,5.8125],"tintindex":0,"rotation":0,"texture":"#8"},"up":{"uv":[6.0,7.625,5.9375,7.375],"tintindex":0,"rotation":0,"texture":"#8"},"down":{"uv":[7.4375,6.1875,7.375,6.4375],"tintindex":0,"rotation":0,"texture":"#8"}}},{"from":[5.022606,5.3310013,7.860325],"to":[5.517606,6.326001,10.855324],"faces":{"east":{"uv":[4.6875,0.4375,5.0625,0.5625],"tintindex":0,"rotation":0,"texture":"#8"},"south":{"uv":[3.6875,8.875,3.75,9.0],"tintindex":0,"rotation":0,"texture":"#8"},"north":{"uv":[8.875,3.625,8.9375,3.75],"tintindex":0,"rotation":0,"texture":"#8"},"west":{"uv":[4.6875,1.375,5.0625,1.5],"tintindex":0,"rotation":0,"texture":"#8"},"up":{"uv":[5.375,7.0,5.3125,6.625],"tintindex":0,"rotation":0,"texture":"#8"},"down":{"uv":[5.6875,6.625,5.625,7.0],"tintindex":0,"rotation":0,"texture":"#8"}},"rotation":{"origin":[5.6361246,8.0,6.8224697],"angle":-22.5,"axis":"x"}},{"from":[4.63528,10.948633,3.586557],"to":[5.13028,11.443632,4.5815563],"faces":{"east":{"uv":[8.6875,5.1875,8.8125,5.25],"tintindex":0,"rotation":0,"texture":"#8"},"south":{"uv":[6.4375,9.25,6.5,9.3125],"tintindex":0,"rotation":0,"texture":"#8"},"north":{"uv":[6.3125,9.25,6.375,9.3125],"tintindex":0,"rotation":0,"texture":"#8"},"west":{"uv":[8.6875,6.375,8.8125,6.4375],"tintindex":0,"rotation":0,"texture":"#8"},"up":{"uv":[6.5,8.8125,6.4375,8.6875],"tintindex":0,"rotation":0,"texture":"#8"},"down":{"uv":[8.75,6.5,8.6875,6.625],"tintindex":0,"rotation":0,"texture":"#8"}},"rotation":{"origin":[5.6361246,8.0,6.8224697],"angle":-22.5,"axis":"z"}},{"from":[4.1102886,10.073958,6.6903067],"to":[4.6102886,10.573958,11.690307],"faces":{"east":{"uv":[4.9375,3.5,5.5625,3.5625],"tintindex":0,"rotation":0,"texture":"#8"},"south":{"uv":[7.125,9.25,7.1875,9.3125],"tintindex":0,"rotation":0,"texture":"#8"},"north":{"uv":[9.25,7.0,9.3125,7.0625],"tintindex":0,"rotation":0,"texture":"#8"},"west":{"uv":[4.9375,3.625,5.5625,3.6875],"tintindex":0,"rotation":0,"texture":"#8"},"up":{"uv":[4.1875,5.5625,4.125,4.9375],"tintindex":0,"rotation":0,"texture":"#8"},"down":{"uv":[4.3125,4.9375,4.25,5.5625],"tintindex":0,"rotation":0,"texture":"#8"}},"rotation":{"origin":[5.6361246,8.0,6.8224697],"angle":-22.5,"axis":"z"}},{"from":[3.5436583,9.52925,3.5840569],"to":[4.0436583,10.52925,4.5840564],"faces":{"east":{"uv":[3.875,7.375,4.0,7.5],"tintindex":0,"rotation":0,"texture":"#8"},"south":{"uv":[8.6875,6.0625,8.75,6.1875],"tintindex":0,"rotation":0,"texture":"#8"},"north":{"uv":[6.0625,8.6875,6.125,8.8125],"tintindex":0,"rotation":0,"texture":"#8"},"west":{"uv":[7.375,4.5,7.5,4.625],"tintindex":0,"rotation":0,"texture":"#8"},"up":{"uv":[6.25,8.8125,6.1875,8.6875],"tintindex":0,"rotation":0,"texture":"#8"},"down":{"uv":[6.375,8.6875,6.3125,8.8125],"tintindex":0,"rotation":0,"texture":"#8"}},"rotation":{"origin":[5.6361246,8.0,6.8224697],"angle":-45.0,"axis":"z"}},{"from":[5.020106,5.5,11.190307],"to":[5.520106,10.5,12.190307],"faces":{"east":{"uv":[1.0625,3.3125,1.1875,3.9375],"tintindex":0,"rotation":0,"texture":"#8"},"south":{"uv":[3.75,4.6875,3.8125,5.3125],"tintindex":0,"rotation":0,"texture":"#8"},"north":{"uv":[2.0,4.5,2.0625,5.125],"tintindex":0,"rotation":0,"texture":"#8"},"west":{"uv":[0.0,3.375,0.125,4.0],"tintindex":0,"rotation":0,"texture":"#8"},"up":{"uv":[0.75,8.8125,0.6875,8.6875],"tintindex":0,"rotation":0,"texture":"#8"},"down":{"uv":[1.0625,8.6875,1.0,8.8125],"tintindex":0,"rotation":0,"texture":"#8"}}},{"from":[5.017606,8.154972,1.9521327],"to":[5.522606,9.659971,2.9571328],"faces":{"east":{"uv":[6.625,2.75,6.75,2.9375],"tintindex":0,"rotation":0,"texture":"#8"},"south":{"uv":[4.75,8.1875,4.8125,8.375],"tintindex":0,"rotation":0,"texture":"#8"},"north":{"uv":[4.5,8.1875,4.5625,8.375],"tintindex":0,"rotation":0,"texture":"#8"},"west":{"uv":[6.625,3.25,6.75,3.4375],"tintindex":0,"rotation":0,"texture":"#8"},"up":{"uv":[8.8125,6.8125,8.75,6.6875],"tintindex":0,"rotation":0,"texture":"#8"},"down":{"uv":[7.0,8.75,6.9375,8.875],"tintindex":0,"rotation":0,"texture":"#8"}}},{"from":[7.8951054,7.775,6.6903067],"to":[8.395105,8.275,8.690307],"faces":{"east":{"uv":[7.6875,1.75,7.9375,1.8125],"tintindex":0,"rotation":0,"texture":"#8"},"south":{"uv":[9.375,7.8125,9.4375,7.875],"tintindex":0,"rotation":0,"texture":"#8"},"north":{"uv":[9.375,7.6875,9.4375,7.75],"tintindex":0,"rotation":0,"texture":"#8"},"west":{"uv":[7.6875,3.75,7.9375,3.8125],"tintindex":0,"rotation":0,"texture":"#8"},"up":{"uv":[6.1875,7.9375,6.125,7.6875],"tintindex":0,"rotation":0,"texture":"#8"},"down":{"uv":[7.5625,7.6875,7.5,7.9375],"tintindex":0,"rotation":0,"texture":"#8"}}},{"from":[3.3668818,9.706027,7.9590564],"to":[3.8668818,10.706027,8.959057],"faces":{"east":{"uv":[5.5625,7.375,5.6875,7.5],"tintindex":0,"rotation":0,"texture":"#8"},"south":{"uv":[7.6875,8.6875,7.75,8.8125],"tintindex":0,"rotation":0,"texture":"#8"},"north":{"uv":[7.5625,8.6875,7.625,8.8125],"tintindex":0,"rotation":0,"texture":"#8"},"west":{"uv":[7.375,5.625,7.5,5.75],"tintindex":0,"rotation":0,"texture":"#8"},"up":{"uv":[8.75,7.875,8.6875,7.75],"tintindex":0,"rotation":0,"texture":"#8"},"down":{"uv":[7.875,8.6875,7.8125,8.8125],"tintindex":0,"rotation":0,"texture":"#8"}},"rotation":{"origin":[5.6361246,8.0,6.8224697],"angle":-45.0,"axis":"z"}},{"from":[5.0221057,10.127643,3.3113165],"to":[5.518106,11.123643,5.8073163],"faces":{"east":{"uv":[4.375,4.9375,4.6875,5.0625],"tintindex":0,"rotation":0,"texture":"#8"},"south":{"uv":[8.4375,8.75,8.5,8.875],"tintindex":0,"rotation":0,"texture":"#8"},"north":{"uv":[8.75,8.125,8.8125,8.25],"tintindex":0,"rotation":0,"texture":"#8"},"west":{"uv":[5.0,0.8125,5.3125,0.9375],"tintindex":0,"rotation":0,"texture":"#8"},"up":{"uv":[3.4375,7.125,3.375,6.8125],"tintindex":0,"rotation":0,"texture":"#8"},"down":{"uv":[4.0625,6.8125,4.0,7.125],"tintindex":0,"rotation":0,"texture":"#8"}},"rotation":{"origin":[5.6361246,8.0,6.8224697],"angle":-22.5,"axis":"x"}},{"from":[5.020106,9.625643,3.3093166],"to":[5.520106,10.125643,5.309316],"faces":{"east":{"uv":[7.4375,2.1875,7.6875,2.25],"tintindex":0,"rotation":0,"texture":"#8"},"south":{"uv":[9.25,7.875,9.3125,7.9375],"tintindex":0,"rotation":0,"texture":"#8"},"north":{"uv":[9.25,7.75,9.3125,7.8125],"tintindex":0,"rotation":0,"texture":"#8"},"west":{"uv":[2.4375,7.4375,2.6875,7.5],"tintindex":0,"rotation":0,"texture":"#8"},"up":{"uv":[2.8125,7.6875,2.75,7.4375],"tintindex":0,"rotation":0,"texture":"#8"},"down":{"uv":[7.5,2.9375,7.4375,3.1875],"tintindex":0,"rotation":0,"texture":"#8"}},"rotation":{"origin":[5.6361246,8.0,6.8224697],"angle":-22.5,"axis":"x"}},{"from":[3.3668818,5.2939734,6.7840567],"to":[3.8668818,6.2939734,7.7840567],"faces":{"east":{"uv":[5.0625,7.3125,5.1875,7.4375],"tintindex":0,"rotation":0,"texture":"#8"},"south":{"uv":[1.375,8.6875,1.4375,8.8125],"tintindex":0,"rotation":0,"texture":"#8"},"north":{"uv":[1.25,8.6875,1.3125,8.8125],"tintindex":0,"rotation":0,"texture":"#8"},"west":{"uv":[7.3125,7.3125,7.4375,7.4375],"tintindex":0,"rotation":0,"texture":"#8"},"up":{"uv":[1.5625,8.8125,1.5,8.6875],"tintindex":0,"rotation":0,"texture":"#8"},"down":{"uv":[1.6875,8.6875,1.625,8.8125],"tintindex":0,"rotation":0,"texture":"#8"}},"rotation":{"origin":[5.6361246,8.0,6.8224697],"angle":45.0,"axis":"z"}},{"from":[4.1102886,10.573958,4.6903067],"to":[4.6102886,11.073958,7.1903067],"faces":{"east":{"uv":[6.8125,2.875,7.125,2.9375],"tintindex":0,"rotation":0,"texture":"#8"},"south":{"uv":[6.5625,9.25,6.625,9.3125],"tintindex":0,"rotation":0,"texture":"#8"},"north":{"uv":[9.25,6.4375,9.3125,6.5],"tintindex":0,"rotation":0,"texture":"#8"},"west":{"uv":[6.8125,3.25,7.125,3.3125],"tintindex":0,"rotation":0,"texture":"#8"},"up":{"uv":[2.0625,7.125,2.0,6.8125],"tintindex":0,"rotation":0,"texture":"#8"},"down":{"uv":[3.3125,6.8125,3.25,7.125],"tintindex":0,"rotation":0,"texture":"#8"}},"rotation":{"origin":[5.6361246,8.0,6.8224697],"angle":-22.5,"axis":"z"}},{"from":[5.395106,7.775,6.1903067],"to":[8.395105,8.275,6.6903067],"faces":{"east":{"uv":[9.375,7.1875,9.4375,7.25],"tintindex":0,"rotation":0,"texture":"#8"},"south":{"uv":[6.625,1.75,7.0,1.8125],"tintindex":0,"rotation":0,"texture":"#8"},"north":{"uv":[6.5625,4.5,6.9375,4.5625],"tintindex":0,"rotation":0,"texture":"#8"},"west":{"uv":[9.375,7.3125,9.4375,7.375],"tintindex":0,"rotation":0,"texture":"#8"},"up":{"uv":[7.0,5.9375,6.625,5.875],"tintindex":0,"rotation":0,"texture":"#8"},"down":{"uv":[6.875,6.625,6.5,6.6875],"tintindex":0,"rotation":0,"texture":"#8"}}},{"from":[5.022606,6.888847,5.0244093],"to":[5.517606,7.3838468,6.019409],"faces":{"east":{"uv":[8.6875,0.5,8.8125,0.5625],"tintindex":0,"rotation":0,"texture":"#8"},"south":{"uv":[9.25,5.4375,9.3125,5.5],"tintindex":0,"rotation":0,"texture":"#8"},"north":{"uv":[9.25,5.3125,9.3125,5.375],"tintindex":0,"rotation":0,"texture":"#8"},"west":{"uv":[8.6875,1.1875,8.8125,1.25],"tintindex":0,"rotation":0,"texture":"#8"},"up":{"uv":[2.625,8.8125,2.5625,8.6875],"tintindex":0,"rotation":0,"texture":"#8"},"down":{"uv":[8.75,2.625,8.6875,2.75],"tintindex":0,"rotation":0,"texture":"#8"}},"rotation":{"origin":[5.6361246,8.0,6.8224697],"angle":-45.0,"axis":"x"}},{"from":[5.148606,5.5035,4.6938066],"to":[5.391606,10.4965,11.686807],"faces":{"east":{"uv":[0.0,0.0,0.875,0.625],"tintindex":0,"rotation":0,"texture":"#8"},"south":{"uv":[4.875,4.75,4.9375,5.375],"tintindex":0,"rotation":0,"texture":"#8"},"north":{"uv":[3.0,4.875,3.03125,5.5],"tintindex":0,"rotation":0,"texture":"#8"},"west":{"uv":[0.0,0.6875,0.875,1.3125],"tintindex":0,"rotation":0,"texture":"#8"},"up":{"uv":[0.75,5.125,0.6875,4.25],"tintindex":0,"rotation":0,"texture":"#8"},"down":{"uv":[0.875,4.25,0.8125,5.125],"tintindex":0,"rotation":0,"texture":"#8"}}},{"from":[5.395106,7.775,8.690307],"to":[8.395105,8.275,9.190307],"faces":{"east":{"uv":[9.375,7.4375,9.4375,7.5],"tintindex":0,"rotation":0,"texture":"#8"},"south":{"uv":[6.6875,2.25,7.0625,2.3125],"tintindex":0,"rotation":0,"texture":"#8"},"north":{"uv":[6.6875,0.1875,7.0625,0.25],"tintindex":0,"rotation":0,"texture":"#8"},"west":{"uv":[9.375,7.5625,9.4375,7.625],"tintindex":0,"rotation":0,"texture":"#8"},"up":{"uv":[7.0625,3.0625,6.6875,3.0],"tintindex":0,"rotation":0,"texture":"#8"},"down":{"uv":[7.0625,3.125,6.6875,3.1875],"tintindex":0,"rotation":0,"texture":"#8"}}},{"from":[5.017606,6.840028,0.9521327],"to":[5.522606,7.845028,1.9571328],"faces":{"east":{"uv":[7.4375,2.5625,7.5625,2.6875],"tintindex":0,"rotation":0,"texture":"#8"},"south":{"uv":[8.6875,8.75,8.75,8.875],"tintindex":0,"rotation":0,"texture":"#8"},"north":{"uv":[8.5625,8.75,8.625,8.875],"tintindex":0,"rotation":0,"texture":"#8"},"west":{"uv":[7.4375,3.4375,7.5625,3.5625],"tintindex":0,"rotation":0,"texture":"#8"},"up":{"uv":[0.5625,8.9375,0.5,8.8125],"tintindex":0,"rotation":0,"texture":"#8"},"down":{"uv":[0.875,8.8125,0.8125,8.9375],"tintindex":0,"rotation":0,"texture":"#8"}}},{"from":[5.020106,5.5,6.6903067],"to":[5.520106,7.0,11.190307],"faces":{"east":{"uv":[0.6875,3.0625,1.25,3.25],"tintindex":0,"rotation":0,"texture":"#8"},"south":{"uv":[5.375,8.125,5.4375,8.3125],"tintindex":0,"rotation":0,"texture":"#8"},"north":{"uv":[4.625,8.125,4.6875,8.3125],"tintindex":0,"rotation":0,"texture":"#8"},"west":{"uv":[3.1875,0.0,3.75,0.1875],"tintindex":0,"rotation":0,"texture":"#8"},"up":{"uv":[5.1875,4.4375,5.125,3.875],"tintindex":0,"rotation":0,"texture":"#8"},"down":{"uv":[4.0625,5.125,4.0,5.6875],"tintindex":0,"rotation":0,"texture":"#8"}}},{"from":[3.3668818,5.2939734,10.459057],"to":[3.8668818,6.2939734,11.459057],"faces":{"east":{"uv":[1.4375,7.4375,1.5625,7.5625],"tintindex":0,"rotation":0,"texture":"#8"},"south":{"uv":[8.75,5.5,8.8125,5.625],"tintindex":0,"rotation":0,"texture":"#8"},"north":{"uv":[8.75,5.3125,8.8125,5.4375],"tintindex":0,"rotation":0,"texture":"#8"},"west":{"uv":[1.625,7.4375,1.75,7.5625],"tintindex":0,"rotation":0,"texture":"#8"},"up":{"uv":[8.8125,5.8125,8.75,5.6875],"tintindex":0,"rotation":0,"texture":"#8"},"down":{"uv":[8.8125,5.875,8.75,6.0],"tintindex":0,"rotation":0,"texture":"#8"}},"rotation":{"origin":[5.6361246,8.0,6.8224697],"angle":45.0,"axis":"z"}},{"from":[3.3668818,5.2939734,9.209057],"to":[3.8668818,6.2939734,10.209057],"faces":{"east":{"uv":[0.75,7.4375,0.875,7.5625],"tintindex":0,"rotation":0,"texture":"#8"},"south":{"uv":[8.75,3.75,8.8125,3.875],"tintindex":0,"rotation":0,"texture":"#8"},"north":{"uv":[8.75,3.5625,8.8125,3.6875],"tintindex":0,"rotation":0,"texture":"#8"},"west":{"uv":[1.0625,7.4375,1.1875,7.5625],"tintindex":0,"rotation":0,"texture":"#8"},"up":{"uv":[8.8125,4.0625,8.75,3.9375],"tintindex":0,"rotation":0,"texture":"#8"},"down":{"uv":[8.8125,4.125,8.75,4.25],"tintindex":0,"rotation":0,"texture":"#8"}},"rotation":{"origin":[5.6361246,8.0,6.8224697],"angle":45.0,"axis":"z"}},{"from":[4.70558,-8.0,-8.309694],"to":[4.70558,24.0,23.690308],"faces":{"east":{"uv":[16.0,16.0,0.0,-1.7763568E-15],"tintindex":0,"rotation":270,"texture":"#11"},"south":{"uv":[0.001,-0.03175,7.999,-0.047875],"tintindex":0,"rotation":270,"texture":"#11"},"north":{"uv":[0.001,-0.03175,7.999,-0.047875],"tintindex":0,"rotation":270,"texture":"#11"},"west":{"uv":[16.0,-1.7763568E-15,0.0,16.0],"tintindex":0,"rotation":270,"texture":"#11"},"up":{"uv":[-0.03175,0.001,-0.047875,7.999],"tintindex":0,"rotation":0,"texture":"#11"},"down":{"uv":[-0.03175,0.001,-0.047875,7.999],"tintindex":0,"rotation":180,"texture":"#11"}}},{"from":[5.022606,7.80306,4.110196],"to":[5.517606,8.798059,4.605196],"faces":{"east":{"uv":[2.8125,8.6875,2.875,8.8125],"tintindex":0,"rotation":0,"texture":"#8"},"south":{"uv":[8.6875,2.8125,8.75,2.9375],"tintindex":0,"rotation":0,"texture":"#8"},"north":{"uv":[2.6875,8.6875,2.75,8.8125],"tintindex":0,"rotation":0,"texture":"#8"},"west":{"uv":[3.4375,8.6875,3.5,8.8125],"tintindex":0,"rotation":0,"texture":"#8"},"up":{"uv":[9.3125,5.75,9.25,5.6875],"tintindex":0,"rotation":0,"texture":"#8"},"down":{"uv":[9.3125,5.8125,9.25,5.875],"tintindex":0,"rotation":0,"texture":"#8"}},"rotation":{"origin":[5.6361246,8.0,6.8224697],"angle":-45.0,"axis":"x"}},{"from":[5.017606,8.154972,0.9521327],"to":[5.522606,9.159971,1.9571328],"faces":{"east":{"uv":[3.5,7.4375,3.625,7.5625],"tintindex":0,"rotation":0,"texture":"#8"},"south":{"uv":[1.875,8.8125,1.9375,8.9375],"tintindex":0,"rotation":0,"texture":"#8"},"north":{"uv":[1.125,8.8125,1.1875,8.9375],"tintindex":0,"rotation":0,"texture":"#8"},"west":{"uv":[7.4375,3.875,7.5625,4.0],"tintindex":0,"rotation":0,"texture":"#8"},"up":{"uv":[8.875,2.3125,8.8125,2.1875],"tintindex":0,"rotation":0,"texture":"#8"},"down":{"uv":[2.3125,8.8125,2.25,8.9375],"tintindex":0,"rotation":0,"texture":"#8"}}},{"from":[5.020106,9.5,4.6903067],"to":[5.520106,10.5,6.6903067],"faces":{"east":{"uv":[5.6875,4.75,5.9375,4.875],"tintindex":0,"rotation":0,"texture":"#8"},"south":{"uv":[2.9375,8.75,3.0,8.875],"tintindex":0,"rotation":0,"texture":"#8"},"north":{"uv":[2.4375,8.75,2.5,8.875],"tintindex":0,"rotation":0,"texture":"#8"},"west":{"uv":[4.9375,5.6875,5.1875,5.8125],"tintindex":0,"rotation":0,"texture":"#8"},"up":{"uv":[7.0625,7.625,7.0,7.375],"tintindex":0,"rotation":0,"texture":"#8"},"down":{"uv":[7.1875,7.375,7.125,7.625],"tintindex":0,"rotation":0,"texture":"#8"}}},{"from":[3.3668818,9.706027,10.459057],"to":[3.8668818,10.706027,11.459057],"faces":{"east":{"uv":[7.4375,1.0625,7.5625,1.1875],"tintindex":0,"rotation":0,"texture":"#8"},"south":{"uv":[8.75,4.5,8.8125,4.625],"tintindex":0,"rotation":0,"texture":"#8"},"north":{"uv":[8.75,4.3125,8.8125,4.4375],"tintindex":0,"rotation":0,"texture":"#8"},"west":{"uv":[1.25,7.4375,1.375,7.5625],"tintindex":0,"rotation":0,"texture":"#8"},"up":{"uv":[8.8125,4.8125,8.75,4.6875],"tintindex":0,"rotation":0,"texture":"#8"},"down":{"uv":[8.8125,4.875,8.75,5.0],"tintindex":0,"rotation":0,"texture":"#8"}},"rotation":{"origin":[5.6361246,8.0,6.8224697],"angle":-45.0,"axis":"z"}},{"from":[3.3668818,9.706027,9.209057],"to":[3.8668818,10.706027,10.209057],"faces":{"east":{"uv":[7.375,6.875,7.5,7.0],"tintindex":0,"rotation":0,"texture":"#8"},"south":{"uv":[3.0625,8.75,3.125,8.875],"tintindex":0,"rotation":0,"texture":"#8"},"north":{"uv":[8.75,3.0,8.8125,3.125],"tintindex":0,"rotation":0,"texture":"#8"},"west":{"uv":[7.4375,0.3125,7.5625,0.4375],"tintindex":0,"rotation":0,"texture":"#8"},"up":{"uv":[3.25,8.875,3.1875,8.75],"tintindex":0,"rotation":0,"texture":"#8"},"down":{"uv":[3.375,8.75,3.3125,8.875],"tintindex":0,"rotation":0,"texture":"#8"}},"rotation":{"origin":[5.6361246,8.0,6.8224697],"angle":-45.0,"axis":"z"}},{"from":[5.022606,7.20194,4.110196],"to":[5.517606,8.196939,4.605196],"faces":{"east":{"uv":[8.75,1.5,8.8125,1.625],"tintindex":0,"rotation":0,"texture":"#8"},"south":{"uv":[8.75,1.8125,8.8125,1.9375],"tintindex":0,"rotation":0,"texture":"#8"},"north":{"uv":[8.75,1.3125,8.8125,1.4375],"tintindex":0,"rotation":0,"texture":"#8"},"west":{"uv":[8.75,2.0,8.8125,2.125],"tintindex":0,"rotation":0,"texture":"#8"},"up":{"uv":[9.3125,7.3125,9.25,7.25],"tintindex":0,"rotation":0,"texture":"#8"},"down":{"uv":[9.3125,7.375,9.25,7.4375],"tintindex":0,"rotation":0,"texture":"#8"}},"rotation":{"origin":[5.6361246,8.0,6.8224697],"angle":45.0,"axis":"x"}},{"from":[3.5436583,5.47075,3.5840569],"to":[4.0436583,6.47075,4.5840564],"faces":{"east":{"uv":[7.375,1.25,7.5,1.375],"tintindex":0,"rotation":0,"texture":"#8"},"south":{"uv":[4.5625,8.6875,4.625,8.8125],"tintindex":0,"rotation":0,"texture":"#8"},"north":{"uv":[4.4375,8.6875,4.5,8.8125],"tintindex":0,"rotation":0,"texture":"#8"},"west":{"uv":[7.375,1.4375,7.5,1.5625],"tintindex":0,"rotation":0,"texture":"#8"},"up":{"uv":[4.75,8.8125,4.6875,8.6875],"tintindex":0,"rotation":0,"texture":"#8"},"down":{"uv":[4.875,8.6875,4.8125,8.8125],"tintindex":0,"rotation":0,"texture":"#8"}},"rotation":{"origin":[5.6361246,8.0,6.8224697],"angle":45.0,"axis":"z"}},{"from":[5.022606,2.4390993,8.852837],"to":[5.517606,5.969633,12.38337],"faces":{"east":{"uv":[0.5625,2.25,1.0,2.6875],"tintindex":0,"rotation":0,"texture":"#8"},"south":{"uv":[1.25,6.4375,1.3125,6.875],"tintindex":0,"rotation":0,"texture":"#8"},"north":{"uv":[1.875,6.375,1.9375,6.8169417],"tintindex":0,"rotation":0,"texture":"#8"},"west":{"uv":[1.0625,2.25,1.5,2.6875],"tintindex":0,"rotation":0,"texture":"#8"},"up":{"uv":[0.4375,6.9375,0.375,6.5],"tintindex":0,"rotation":0,"texture":"#8"},"down":{"uv":[0.75,6.5,0.6875,6.9375],"tintindex":0,"rotation":0,"texture":"#8"}},"rotation":{"origin":[5.6361246,8.0,6.8224697],"angle":-45.0,"axis":"x"}},{"from":[4.8201056,6.69944,5.521909],"to":[5.3201056,7.69944,6.521909],"faces":{"east":{"uv":[0.0,0.0,2.0,2.0],"tintindex":0,"rotation":0,"texture":"#13"},"south":{"uv":[3.0,3.0,4.0,5.0],"tintindex":0,"rotation":0,"texture":"#13"},"north":{"uv":[3.0,0.0,4.0,2.0],"tintindex":0,"rotation":0,"texture":"#13"},"west":{"uv":[0.0,3.0,2.0,5.0],"tintindex":0,"rotation":0,"texture":"#13"},"up":{"uv":[6.0,2.0,5.0,0.0],"tintindex":0,"rotation":0,"texture":"#13"},"down":{"uv":[6.0,3.0,5.0,5.0],"tintindex":0,"rotation":0,"texture":"#13"}},"rotation":{"origin":[5.6361246,8.0,6.8224697],"angle":45.0,"axis":"x"}},{"from":[4.1102886,4.926041,4.6903067],"to":[4.6102886,5.426041,7.1903067],"faces":{"east":{"uv":[6.8125,2.5,7.125,2.5625],"tintindex":0,"rotation":0,"texture":"#8"},"south":{"uv":[6.0625,9.25,6.125,9.3125],"tintindex":0,"rotation":0,"texture":"#8"},"north":{"uv":[9.25,5.9375,9.3125,6.0],"tintindex":0,"rotation":0,"texture":"#8"},"west":{"uv":[6.8125,2.75,7.125,2.8125],"tintindex":0,"rotation":0,"texture":"#8"},"up":{"uv":[3.6875,7.0625,3.625,6.75],"tintindex":0,"rotation":0,"texture":"#8"},"down":{"uv":[5.5,6.75,5.4375,7.0625],"tintindex":0,"rotation":0,"texture":"#8"}},"rotation":{"origin":[5.6361246,8.0,6.8224697],"angle":22.5,"axis":"z"}},{"from":[4.1102886,5.426041,6.6903067],"to":[4.6102886,5.926041,11.690307],"faces":{"east":{"uv":[4.75,4.625,5.375,4.6875],"tintindex":0,"rotation":0,"texture":"#8"},"south":{"uv":[5.25,9.25,5.3125,9.3125],"tintindex":0,"rotation":0,"texture":"#8"},"north":{"uv":[5.125,9.25,5.1875,9.3125],"tintindex":0,"rotation":0,"texture":"#8"},"west":{"uv":[4.8125,1.75,5.4375,1.8125],"tintindex":0,"rotation":0,"texture":"#8"},"up":{"uv":[1.625,5.4375,1.5625,4.8125],"tintindex":0,"rotation":0,"texture":"#8"},"down":{"uv":[2.9375,4.875,2.875,5.5],"tintindex":0,"rotation":0,"texture":"#8"}},"rotation":{"origin":[5.6361246,8.0,6.8224697],"angle":22.5,"axis":"z"}},{"from":[5.020106,5.8743577,3.3093166],"to":[5.520106,6.3743577,5.309316],"faces":{"east":{"uv":[7.375,3.75,7.625,3.8125],"tintindex":0,"rotation":0,"texture":"#8"},"south":{"uv":[9.25,7.625,9.3125,7.6875],"tintindex":0,"rotation":0,"texture":"#8"},"north":{"uv":[9.25,7.5,9.3125,7.5625],"tintindex":0,"rotation":0,"texture":"#8"},"west":{"uv":[7.4375,1.875,7.6875,1.9375],"tintindex":0,"rotation":0,"texture":"#8"},"up":{"uv":[1.875,7.6875,1.8125,7.4375],"tintindex":0,"rotation":0,"texture":"#8"},"down":{"uv":[2.375,7.4375,2.3125,7.6875],"tintindex":0,"rotation":0,"texture":"#8"}},"rotation":{"origin":[5.6361246,8.0,6.8224697],"angle":22.5,"axis":"x"}}],"display":{"gui":{"rotation":[30,225,0]}}}