{"providers":[{"type":"bitmap","file":"happyhud:font/assets/death-message/outline.png","height":12,"ascent":-125500,"chars":[""]},{"type":"bitmap","file":"happyhud:font/assets/death-message/icon.png","height":16,"ascent":-130500,"chars":[""]},{"type":"bitmap","file":"happyhud:font/assets/death-message/outline.png","height":12,"ascent":-131500,"chars":[""]},{"type":"bitmap","file":"happyhud:font/assets/death-message/icon.png","height":16,"ascent":-136500,"chars":[""]},{"type":"bitmap","file":"happyhud:font/assets/death-message/outline.png","height":12,"ascent":-137500,"chars":[""]},{"type":"bitmap","file":"happyhud:font/assets/death-message/icon.png","height":16,"ascent":-142500,"chars":[""]},{"type":"bitmap","file":"happyhud:font/assets/death-message/outline.png","height":12,"ascent":-143500,"chars":[""]},{"type":"bitmap","file":"happyhud:font/assets/death-message/icon.png","height":16,"ascent":-148500,"chars":[""]},{"type":"bitmap","file":"happyhud:font/assets/death-message/outline.png","height":12,"ascent":-149500,"chars":[""]},{"type":"bitmap","file":"happyhud:font/assets/death-message/icon.png","height":16,"ascent":-154500,"chars":[""]}]}