{
	"credit": "madybybananvovan",
	"texture_size": [32, 32],
	"textures": {
		"0": "item/scifi/weapons/shotgun",
		"particle": "item/scifi/weapons/shotgun"
	},
	"elements": [
		{
			"from": [7.25, 8.5, 4.5],
			"to": [8.75, 11, 14],
			"rotation": {"angle": 0, "axis": "y", "origin": [7, 0, 0]},
			"faces": {
				"east": {"uv": [8.75, 0, 4, 1.25], "texture": "#0"},
				"south": {"uv": [3.5, 9, 4.25, 10.25], "texture": "#0"},
				"west": {"uv": [4, 0, 8.75, 1.25], "texture": "#0"},
				"up": {"uv": [4.75, 7.25, 4, 2.5], "texture": "#0"},
				"down": {"uv": [0.75, 4.5, 0, 9.25], "texture": "#0"}
			}
		},
		{
			"from": [7.75, 8.8125, 13.75],
			"to": [8.25, 9.3125, 19.625],
			"rotation": {"angle": 45, "axis": "z", "origin": [8, 9.0625, 19.0625]},
			"faces": {
				"east": {"uv": [1.75, 12.5, 1.5, 9.5], "rotation": 90, "texture": "#0"},
				"west": {"uv": [9, 3, 12, 3.25], "texture": "#0"},
				"up": {"uv": [1.75, 12.5, 1.5, 9.5], "texture": "#0"},
				"down": {"uv": [9, 3, 12, 3.25], "rotation": 90, "texture": "#0"}
			}
		},
		{
			"from": [7.75, 10.25, 13.6875],
			"to": [8.25, 10.75, 19.9375],
			"rotation": {"angle": 45, "axis": "z", "origin": [8, 10.5, 19.1875]},
			"faces": {
				"east": {"uv": [0.25, 12.75, 0, 9.5], "rotation": 90, "texture": "#0"},
				"west": {"uv": [9, 1, 12.25, 1.25], "texture": "#0"},
				"up": {"uv": [0.25, 12.75, 0, 9.5], "texture": "#0"},
				"down": {"uv": [9, 1, 12.25, 1.25], "rotation": 90, "texture": "#0"}
			}
		},
		{
			"from": [7.25, 6.25, 19.875],
			"to": [8.75, 11.25, 20.875],
			"rotation": {"angle": 0, "axis": "y", "origin": [7, 0.75, -2]},
			"faces": {
				"north": {"uv": [5, 7, 5.75, 9.5], "texture": "#0", "cullface": "south"},
				"east": {"uv": [8.5, 8, 8, 10.5], "texture": "#0", "cullface": "south"},
				"south": {"uv": [6, 7, 6.75, 9.5], "texture": "#0", "cullface": "south"},
				"west": {"uv": [8, 8, 8.5, 10.5], "texture": "#0", "cullface": "south"},
				"up": {"uv": [10.75, 7, 10, 6.5], "texture": "#0", "cullface": "south"},
				"down": {"uv": [10.75, 7, 10, 7.5], "texture": "#0", "cullface": "south"}
			}
		},
		{
			"from": [7.25, 6.25, 19.375],
			"to": [8.75, 8.75, 19.875],
			"rotation": {"angle": 0, "axis": "y", "origin": [7, 2.25, -2]},
			"faces": {
				"north": {"uv": [9, 6.5, 9.75, 7.75], "texture": "#0", "cullface": "south"},
				"east": {"uv": [10.75, 1.5, 10.5, 2.75], "texture": "#0", "cullface": "south"},
				"west": {"uv": [10.5, 1.5, 10.75, 2.75], "texture": "#0", "cullface": "south"},
				"down": {"uv": [11.25, 4.5, 10.5, 4.75], "texture": "#0", "cullface": "south"}
			}
		},
		{
			"from": [7.25, 8.55918, 19.83432],
			"to": [8.75, 10.05918, 20.33432],
			"rotation": {"angle": 22.5, "axis": "x", "origin": [8, 9.80918, 20.08432]},
			"faces": {
				"north": {"uv": [6, 9.5, 6.75, 10.25], "texture": "#0", "cullface": "south"},
				"east": {"uv": [5.5, 10.5, 5.75, 11.25], "texture": "#0", "cullface": "south"},
				"west": {"uv": [5.5, 10.5, 5.75, 11.25], "texture": "#0", "cullface": "south"}
			}
		},
		{
			"from": [7.5, 8, 4.5],
			"to": [8.5, 8.5, 14],
			"rotation": {"angle": 0, "axis": "y", "origin": [7, 0, 0]},
			"faces": {
				"east": {"uv": [12.75, 6, 8, 6.25], "texture": "#0"},
				"south": {"uv": [6, 10.5, 6.5, 10.75], "texture": "#0"},
				"west": {"uv": [8, 6, 12.75, 6.25], "texture": "#0"},
				"down": {"uv": [3.5, 6, 3, 10.75], "texture": "#0"}
			}
		},
		{
			"from": [7.25, 7, 4.5],
			"to": [8.75, 8, 10.5],
			"rotation": {"angle": 0, "axis": "y", "origin": [7, 0, 0]},
			"faces": {
				"east": {"uv": [11, 5, 8, 5.5], "texture": "#0"},
				"south": {"uv": [9.5, 8.5, 10.25, 9], "texture": "#0"},
				"west": {"uv": [8, 5, 11, 5.5], "texture": "#0"},
				"up": {"uv": [6.75, 7, 6, 4], "texture": "#0"},
				"down": {"uv": [7.75, 4, 7, 7], "texture": "#0"}
			}
		},
		{
			"from": [7.25, 7, -4],
			"to": [8.75, 8, 4.5],
			"rotation": {"angle": 0, "axis": "y", "origin": [7, 0, 0]},
			"faces": {
				"north": {"uv": [8.5, 10, 9.25, 10.5], "texture": "#0", "cullface": "north"},
				"down": {"uv": [5.75, 2.5, 5, 6.75], "texture": "#0"}
			}
		},
		{
			"from": [6.38388, 7.32322, -3.9975],
			"to": [7.7981, 8.32322, 4.4975],
			"rotation": {"angle": -45, "axis": "z", "origin": [7.13388, 7.82322, 0.25]},
			"faces": {
				"north": {"uv": [10, 9, 10.75, 9.5], "texture": "#0", "cullface": "north"},
				"south": {"uv": [9.5, 10, 10.25, 10.5], "texture": "#0"},
				"down": {"uv": [2.75, 6, 2, 10.25], "texture": "#0"}
			}
		},
		{
			"from": [8.2019, 7.32322, -3.9975],
			"to": [9.61612, 8.32322, 4.4975],
			"rotation": {"angle": 45, "axis": "z", "origin": [8.86612, 7.82322, 0.25]},
			"faces": {
				"north": {"uv": [10.75, 9, 10, 9.5], "texture": "#0", "cullface": "north"},
				"south": {"uv": [10.25, 10, 9.5, 10.5], "texture": "#0"},
				"down": {"uv": [2, 6, 2.75, 10.25], "texture": "#0"}
			}
		},
		{
			"from": [6.25, 8, -4],
			"to": [9.75, 10, 4.5],
			"rotation": {"angle": 0, "axis": "y", "origin": [7, 0, 0]},
			"faces": {
				"north": {"uv": [7, 7, 8.75, 8], "texture": "#0", "cullface": "north"},
				"east": {"uv": [8.25, 1.5, 4, 2.5], "texture": "#0"},
				"south": {"uv": [8, 4, 9.75, 5], "texture": "#0"},
				"west": {"uv": [4, 1.5, 8.25, 2.5], "texture": "#0"},
				"up": {"uv": [1.75, 4.25, 0, 0], "texture": "#0"}
			}
		},
		{
			"from": [7.5, 5, 5],
			"to": [8.5, 7, 10.5],
			"rotation": {"angle": 0, "axis": "y", "origin": [7, 0, 0]},
			"faces": {
				"north": {"uv": [7, 9.5, 7.5, 10.5], "texture": "#0"},
				"east": {"uv": [8.75, 2.5, 6, 3.5], "texture": "#0"},
				"south": {"uv": [7.5, 9.5, 8, 10.5], "texture": "#0"},
				"west": {"uv": [6, 2.5, 8.75, 3.5], "texture": "#0"},
				"down": {"uv": [5, 7.5, 4.5, 10.25], "texture": "#0"}
			}
		},
		{
			"from": [7.5, 6.5, 12.5],
			"to": [8.5, 8, 14],
			"rotation": {"angle": 0, "axis": "y", "origin": [7, 0, 0]},
			"faces": {
				"north": {"uv": [9.5, 9, 10, 9.75], "texture": "#0"},
				"east": {"uv": [5.75, 9.5, 5, 10.25], "texture": "#0"},
				"south": {"uv": [10, 0, 10.5, 0.75], "texture": "#0"},
				"west": {"uv": [5, 9.5, 5.75, 10.25], "texture": "#0"}
			}
		},
		{
			"from": [7.5025, 4.25, 12.81066],
			"to": [8.4975, 7.25, 14.31066],
			"rotation": {"angle": -45, "axis": "x", "origin": [8, 6.5, 13.56066]},
			"faces": {
				"north": {"uv": [0.5, 9.5, 1, 11], "texture": "#0"},
				"east": {"uv": [9.25, 8, 8.5, 9.5], "texture": "#0"},
				"south": {"uv": [1, 9.5, 1.5, 11], "texture": "#0"},
				"west": {"uv": [8.5, 8, 9.25, 9.5], "texture": "#0"},
				"down": {"uv": [10.5, 4, 10, 4.75], "texture": "#0"}
			}
		},
		{
			"from": [7.5, 4.25, 12.31066],
			"to": [8.5, 4.75, 12.81066],
			"rotation": {"angle": -45, "axis": "x", "origin": [8, 6.5, 13.56066]},
			"faces": {
				"north": {"uv": [6.5, 10.5, 7, 10.75], "texture": "#0"},
				"east": {"uv": [10.5, 10, 10.75, 10.25], "texture": "#0"},
				"west": {"uv": [10.5, 10, 10.75, 10.25], "texture": "#0"},
				"up": {"uv": [7.5, 10.75, 7, 10.5], "texture": "#0"},
				"down": {"uv": [8, 10.5, 7.5, 10.75], "texture": "#0"}
			}
		},
		{
			"from": [7.5, 8.75, -7],
			"to": [8.5, 9.75, -4],
			"rotation": {"angle": -45, "axis": "z", "origin": [8, 9.25, -5.5]},
			"faces": {
				"north": {"uv": [10.5, 0.5, 11, 1], "texture": "#0", "cullface": "north"},
				"east": {"uv": [4, 7.5, 3.5, 6], "rotation": 90, "texture": "#0", "cullface": "north"},
				"west": {"uv": [9, 2.5, 10.5, 3], "texture": "#0", "cullface": "north"},
				"up": {"uv": [9, 3, 10.5, 2.5], "rotation": 90, "texture": "#0", "cullface": "north"},
				"down": {"uv": [4, 6, 3.5, 7.5], "texture": "#0", "cullface": "north"}
			}
		},
		{
			"from": [7.25, 10, -5],
			"to": [8.75, 11, 4.5],
			"rotation": {"angle": 0, "axis": "y", "origin": [7, 0, 0]},
			"faces": {
				"north": {"uv": [10, 7.5, 10.75, 8], "texture": "#0", "cullface": "north"},
				"east": {"uv": [10.75, 3.5, 6, 4], "texture": "#0"},
				"west": {"uv": [6, 3.5, 10.75, 4], "texture": "#0"},
				"down": {"uv": [1.75, 4.5, 1, 9.25], "texture": "#0", "cullface": "north"}
			}
		},
		{
			"from": [7, 11, -5],
			"to": [9, 11.375, 7],
			"rotation": {"angle": 0, "axis": "y", "origin": [7, 0, 0]},
			"faces": {
				"north": {"uv": [2, 10.5, 3, 10.75], "texture": "#0", "cullface": "north"},
				"east": {"uv": [14, 5.5, 8, 5.75], "texture": "#0"},
				"west": {"uv": [8, 5.5, 14, 5.75], "texture": "#0"},
				"up": {"uv": [3, 6, 2, 0], "texture": "#0"},
				"down": {"uv": [4, 0, 3, 6], "texture": "#0"}
			}
		},
		{
			"from": [7, 11, 9],
			"to": [9, 11.375, 12],
			"rotation": {"angle": 0, "axis": "y", "origin": [7, 0, 0]},
			"faces": {
				"east": {"uv": [11.5, 9.5, 10, 9.75], "texture": "#0"},
				"south": {"uv": [4.5, 10.5, 5.5, 10.75], "texture": "#0"},
				"west": {"uv": [10, 9.5, 11.5, 9.75], "texture": "#0"},
				"up": {"uv": [4.5, 9, 3.5, 7.5], "texture": "#0"},
				"down": {"uv": [8, 8, 7, 9.5], "texture": "#0"}
			}
		},
		{
			"from": [7, 10.8125, 7],
			"to": [9, 11.8125, 9],
			"rotation": {"angle": 0, "axis": "y", "origin": [7, 0, -3]},
			"faces": {
				"north": {"uv": [8, 6.5, 9, 7], "texture": "#0"},
				"east": {"uv": [9.5, 9.5, 8.5, 10], "texture": "#0"},
				"south": {"uv": [9.5, 8, 10.5, 8.5], "texture": "#0"},
				"west": {"uv": [8.5, 9.5, 9.5, 10], "texture": "#0"},
				"up": {"uv": [9.5, 2.5, 8.5, 1.5], "texture": "#0"},
				"down": {"uv": [10, 0, 9, 1], "texture": "#0"}
			}
		},
		{
			"from": [7.5, 11.8125, 7.5],
			"to": [8.5, 12.3125, 8.5],
			"rotation": {"angle": 0, "axis": "y", "origin": [7, -0.25, -3.5]},
			"faces": {
				"north": {"uv": [8, 10.5, 8.5, 10.75], "texture": "#0"},
				"south": {"uv": [10.5, 8, 11, 8.25], "texture": "#0"},
				"up": {"uv": [4, 11, 3.5, 10.5], "texture": "#0"}
			}
		},
		{
			"from": [7, 12.3125, 7.5],
			"to": [7.5, 13.3125, 8.5],
			"rotation": {"angle": 0, "axis": "y", "origin": [7, -0.25, -3.5]},
			"faces": {
				"north": {"uv": [8.5, 10.5, 8.75, 11], "texture": "#0"},
				"east": {"uv": [4.5, 10.5, 4, 11], "texture": "#0"},
				"south": {"uv": [10.5, 8.5, 10.75, 9], "texture": "#0"},
				"west": {"uv": [4, 10.5, 4.5, 11], "texture": "#0"},
				"up": {"uv": [9.25, 11, 9, 10.5], "texture": "#0"}
			}
		},
		{
			"from": [7.28033, 11.63572, 7.5025],
			"to": [7.78033, 12.63572, 8.4975],
			"rotation": {"angle": 45, "axis": "z", "origin": [7.53033, 12.13572, 7.5]},
			"faces": {
				"north": {"uv": [9.5, 10.5, 9.75, 11], "texture": "#0"},
				"east": {"uv": [11, 4, 10.5, 4.5], "texture": "#0"},
				"south": {"uv": [10, 10.5, 10.25, 11], "texture": "#0"},
				"west": {"uv": [10.5, 4, 11, 4.5], "texture": "#0"}
			}
		},
		{
			"from": [8.5, 12.3125, 7.5],
			"to": [9, 13.3125, 8.5],
			"rotation": {"angle": 0, "axis": "y", "origin": [9, -0.25, -3.5]},
			"faces": {
				"north": {"uv": [8.75, 10.5, 8.5, 11], "texture": "#0"},
				"east": {"uv": [4.5, 10.5, 4, 11], "texture": "#0"},
				"south": {"uv": [10.75, 8.5, 10.5, 9], "texture": "#0"},
				"west": {"uv": [4, 10.5, 4.5, 11], "texture": "#0"},
				"up": {"uv": [9, 11, 9.25, 10.5], "texture": "#0"}
			}
		},
		{
			"from": [8.21967, 11.63572, 7.5025],
			"to": [8.71967, 12.63572, 8.4975],
			"rotation": {"angle": -45, "axis": "z", "origin": [8.46967, 12.13572, 7.5]},
			"faces": {
				"north": {"uv": [9.75, 10.5, 9.5, 11], "texture": "#0"},
				"east": {"uv": [11, 4, 10.5, 4.5], "texture": "#0"},
				"south": {"uv": [10.25, 10.5, 10, 11], "texture": "#0"},
				"west": {"uv": [10.5, 4, 11, 4.5], "texture": "#0"}
			}
		},
		{
			"from": [7.5, 12.3125, 8],
			"to": [8.5, 13.3125, 8],
			"rotation": {"angle": 0, "axis": "y", "origin": [7, -0.125, -3.5]},
			"faces": {
				"north": {"uv": [3, 11.25, 2, 12.25], "texture": "#0"},
				"south": {"uv": [2, 11.25, 3, 12.25], "texture": "#0"}
			}
		}
	],
	"gui_light": "front",
	"display": {
		"thirdperson_righthand": {
			"translation": [-0.75, 0, -3.25],
			"scale": [0.8, 0.8, 0.8]
		},
		"thirdperson_lefthand": {
			"translation": [-0.75, 0, -3.25],
			"scale": [0.8, 0.8, 0.8]
		},
		"firstperson_righthand": {
			"rotation": [0, 0, 10.75],
			"translation": [-4, 2.5, -0.25]
		},
		"firstperson_lefthand": {
			"rotation": [0, 0, 10.75],
			"translation": [-4, 2.5, -0.25]
		},
		"ground": {
			"scale": [0.55, 0.55, 0.55]
		},
		"gui": {
			"rotation": [90, -47.5, 90],
			"translation": [0.25, 0, 0],
			"scale": [0.69, 0.69, 0.69]
		},
		"fixed": {
			"rotation": [0, 90, 0]
		}
	}
}