{"textures":{"0":"modelengine:entity/modelfoundry_mutant_zombie_strong"},"elements":[{"from":[0.5,3.0,2.5],"to":[15.5,14.0,13.5],"faces":{"east":{"uv":[0.0,12.3,1.1,13.400001],"tintindex":0,"rotation":0,"texture":"#0"},"south":{"uv":[10.900001,4.2000003,12.400001,5.3],"tintindex":0,"rotation":0,"texture":"#0"},"north":{"uv":[10.900001,3.1000001,12.400001,4.2000003],"tintindex":0,"rotation":0,"texture":"#0"},"west":{"uv":[12.3,0.0,13.400001,1.1],"tintindex":0,"rotation":0,"texture":"#0"},"up":{"uv":[12.400001,6.4,10.900001,5.3],"tintindex":0,"rotation":0,"texture":"#0"},"down":{"uv":[12.400001,6.4,10.900001,7.5],"tintindex":0,"rotation":0,"texture":"#0"}}}],"display":{"gui":{"rotation":[30,225,0]}}}