{"textures":{"0":"modelengine:entity/modelfoundry_mutant_zombie_strong"},"elements":[{"from":[-7.0,2.3107529,-2.9650755],"to":[23.0,22.310753,20.034924],"faces":{"east":{"uv":[5.4,4.0,7.7000003,6.0],"tintindex":0,"rotation":0,"texture":"#0"},"south":{"uv":[3.0,2.0,6.0,4.0],"tintindex":0,"rotation":0,"texture":"#0"},"north":{"uv":[3.0,0.0,6.0,2.0],"tintindex":0,"rotation":0,"texture":"#0"},"west":{"uv":[6.0,0.0,8.3,2.0],"tintindex":0,"rotation":0,"texture":"#0"},"up":{"uv":[3.0,2.3,0.0,0.0],"tintindex":0,"rotation":0,"texture":"#0"},"down":{"uv":[3.0,2.3,0.0,4.6],"tintindex":0,"rotation":0,"texture":"#0"}},"rotation":{"origin":[8.0,11.310753,6.5349245],"angle":-22.5,"axis":"x"}}],"display":{"gui":{"rotation":[30,225,0]}}}