{"textures":{"0":"modelengine:entity/modelfoundry_mutant_zombie_strong"},"elements":[{"from":[2.0,4.0,-4.0],"to":[14.0,14.0,8.0],"faces":{"east":{"uv":[12.3,12.1,13.5,13.1],"tintindex":0,"rotation":0,"texture":"#0"},"south":{"uv":[12.400001,2.4,13.6,3.4],"tintindex":0,"rotation":0,"texture":"#0"},"north":{"uv":[12.3,11.1,13.5,12.1],"tintindex":0,"rotation":0,"texture":"#0"},"west":{"uv":[12.400001,3.4,13.6,4.4],"tintindex":0,"rotation":0,"texture":"#0"},"up":{"uv":[12.3,1.2,11.1,0.0],"tintindex":0,"rotation":0,"texture":"#0"},"down":{"uv":[12.3,11.8,11.1,13.0],"tintindex":0,"rotation":0,"texture":"#0"}}},{"from":[13.65,2.0999985,-4.0],"to":[13.65,4.0999985,8.0],"faces":{"east":{"uv":[7.8,7.5,9.0,7.7000003],"tintindex":0,"rotation":0,"texture":"#0"},"south":{"uv":[9.6,7.0,10.8,7.2000003],"tintindex":0,"rotation":0,"texture":"#0"},"north":{"uv":[6.0,3.7,7.2000003,3.9],"tintindex":0,"rotation":0,"texture":"#0"},"west":{"uv":[9.0,7.5,7.8,7.7000003],"tintindex":0,"rotation":0,"texture":"#0"},"up":{"uv":[13.1,11.1,11.900001,9.900001],"tintindex":0,"rotation":0,"texture":"#0"},"down":{"uv":[2.4,12.0,1.2,13.2],"tintindex":0,"rotation":0,"texture":"#0"}}},{"from":[2.35,2.0999985,-4.0],"to":[2.35,4.0999985,8.0],"faces":{"east":{"uv":[10.8,7.2000003,9.6,7.4],"tintindex":0,"rotation":0,"texture":"#0"},"south":{"uv":[9.6,7.0,10.8,7.2000003],"tintindex":0,"rotation":0,"texture":"#0"},"north":{"uv":[6.0,3.7,7.2000003,3.9],"tintindex":0,"rotation":0,"texture":"#0"},"west":{"uv":[9.6,7.2000003,10.8,7.4],"tintindex":0,"rotation":0,"texture":"#0"},"up":{"uv":[13.1,11.1,11.900001,9.900001],"tintindex":0,"rotation":0,"texture":"#0"},"down":{"uv":[2.4,12.0,1.2,13.2],"tintindex":0,"rotation":0,"texture":"#0"}}},{"from":[2.0,2.0999985,-3.8500004],"to":[14.0,4.0999985,-3.8500004],"faces":{"east":{"uv":[7.8,7.5,9.0,7.7000003],"tintindex":0,"rotation":0,"texture":"#0"},"south":{"uv":[7.2000003,3.7,6.0,3.9],"tintindex":0,"rotation":0,"texture":"#0"},"north":{"uv":[6.0,3.7,7.2000003,3.9],"tintindex":0,"rotation":0,"texture":"#0"},"west":{"uv":[9.6,7.2000003,10.8,7.4],"tintindex":0,"rotation":0,"texture":"#0"},"up":{"uv":[13.1,11.1,11.900001,9.900001],"tintindex":0,"rotation":0,"texture":"#0"},"down":{"uv":[2.4,12.0,1.2,13.2],"tintindex":0,"rotation":0,"texture":"#0"}}}],"display":{"gui":{"rotation":[30,225,0]}}}