{"textures":{"0":"modelengine:entity/modelfoundry_mutant_zombie_strong"},"elements":[{"from":[4.0,-9.0,4.0],"to":[12.0,10.0,12.0],"faces":{"east":{"uv":[4.1,11.400001,4.9,13.3],"tintindex":0,"rotation":0,"texture":"#0"},"south":{"uv":[4.9,11.400001,5.7000003,13.3],"tintindex":0,"rotation":0,"texture":"#0"},"north":{"uv":[11.1,9.900001,11.900001,11.8],"tintindex":0,"rotation":0,"texture":"#0"},"west":{"uv":[5.7000003,11.400001,6.5,13.3],"tintindex":0,"rotation":0,"texture":"#0"},"up":{"uv":[4.6,14.1,3.8,13.3],"tintindex":0,"rotation":0,"texture":"#0"},"down":{"uv":[5.4,13.3,4.6,14.1],"tintindex":0,"rotation":0,"texture":"#0"}}}],"display":{"gui":{"rotation":[30,225,0]}}}