{"textures":{"0":"modelengine:entity/modelfoundry_mutant_zombie_strong"},"elements":[{"from":[2.0,-5.5,3.0],"to":[12.0,11.5,13.0],"faces":{"east":{"uv":[8.1,9.7,9.1,11.400001],"tintindex":0,"rotation":0,"texture":"#0"},"south":{"uv":[9.8,1.8000001,10.8,3.5],"tintindex":0,"rotation":0,"texture":"#0"},"north":{"uv":[7.1,9.7,8.1,11.400001],"tintindex":0,"rotation":0,"texture":"#0"},"west":{"uv":[10.1,0.0,11.1,1.7],"tintindex":0,"rotation":0,"texture":"#0"},"up":{"uv":[2.1000001,14.2,1.1,13.2],"tintindex":0,"rotation":0,"texture":"#0"},"down":{"uv":[14.2,1.1,13.2,2.1000001],"tintindex":0,"rotation":0,"texture":"#0"}}}],"display":{"gui":{"rotation":[30,225,0]}}}