{"textures":{"0":"modelengine:entity/modelfoundry_mutant_zombie_strong"},"elements":[{"from":[5.0,-8.0,5.0],"to":[11.0,9.0,11.0],"faces":{"east":{"uv":[11.5,13.0,12.1,14.7],"tintindex":0,"rotation":0,"texture":"#0"},"south":{"uv":[3.2,13.1,3.8,14.8],"tintindex":0,"rotation":0,"texture":"#0"},"north":{"uv":[10.900001,13.0,11.5,14.7],"tintindex":0,"rotation":0,"texture":"#0"},"west":{"uv":[12.1,13.1,12.7,14.8],"tintindex":0,"rotation":0,"texture":"#0"},"up":{"uv":[3.0,5.2000003,2.4,4.6],"tintindex":0,"rotation":0,"texture":"#0"},"down":{"uv":[3.0,5.2000003,2.4,5.8],"tintindex":0,"rotation":0,"texture":"#0"}}}],"display":{"gui":{"rotation":[30,225,0]}}}