{"textures":{"0":"modelengine:entity/modelfoundry_mutant_zombie_strong"},"elements":[{"from":[1.0,-1.5,4.0],"to":[9.0,11.5,12.0],"faces":{"east":{"uv":[10.1,12.0,10.900001,13.3],"tintindex":0,"rotation":0,"texture":"#0"},"south":{"uv":[12.400001,4.4,13.2,5.7000003],"tintindex":0,"rotation":0,"texture":"#0"},"north":{"uv":[3.2,11.8,4.0,13.1],"tintindex":0,"rotation":0,"texture":"#0"},"west":{"uv":[12.400001,5.7000003,13.2,7.0],"tintindex":0,"rotation":0,"texture":"#0"},"up":{"uv":[14.0,7.2000003,13.2,6.4],"tintindex":0,"rotation":0,"texture":"#0"},"down":{"uv":[9.7,13.2,8.900001,14.0],"tintindex":0,"rotation":0,"texture":"#0"}}}],"display":{"gui":{"rotation":[30,225,0]}}}