{"textures":{"0":"modelengine:entity/modelfoundry_mutant_zombie_strong"},"elements":[{"from":[2.0500002,8.0,0.0],"to":[13.95,13.0,12.0],"faces":{"east":{"uv":[13.5,12.3,14.7,12.8],"tintindex":0,"rotation":0,"texture":"#0"},"south":{"uv":[13.6,3.5,14.8,4.0],"tintindex":0,"rotation":0,"texture":"#0"},"north":{"uv":[13.400001,0.6,14.6,1.1],"tintindex":0,"rotation":0,"texture":"#0"},"west":{"uv":[13.7,12.8,14.900001,13.3],"tintindex":0,"rotation":0,"texture":"#0"},"up":{"uv":[14.7,12.3,13.5,11.1],"tintindex":0,"rotation":0,"texture":"#0"},"down":{"uv":[14.8,2.3,13.6,3.5],"tintindex":0,"rotation":0,"texture":"#0"}}},{"from":[13.75,7.700001,0.0],"to":[13.75,9.700001,12.0],"faces":{"east":{"uv":[13.400001,0.0,14.6,0.2],"tintindex":0,"rotation":0,"texture":"#0"},"south":{"uv":[13.400001,0.2,14.6,0.4],"tintindex":0,"rotation":0,"texture":"#0"},"north":{"uv":[9.7,13.3,10.900001,13.5],"tintindex":0,"rotation":0,"texture":"#0"},"west":{"uv":[14.6,0.0,13.400001,0.2],"tintindex":0,"rotation":0,"texture":"#0"},"up":{"uv":[13.400001,8.7,12.2,7.5],"tintindex":0,"rotation":0,"texture":"#0"},"down":{"uv":[13.400001,8.7,12.2,9.900001],"tintindex":0,"rotation":0,"texture":"#0"}}},{"from":[2.0,7.700001,0.25],"to":[14.0,9.700001,0.25],"faces":{"east":{"uv":[13.400001,0.0,14.6,0.2],"tintindex":0,"rotation":0,"texture":"#0"},"south":{"uv":[10.900001,13.3,9.7,13.5],"tintindex":0,"rotation":0,"texture":"#0"},"north":{"uv":[9.7,13.3,10.900001,13.5],"tintindex":0,"rotation":0,"texture":"#0"},"west":{"uv":[13.400001,0.4,14.6,0.6],"tintindex":0,"rotation":0,"texture":"#0"},"up":{"uv":[13.400001,8.7,12.2,7.5],"tintindex":0,"rotation":0,"texture":"#0"},"down":{"uv":[13.400001,8.7,12.2,9.900001],"tintindex":0,"rotation":0,"texture":"#0"}}},{"from":[2.01,6.01,0.01],"to":[13.99,7.99,11.99],"faces":{"east":{"uv":[13.1,10.900001,14.3,11.1],"tintindex":0,"rotation":0,"texture":"#0"},"south":{"uv":[13.2,2.1000001,14.400001,2.3],"tintindex":0,"rotation":0,"texture":"#0"},"north":{"uv":[12.400001,7.2000003,13.6,7.4],"tintindex":0,"rotation":0,"texture":"#0"},"west":{"uv":[7.0,13.3,8.2,13.5],"tintindex":0,"rotation":0,"texture":"#0"},"up":{"uv":[13.2,2.4,12.0,1.2],"tintindex":0,"rotation":0,"texture":"#0"},"down":{"uv":[10.1,12.0,8.900001,13.2],"tintindex":0,"rotation":0,"texture":"#0"}}},{"from":[2.25,7.700001,0.0],"to":[2.25,9.700001,12.0],"faces":{"east":{"uv":[13.400001,0.0,14.6,0.2],"tintindex":0,"rotation":0,"texture":"#0"},"south":{"uv":[13.400001,0.2,14.6,0.4],"tintindex":0,"rotation":0,"texture":"#0"},"north":{"uv":[9.7,13.3,10.900001,13.5],"tintindex":0,"rotation":0,"texture":"#0"},"west":{"uv":[14.6,0.0,13.400001,0.2],"tintindex":0,"rotation":0,"texture":"#0"},"up":{"uv":[13.400001,8.7,12.2,7.5],"tintindex":0,"rotation":0,"texture":"#0"},"down":{"uv":[13.400001,8.7,12.2,9.900001],"tintindex":0,"rotation":0,"texture":"#0"}}},{"from":[2.5,8.0,2.0],"to":[13.5,14.0,12.0],"faces":{"east":{"uv":[7.0,13.5,8.0,14.1],"tintindex":0,"rotation":0,"texture":"#0"},"south":{"uv":[13.400001,9.0,14.5,9.6],"tintindex":0,"rotation":0,"texture":"#0"},"north":{"uv":[13.400001,8.400001,14.5,9.0],"tintindex":0,"rotation":0,"texture":"#0"},"west":{"uv":[9.7,13.5,10.7,14.1],"tintindex":0,"rotation":0,"texture":"#0"},"up":{"uv":[1.1,14.400001,0.0,13.400001],"tintindex":0,"rotation":0,"texture":"#0"},"down":{"uv":[14.5,7.4,13.400001,8.400001],"tintindex":0,"rotation":0,"texture":"#0"}}}],"display":{"gui":{"rotation":[30,225,0]}}}