{"textures":{"0":"modelengine:entity/modelfoundry_mutant_zombie_strong"},"elements":[{"from":[3.5,-11.25,3.5],"to":[12.5,-1.25,12.5],"faces":{"east":{"uv":[4.1,7.7000003,5.9,9.7],"tintindex":0,"rotation":0,"texture":"#0"},"south":{"uv":[5.9,7.7000003,7.7000003,9.7],"tintindex":0,"rotation":0,"texture":"#0"},"north":{"uv":[7.7000003,3.7,9.5,5.7000003],"tintindex":0,"rotation":0,"texture":"#0"},"west":{"uv":[7.7000003,7.7000003,9.5,9.7],"tintindex":0,"rotation":0,"texture":"#0"},"up":{"uv":[9.6,7.5,7.8,5.7000003],"tintindex":0,"rotation":0,"texture":"#0"},"down":{"uv":[10.1,0.0,8.3,1.8000001],"tintindex":0,"rotation":0,"texture":"#0"}}},{"from":[4.5,-1.25,4.5],"to":[11.5,8.25,11.5],"faces":{"east":{"uv":[8.400001,1.8000001,9.8,3.7],"tintindex":0,"rotation":0,"texture":"#0"},"south":{"uv":[0.0,9.0,1.4,10.900001],"tintindex":0,"rotation":0,"texture":"#0"},"north":{"uv":[1.7,8.400001,3.1000001,10.3],"tintindex":0,"rotation":0,"texture":"#0"},"west":{"uv":[9.5,3.7,10.900001,5.6],"tintindex":0,"rotation":0,"texture":"#0"},"up":{"uv":[10.900001,8.900001,9.5,7.5],"tintindex":0,"rotation":0,"texture":"#0"},"down":{"uv":[10.900001,8.900001,9.5,10.3],"tintindex":0,"rotation":0,"texture":"#0"}}}],"display":{"gui":{"rotation":[30,225,0]}}}