{"textures":{"0":"modelengine:entity/modelfoundry_mutant_zombie_strong"},"elements":[{"from":[4.0,-9.0,4.0],"to":[12.0,10.0,12.0],"faces":{"east":{"uv":[7.3,11.400001,8.1,13.3],"tintindex":0,"rotation":0,"texture":"#0"},"south":{"uv":[8.1,11.400001,8.900001,13.3],"tintindex":0,"rotation":0,"texture":"#0"},"north":{"uv":[6.5,11.400001,7.3,13.3],"tintindex":0,"rotation":0,"texture":"#0"},"west":{"uv":[2.4,11.8,3.2,13.7],"tintindex":0,"rotation":0,"texture":"#0"},"up":{"uv":[6.2000003,14.1,5.4,13.3],"tintindex":0,"rotation":0,"texture":"#0"},"down":{"uv":[7.0,13.3,6.2000003,14.1],"tintindex":0,"rotation":0,"texture":"#0"}}}],"display":{"gui":{"rotation":[30,225,0]}}}