{"textures":{"0":"modelengine:entity/modelfoundry_mutant_zombie_strong"},"elements":[{"from":[8.416666,-4.416666,5.5],"to":[13.416666,4.083334,10.5],"faces":{"east":{"uv":[4.1,9.7,5.1,11.400001],"tintindex":0,"rotation":0,"texture":"#0"},"south":{"uv":[5.1,9.7,6.1,11.400001],"tintindex":0,"rotation":0,"texture":"#0"},"north":{"uv":[3.1000001,8.400001,4.1,10.1],"tintindex":0,"rotation":0,"texture":"#0"},"west":{"uv":[6.1,9.7,7.1,11.400001],"tintindex":0,"rotation":0,"texture":"#0"},"up":{"uv":[14.1,10.900001,13.1,9.900001],"tintindex":0,"rotation":0,"texture":"#0"},"down":{"uv":[13.7,13.1,12.7,14.1],"tintindex":0,"rotation":0,"texture":"#0"}}},{"from":[7.9166665,4.083334,5.0],"to":[14.416666,11.083334,11.0],"faces":{"east":{"uv":[10.8,1.7,12.0,3.1000001],"tintindex":0,"rotation":0,"texture":"#0"},"south":{"uv":[9.6,5.6,10.900001,7.0],"tintindex":0,"rotation":0,"texture":"#0"},"north":{"uv":[4.1,6.2000003,5.4,7.6],"tintindex":0,"rotation":0,"texture":"#0"},"west":{"uv":[0.0,10.900001,1.2,12.3],"tintindex":0,"rotation":0,"texture":"#0"},"up":{"uv":[12.2,8.7,10.900001,7.5],"tintindex":0,"rotation":0,"texture":"#0"},"down":{"uv":[12.2,8.7,10.900001,9.900001],"tintindex":0,"rotation":0,"texture":"#0"}}}],"display":{"gui":{"rotation":[30,225,0]}}}