{"textures":{"0":"modelengine:entity/modelfoundry_mutant_zombie_strong"},"elements":[{"from":[-4.0,8.0,-0.5],"to":[20.0,30.0,16.5],"faces":{"east":{"uv":[2.4,6.2000003,4.1,8.400001],"tintindex":0,"rotation":0,"texture":"#0"},"south":{"uv":[0.0,4.6,2.4,6.8],"tintindex":0,"rotation":0,"texture":"#0"},"north":{"uv":[3.0,4.0,5.4,6.2000003],"tintindex":0,"rotation":0,"texture":"#0"},"west":{"uv":[0.0,6.8,1.7,9.0],"tintindex":0,"rotation":0,"texture":"#0"},"up":{"uv":[8.400001,3.7,6.0,2.0],"tintindex":0,"rotation":0,"texture":"#0"},"down":{"uv":[7.8,6.0,5.4,7.7000003],"tintindex":0,"rotation":0,"texture":"#0"}}}],"display":{"gui":{"rotation":[30,225,0]}}}