{"textures":{"0":"modelengine:entity/modelfoundry_mutant_zombie_vfx_rush"},"elements":[{"from":[8.0,-6.0,-16.0],"to":[8.0,14.0,32.0],"faces":{"east":{"uv":[0.0,0.0,8.0,3.3333335],"tintindex":0,"rotation":0,"texture":"#0"},"west":{"uv":[0.0,3.3333335,8.0,6.666667],"tintindex":0,"rotation":0,"texture":"#0"}}},{"from":[0.0,7.0,-16.0],"to":[0.0,19.0,32.0],"faces":{"east":{"uv":[16.0,0.0,8.0,2.0],"tintindex":0,"rotation":0,"texture":"#0"},"west":{"uv":[8.0,0.0,16.0,2.0],"tintindex":0,"rotation":0,"texture":"#0"}}},{"from":[16.0,3.0,-16.0],"to":[16.0,15.0,32.0],"faces":{"east":{"uv":[16.0,0.0,8.0,2.0],"tintindex":0,"rotation":0,"texture":"#0"},"west":{"uv":[8.0,0.0,16.0,2.0],"tintindex":0,"rotation":0,"texture":"#0"}}}],"display":{"gui":{"rotation":[30,225,0]}}}