{"textures":{"0":"modelengine:entity/modelfoundry_mutant_zombie_vfx_smash"},"elements":[{"from":[-4.8744297,3.6422515,8.065769],"to":[0.6255703,5.642251,15.065769],"faces":{"east":{"uv":[10.25,0.0,13.75,1.0],"tintindex":0,"rotation":0,"texture":"#0"},"south":{"uv":[11.75,12.0,14.5,13.0],"tintindex":0,"rotation":0,"texture":"#0"},"north":{"uv":[11.75,11.0,14.5,12.0],"tintindex":0,"rotation":0,"texture":"#0"},"west":{"uv":[10.25,1.0,13.75,2.0],"tintindex":0,"rotation":0,"texture":"#0"},"up":{"uv":[9.25,8.25,6.5,4.75],"tintindex":0,"rotation":0,"texture":"#0"},"down":{"uv":[10.25,0.0,7.5,3.5],"tintindex":0,"rotation":0,"texture":"#0"}},"rotation":{"origin":[3.6255703,16.14225,14.565769],"angle":-22.5,"axis":"z"}},{"from":[19.62557,6.564703,-1.5291386],"to":[27.12557,10.064703,7.970862],"faces":{"east":{"uv":[6.5,8.25,11.25,10.0],"tintindex":0,"rotation":0,"texture":"#0"},"south":{"uv":[9.25,5.25,13.0,7.0],"tintindex":0,"rotation":0,"texture":"#0"},"north":{"uv":[9.25,3.5,13.0,5.25],"tintindex":0,"rotation":0,"texture":"#0"},"west":{"uv":[0.0,9.0,4.75,10.75],"tintindex":0,"rotation":0,"texture":"#0"},"up":{"uv":[3.75,4.75,0.0,0.0],"tintindex":0,"rotation":0,"texture":"#0"},"down":{"uv":[7.5,0.0,3.75,4.75],"tintindex":0,"rotation":0,"texture":"#0"}}},{"from":[1.6255703,7.564703,-6.0291386],"to":[6.1255703,10.064703,-1.0291386],"faces":{"east":{"uv":[9.25,11.0,11.75,12.25],"tintindex":0,"rotation":0,"texture":"#0"},"south":{"uv":[2.25,11.75,4.5,13.0],"tintindex":0,"rotation":0,"texture":"#0"},"north":{"uv":[0.0,11.75,2.25,13.0],"tintindex":0,"rotation":0,"texture":"#0"},"west":{"uv":[11.25,8.0,13.75,9.25],"tintindex":0,"rotation":0,"texture":"#0"},"up":{"uv":[7.0,12.5,4.75,10.0],"tintindex":0,"rotation":0,"texture":"#0"},"down":{"uv":[9.25,10.0,7.0,12.5],"tintindex":0,"rotation":0,"texture":"#0"}},"rotation":{"origin":[3.6255703,7.564703,-3.5291386],"angle":-22.5,"axis":"x"}},{"from":[7.1255703,4.564703,16.970861],"to":[13.62557,6.564703,25.470861],"faces":{"east":{"uv":[9.25,7.0,13.5,8.0],"tintindex":0,"rotation":0,"texture":"#0"},"south":{"uv":[0.0,10.75,3.25,11.75],"tintindex":0,"rotation":0,"texture":"#0"},"north":{"uv":[10.25,2.0,13.5,3.0],"tintindex":0,"rotation":0,"texture":"#0"},"west":{"uv":[9.25,10.0,13.5,11.0],"tintindex":0,"rotation":0,"texture":"#0"},"up":{"uv":[3.25,9.0,0.0,4.75],"tintindex":0,"rotation":0,"texture":"#0"},"down":{"uv":[6.5,4.75,3.25,9.0],"tintindex":0,"rotation":0,"texture":"#0"}},"rotation":{"origin":[6.3755703,7.564703,21.970861],"angle":22.5,"axis":"z"}}],"display":{"gui":{"rotation":[30,225,0]}}}