{"overrides":[{"predicate":{"custom_model_data":1},"model":"modelengine:modelfoundry_mutant_zombie_speed/left_leg"},{"predicate":{"custom_model_data":2},"model":"modelengine:modelfoundry_mutant_zombie_speed/right_leg"},{"predicate":{"custom_model_data":3},"model":"modelengine:modelfoundry_mutant_zombie_speed/body"},{"predicate":{"custom_model_data":4},"model":"modelengine:modelfoundry_mutant_zombie_speed/bone"},{"predicate":{"custom_model_data":5},"model":"modelengine:modelfoundry_mutant_zombie_speed/left_leg2"},{"predicate":{"custom_model_data":6},"model":"modelengine:modelfoundry_mutant_zombie_speed/right_leg2"},{"predicate":{"custom_model_data":7},"model":"modelengine:modelfoundry_mutant_zombie_speed/waist"},{"predicate":{"custom_model_data":8},"model":"modelengine:modelfoundry_mutant_zombie_speed/chest"},{"predicate":{"custom_model_data":9},"model":"modelengine:modelfoundry_mutant_zombie_speed/head"},{"predicate":{"custom_model_data":10},"model":"modelengine:modelfoundry_mutant_zombie_speed/right_arm"},{"predicate":{"custom_model_data":11},"model":"modelengine:modelfoundry_mutant_zombie_speed/left_arm"},{"predicate":{"custom_model_data":12},"model":"modelengine:modelfoundry_mutant_zombie_speed/mouth"},{"predicate":{"custom_model_data":13},"model":"modelengine:modelfoundry_mutant_zombie_speed/right_arm2"},{"predicate":{"custom_model_data":14},"model":"modelengine:modelfoundry_mutant_zombie_speed/left_arm2"},{"predicate":{"custom_model_data":15},"model":"modelengine:modelfoundry_mutant_zombie_strong/left_leg"},{"predicate":{"custom_model_data":16},"model":"modelengine:modelfoundry_mutant_zombie_strong/right_leg"},{"predicate":{"custom_model_data":17},"model":"modelengine:modelfoundry_mutant_zombie_strong/body"},{"predicate":{"custom_model_data":18},"model":"modelengine:modelfoundry_mutant_zombie_strong/left_leg2"},{"predicate":{"custom_model_data":19},"model":"modelengine:modelfoundry_mutant_zombie_strong/right_leg2"},{"predicate":{"custom_model_data":20},"model":"modelengine:modelfoundry_mutant_zombie_strong/waist"},{"predicate":{"custom_model_data":21},"model":"modelengine:modelfoundry_mutant_zombie_strong/chest"},{"predicate":{"custom_model_data":22},"model":"modelengine:modelfoundry_mutant_zombie_strong/head"},{"predicate":{"custom_model_data":23},"model":"modelengine:modelfoundry_mutant_zombie_strong/right_arm"},{"predicate":{"custom_model_data":24},"model":"modelengine:modelfoundry_mutant_zombie_strong/left_arm"},{"predicate":{"custom_model_data":25},"model":"modelengine:modelfoundry_mutant_zombie_strong/mouth"},{"predicate":{"custom_model_data":26},"model":"modelengine:modelfoundry_mutant_zombie_strong/right_arm2"},{"predicate":{"custom_model_data":27},"model":"modelengine:modelfoundry_mutant_zombie_strong/left_arm2"},{"predicate":{"custom_model_data":28},"model":"modelengine:modelfoundry_mutant_zombie_vfx_dagger/bone"},{"predicate":{"custom_model_data":29},"model":"modelengine:modelfoundry_mutant_zombie_vfx_hammer/octagon"},{"predicate":{"custom_model_data":30},"model":"modelengine:modelfoundry_mutant_zombie_vfx_rush/bone"},{"predicate":{"custom_model_data":31},"model":"modelengine:modelfoundry_mutant_zombie_vfx_rush/bone2"},{"predicate":{"custom_model_data":32},"model":"modelengine:modelfoundry_mutant_zombie_vfx_smash/bone"},{"predicate":{"custom_model_data":33},"model":"modelengine:modelfoundry_mutant_zombie_vfx_smash/bone2"},{"predicate":{"custom_model_data":34},"model":"modelengine:ghoul/left_leg"},{"predicate":{"custom_model_data":35},"model":"modelengine:ghoul/upper_body"},{"predicate":{"custom_model_data":36},"model":"modelengine:ghoul/right_leg"},{"predicate":{"custom_model_data":37},"model":"modelengine:ghoul/left_ankle"},{"predicate":{"custom_model_data":38},"model":"modelengine:ghoul/chest"},{"predicate":{"custom_model_data":39},"model":"modelengine:ghoul/right_ankle"},{"predicate":{"custom_model_data":40},"model":"modelengine:ghoul/left_foot"},{"predicate":{"custom_model_data":41},"model":"modelengine:ghoul/head"},{"predicate":{"custom_model_data":42},"model":"modelengine:ghoul/right_arm"},{"predicate":{"custom_model_data":43},"model":"modelengine:ghoul/left_arm"},{"predicate":{"custom_model_data":44},"model":"modelengine:ghoul/right_foot"},{"predicate":{"custom_model_data":45},"model":"modelengine:ghoul/jaw"},{"predicate":{"custom_model_data":46},"model":"modelengine:ghoul/right_wrist"},{"predicate":{"custom_model_data":47},"model":"modelengine:ghoul/left_wrist"},{"predicate":{"custom_model_data":48},"model":"modelengine:ghoul/right_finger"},{"predicate":{"custom_model_data":49},"model":"modelengine:ghoul/right_thumb"},{"predicate":{"custom_model_data":50},"model":"modelengine:ghoul/left_thumb"},{"predicate":{"custom_model_data":51},"model":"modelengine:ghoul/left_finger"},{"predicate":{"custom_model_data":52},"model":"modelengine:nightharrow_wendigo/upper_body"},{"predicate":{"custom_model_data":53},"model":"modelengine:nightharrow_wendigo/left_thigh"},{"predicate":{"custom_model_data":54},"model":"modelengine:nightharrow_wendigo/right_thigh"},{"predicate":{"custom_model_data":55},"model":"modelengine:nightharrow_wendigo/stomach"},{"predicate":{"custom_model_data":56},"model":"modelengine:nightharrow_wendigo/left_leg"},{"predicate":{"custom_model_data":57},"model":"modelengine:nightharrow_wendigo/right_leg"},{"predicate":{"custom_model_data":58},"model":"modelengine:nightharrow_wendigo/chest"},{"predicate":{"custom_model_data":59},"model":"modelengine:nightharrow_wendigo/left_ankle"},{"predicate":{"custom_model_data":60},"model":"modelengine:nightharrow_wendigo/right_ankle"},{"predicate":{"custom_model_data":61},"model":"modelengine:nightharrow_wendigo/head"},{"predicate":{"custom_model_data":62},"model":"modelengine:nightharrow_wendigo/right_arm"},{"predicate":{"custom_model_data":63},"model":"modelengine:nightharrow_wendigo/left_arm"},{"predicate":{"custom_model_data":64},"model":"modelengine:nightharrow_wendigo/right_skull"},{"predicate":{"custom_model_data":65},"model":"modelengine:nightharrow_wendigo/left_skull"},{"predicate":{"custom_model_data":66},"model":"modelengine:nightharrow_wendigo/left_foot"},{"predicate":{"custom_model_data":67},"model":"modelengine:nightharrow_wendigo/right_foot"},{"predicate":{"custom_model_data":68},"model":"modelengine:nightharrow_wendigo/jaw"},{"predicate":{"custom_model_data":69},"model":"modelengine:nightharrow_wendigo/right_wrist"},{"predicate":{"custom_model_data":70},"model":"modelengine:nightharrow_wendigo/right_shoulder"},{"predicate":{"custom_model_data":71},"model":"modelengine:nightharrow_wendigo/left_wrist"},{"predicate":{"custom_model_data":72},"model":"modelengine:nightharrow_wendigo/left_shoulder"},{"predicate":{"custom_model_data":73},"model":"modelengine:nightharrow_wendigo/right_hand"},{"predicate":{"custom_model_data":74},"model":"modelengine:nightharrow_wendigo/left_hand"},{"predicate":{"custom_model_data":75},"model":"modelengine:nightharrow_wendigo/weapon"},{"predicate":{"custom_model_data":76},"model":"modelengine:nightharrow_wendigo/right_fingers"},{"predicate":{"custom_model_data":77},"model":"modelengine:nightharrow_wendigo/left_fingers"},{"predicate":{"custom_model_data":78},"model":"modelengine:nightharrow_wendigo_ghost/upper_body"},{"predicate":{"custom_model_data":79},"model":"modelengine:nightharrow_wendigo_ghost/left_thigh"},{"predicate":{"custom_model_data":80},"model":"modelengine:nightharrow_wendigo_ghost/right_thigh"},{"predicate":{"custom_model_data":81},"model":"modelengine:nightharrow_wendigo_ghost/stomach"},{"predicate":{"custom_model_data":82},"model":"modelengine:nightharrow_wendigo_ghost/left_leg"},{"predicate":{"custom_model_data":83},"model":"modelengine:nightharrow_wendigo_ghost/right_leg"},{"predicate":{"custom_model_data":84},"model":"modelengine:nightharrow_wendigo_ghost/chest"},{"predicate":{"custom_model_data":85},"model":"modelengine:nightharrow_wendigo_ghost/left_ankle"},{"predicate":{"custom_model_data":86},"model":"modelengine:nightharrow_wendigo_ghost/right_ankle"},{"predicate":{"custom_model_data":87},"model":"modelengine:nightharrow_wendigo_ghost/head"},{"predicate":{"custom_model_data":88},"model":"modelengine:nightharrow_wendigo_ghost/right_arm"},{"predicate":{"custom_model_data":89},"model":"modelengine:nightharrow_wendigo_ghost/left_arm"},{"predicate":{"custom_model_data":90},"model":"modelengine:nightharrow_wendigo_ghost/right_skull"},{"predicate":{"custom_model_data":91},"model":"modelengine:nightharrow_wendigo_ghost/left_skull"},{"predicate":{"custom_model_data":92},"model":"modelengine:nightharrow_wendigo_ghost/left_foot"},{"predicate":{"custom_model_data":93},"model":"modelengine:nightharrow_wendigo_ghost/right_foot"},{"predicate":{"custom_model_data":94},"model":"modelengine:nightharrow_wendigo_ghost/jaw"},{"predicate":{"custom_model_data":95},"model":"modelengine:nightharrow_wendigo_ghost/right_wrist"},{"predicate":{"custom_model_data":96},"model":"modelengine:nightharrow_wendigo_ghost/right_shoulder"},{"predicate":{"custom_model_data":97},"model":"modelengine:nightharrow_wendigo_ghost/left_wrist"},{"predicate":{"custom_model_data":98},"model":"modelengine:nightharrow_wendigo_ghost/left_shoulder"},{"predicate":{"custom_model_data":99},"model":"modelengine:nightharrow_wendigo_ghost/right_hand"},{"predicate":{"custom_model_data":100},"model":"modelengine:nightharrow_wendigo_ghost/left_hand"},{"predicate":{"custom_model_data":101},"model":"modelengine:nightharrow_wendigo_ghost/weapon"},{"predicate":{"custom_model_data":102},"model":"modelengine:nightharrow_wendigo_ghost/right_fingers"},{"predicate":{"custom_model_data":103},"model":"modelengine:nightharrow_wendigo_ghost/left_fingers"},{"predicate":{"custom_model_data":104},"model":"modelengine:specter/head"},{"predicate":{"custom_model_data":105},"model":"modelengine:specter/upper_body"},{"predicate":{"custom_model_data":106},"model":"modelengine:specter/right_arm"},{"predicate":{"custom_model_data":107},"model":"modelengine:specter/left_arm"},{"predicate":{"custom_model_data":108},"model":"modelengine:specter/jaw"},{"predicate":{"custom_model_data":109},"model":"modelengine:specter/lower_body"},{"predicate":{"custom_model_data":110},"model":"modelengine:specter/right_wrist"},{"predicate":{"custom_model_data":111},"model":"modelengine:specter/left_wrist"},{"predicate":{"custom_model_data":112},"model":"modelengine:specter/cloth"},{"predicate":{"custom_model_data":113},"model":"modelengine:specter/right_fingers"},{"predicate":{"custom_model_data":114},"model":"modelengine:specter/right_thumb"},{"predicate":{"custom_model_data":115},"model":"modelengine:specter/left_thumb"},{"predicate":{"custom_model_data":116},"model":"modelengine:specter/left_fingers"},{"predicate":{"custom_model_data":117},"model":"modelengine:zombie_brute/upper_body"},{"predicate":{"custom_model_data":118},"model":"modelengine:zombie_brute/left_leg"},{"predicate":{"custom_model_data":119},"model":"modelengine:zombie_brute/right_leg"},{"predicate":{"custom_model_data":120},"model":"modelengine:zombie_brute/stomach"},{"predicate":{"custom_model_data":121},"model":"modelengine:zombie_brute/left_ankle"},{"predicate":{"custom_model_data":122},"model":"modelengine:zombie_brute/right_ankle"},{"predicate":{"custom_model_data":123},"model":"modelengine:zombie_brute/chest"},{"predicate":{"custom_model_data":124},"model":"modelengine:zombie_brute/left_foot"},{"predicate":{"custom_model_data":125},"model":"modelengine:zombie_brute/right_foot"},{"predicate":{"custom_model_data":126},"model":"modelengine:zombie_brute/head"},{"predicate":{"custom_model_data":127},"model":"modelengine:zombie_brute/right_arm"},{"predicate":{"custom_model_data":128},"model":"modelengine:zombie_brute/left_arm"},{"predicate":{"custom_model_data":129},"model":"modelengine:zombie_brute/jaw"},{"predicate":{"custom_model_data":130},"model":"modelengine:zombie_brute/right_wrist"},{"predicate":{"custom_model_data":131},"model":"modelengine:zombie_brute/left_wrist"},{"predicate":{"custom_model_data":132},"model":"modelengine:zombie_brute/right_fist"},{"predicate":{"custom_model_data":133},"model":"modelengine:zombie_brute/right_thumb"},{"predicate":{"custom_model_data":134},"model":"modelengine:zombie_brute/right_fingers"}],"parent":"minecraft:item/generated","textures":{"layer0":"minecraft:item/leather_horse_armor"}}