{"textures":{"0":"modelengine:entity/modelfoundry_mutant_zombie_vfx_hammer"},"elements":[{"from":[24.0,8.0,1.3725829],"to":[24.0,17.0,14.627417],"faces":{"east":{"uv":[9.75,2.25,6.5,4.5],"tintindex":0,"rotation":0,"texture":"#0"},"west":{"uv":[6.5,2.25,9.75,4.5],"tintindex":0,"rotation":0,"texture":"#0"}},"rotation":{"origin":[8.0,14.0,8.0],"angle":-45.0,"axis":"y"}},{"from":[1.3725829,8.0,-8.0],"to":[14.627417,17.0,-8.0],"faces":{"south":{"uv":[6.5,2.25,9.75,4.5],"tintindex":0,"rotation":0,"texture":"#0"},"north":{"uv":[9.75,2.25,6.5,4.5],"tintindex":0,"rotation":0,"texture":"#0"}}},{"from":[-8.0,8.0,1.3725829],"to":[-8.0,17.0,14.627417],"faces":{"east":{"uv":[9.75,2.25,6.5,4.5],"tintindex":0,"rotation":0,"texture":"#0"},"west":{"uv":[6.5,2.25,9.75,4.5],"tintindex":0,"rotation":0,"texture":"#0"}}},{"from":[-8.0,8.0,1.3725829],"to":[-8.0,17.0,14.627417],"faces":{"east":{"uv":[9.75,2.25,6.5,4.5],"tintindex":0,"rotation":0,"texture":"#0"},"west":{"uv":[6.5,2.25,9.75,4.5],"tintindex":0,"rotation":0,"texture":"#0"}},"rotation":{"origin":[8.0,14.0,8.0],"angle":45.0,"axis":"y"}},{"from":[1.3725829,8.0,-8.0],"to":[14.627417,17.0,-8.0],"faces":{"south":{"uv":[0.0,0.0,3.25,2.25],"tintindex":0,"rotation":0,"texture":"#0"},"north":{"uv":[3.25,0.0,0.0,2.25],"tintindex":0,"rotation":0,"texture":"#0"}},"rotation":{"origin":[8.0,14.0,8.0],"angle":-45.0,"axis":"y"}},{"from":[1.3725829,8.0,-8.0],"to":[14.627417,17.0,-8.0],"faces":{"south":{"uv":[3.25,0.0,0.0,2.25],"tintindex":0,"rotation":0,"texture":"#0"},"north":{"uv":[0.0,0.0,3.25,2.25],"tintindex":0,"rotation":0,"texture":"#0"}},"rotation":{"origin":[8.0,14.0,8.0],"angle":45.0,"axis":"y"}},{"from":[24.0,8.0,1.3725829],"to":[24.0,17.0,14.627417],"faces":{"east":{"uv":[9.75,2.25,6.5,4.5],"tintindex":0,"rotation":0,"texture":"#0"},"west":{"uv":[6.5,2.25,9.75,4.5],"tintindex":0,"rotation":0,"texture":"#0"}}},{"from":[1.3725829,8.0,24.0],"to":[14.627417,17.0,24.0],"faces":{"south":{"uv":[6.5,2.25,9.75,4.5],"tintindex":0,"rotation":0,"texture":"#0"},"north":{"uv":[9.75,2.25,6.5,4.5],"tintindex":0,"rotation":0,"texture":"#0"}}}],"display":{"gui":{"rotation":[30,225,0]}}}