{
    "parent": "item/scifi/weapons/pistol/static",
    "gui_light": "front",
    "display": {
      "thirdperson_righthand": {
			"translation": [-0.75, 0, -1.25],
			"scale": [0.61, 0.61, 0.61]
		},
		"thirdperson_lefthand": {
			"translation": [-0.75, 0, -1.25],
			"scale": [0.61, 0.61, 0.61]
		},
      "firstperson_righthand": {
        "rotation": [31.5, 0, 0],
        "translation": [0, 5.75, -1.75]
      },
      "firstperson_lefthand": {
        "rotation": [31.5, 0, 0],
        "translation": [0, 5.75, -1.75]
      },
      "ground": {
			"scale": [0.41, 0.41, 0.41]
		},
		"gui": {
			"rotation": [90, -52.5, 90],
			"translation": [1.5, 2.5, 0],
			"scale": [1.22, 1.22, 1.22]
		},
		"fixed": {
			"rotation": [0, 90, 0]
		}
    }
  }