{
	"credit": "madybybananvovan",
	"textures": {
		"1": "item/scifi/weapons/pistol"
	},
	"elements": [
		{
			"from": [7.25, 8, 10.375],
			"to": [8.75, 9, 15],
			"rotation": {"angle": 0, "axis": "y", "origin": [7, 0, 0]},
			"faces": {
				"east": {"uv": [13.5, 1, 9, 2], "texture": "#1"},
				"south": {"uv": [8, 12, 9.5, 13], "texture": "#1"},
				"west": {"uv": [9, 1, 13.5, 2], "texture": "#1"}
			}
		},
		{
			"from": [7.25, 8, 5.5],
			"to": [8.75, 9, 10.375],
			"rotation": {"angle": 0, "axis": "y", "origin": [7, 0, 0]},
			"faces": {
				"north": {"uv": [12, 11, 13.5, 12], "texture": "#1"},
				"east": {"uv": [14, 0, 9, 1], "texture": "#1"},
				"west": {"uv": [9, 0, 14, 1], "texture": "#1"},
				"down": {"uv": [1.5, 4, 0, 9], "texture": "#1"}
			}
		},
		{
			"from": [7.25, 9, 11],
			"to": [8.75, 10.5, 15],
			"rotation": {"angle": 0, "axis": "y", "origin": [7, 0, 0]},
			"faces": {
				"north": {"uv": [6, 10, 7.5, 11.5], "texture": "#1"},
				"east": {"uv": [12, 2, 8, 3.5], "texture": "#1"},
				"south": {"uv": [4, 11, 5.5, 12.5], "texture": "#1"},
				"west": {"uv": [8, 2, 12, 3.5], "texture": "#1"},
				"up": {"uv": [5.5, 11, 4, 7], "texture": "#1"}
			}
		},
		{
			"from": [7.25, 9, 3],
			"to": [8.75, 10.5, 8],
			"rotation": {"angle": 0, "axis": "y", "origin": [7, 0, 0]},
			"faces": {
				"north": {"uv": [10, 11, 11.5, 12.5], "texture": "#1"},
				"east": {"uv": [9, 0, 4, 1.5], "texture": "#1"},
				"south": {"uv": [0, 12, 1.5, 13.5], "texture": "#1"},
				"west": {"uv": [4, 0, 9, 1.5], "texture": "#1"},
				"up": {"uv": [3.5, 9, 2, 4], "texture": "#1"},
				"down": {"uv": [5.5, 2, 4, 7], "texture": "#1"}
			}
		},
		{
			"from": [7.25, 9, 8],
			"to": [8.75, 9.5, 11],
			"rotation": {"angle": 0, "axis": "y", "origin": [7, 0, 0]},
			"faces": {
				"east": {"uv": [15, 12, 12, 12.5], "texture": "#1"},
				"west": {"uv": [12, 12, 15, 12.5], "texture": "#1"},
				"up": {"uv": [1.5, 12, 0, 9], "texture": "#1"}
			}
		},
		{
			"from": [7.625, 9.375, 8],
			"to": [8.625, 10.375, 11],
			"rotation": {"angle": 0, "axis": "y", "origin": [7, 0, 0]},
			"faces": {
				"east": {"uv": [10, 8, 13, 9], "texture": "#1"},
				"up": {"uv": [3, 12, 2, 9], "texture": "#1"}
			}
		},
		{
			"from": [7.25, 9.5, 8],
			"to": [7.75, 10.5, 11],
			"rotation": {"angle": 0, "axis": "y", "origin": [7, 0, 0]},
			"faces": {
				"east": {"uv": [13, 9, 10, 10], "texture": "#1"},
				"west": {"uv": [10, 9, 13, 10], "texture": "#1"},
				"up": {"uv": [4.5, 16, 4, 13], "texture": "#1"}
			}
		},
		{
			"from": [7.25, 10.5, 13.5],
			"to": [7.625, 11, 14.5],
			"rotation": {"angle": 0, "axis": "y", "origin": [7, 0, 0]},
			"faces": {
				"north": {"uv": [11, 13, 11.5, 13.5], "texture": "#1"},
				"east": {"uv": [14, 8, 13, 8.5], "texture": "#1"},
				"south": {"uv": [12, 13, 12.5, 13.5], "texture": "#1"},
				"west": {"uv": [13, 8, 14, 8.5], "texture": "#1"},
				"up": {"uv": [13.5, 10, 13, 9], "texture": "#1"}
			}
		},
		{
			"from": [8.375, 10.5, 13.5],
			"to": [8.75, 11, 14.5],
			"rotation": {"angle": 0, "axis": "y", "origin": [9, 0, 0]},
			"faces": {
				"north": {"uv": [11.5, 13, 11, 13.5], "texture": "#1"},
				"east": {"uv": [14, 8, 13, 8.5], "texture": "#1"},
				"south": {"uv": [12.5, 13, 12, 13.5], "texture": "#1"},
				"west": {"uv": [13, 8, 14, 8.5], "texture": "#1"},
				"up": {"uv": [13, 10, 13.5, 9], "texture": "#1"}
			}
		},
		{
			"from": [7.8125, 10.5, 3.5],
			"to": [8.1875, 11, 4.5],
			"rotation": {"angle": 0, "axis": "y", "origin": [7, 0, 0]},
			"faces": {
				"north": {"uv": [13, 13, 13.5, 13.5], "texture": "#1"},
				"east": {"uv": [11, 13, 10, 13.5], "texture": "#1"},
				"south": {"uv": [0, 14, 0.5, 14.5], "texture": "#1"},
				"west": {"uv": [10, 13, 11, 13.5], "texture": "#1"},
				"up": {"uv": [13.5, 11, 13, 10], "texture": "#1"}
			}
		},
		{
			"from": [7.5, 8, 3],
			"to": [8.5, 9, 5.5],
			"rotation": {"angle": 0, "axis": "y", "origin": [7, 0, 0]},
			"faces": {
				"north": {"uv": [5, 13, 6, 14], "texture": "#1"},
				"east": {"uv": [12.5, 10, 10, 11], "texture": "#1"},
				"west": {"uv": [10, 10, 12.5, 11], "texture": "#1"},
				"down": {"uv": [4, 9, 3, 11.5], "texture": "#1"}
			}
		},
		{
			"from": [7.25, 6.5, 10.375],
			"to": [8.75, 8, 13.875],
			"rotation": {"angle": 0, "axis": "y", "origin": [7, 0, 0]},
			"faces": {
				"north": {"uv": [2, 12, 3.5, 13.5], "texture": "#1"},
				"east": {"uv": [11.5, 4, 8, 5.5], "texture": "#1"},
				"south": {"uv": [12, 2, 13.5, 3.5], "texture": "#1"},
				"west": {"uv": [8, 4, 11.5, 5.5], "texture": "#1"}
			}
		},
		{
			"from": [7.2525, 7.27321, 13.3462],
			"to": [8.7475, 7.77321, 14.8462],
			"rotation": {"angle": -22.5, "axis": "x", "origin": [8.25, 8.02321, 13.0962]},
			"faces": {
				"east": {"uv": [9.5, 13, 8, 13.5], "texture": "#1"},
				"west": {"uv": [8, 13, 9.5, 13.5], "texture": "#1"},
				"down": {"uv": [13.5, 4, 12, 5.5], "texture": "#1"}
			}
		},
		{
			"from": [7.25, 2.5482, 11.40834],
			"to": [8.75, 4.0482, 14.90834],
			"rotation": {"angle": 0, "axis": "y", "origin": [7.0075, -3.9518, 1.25209]},
			"faces": {
				"north": {"uv": [6, 12, 7.5, 13.5], "texture": "#1"},
				"east": {"uv": [11.5, 6, 8, 7.5], "texture": "#1"},
				"south": {"uv": [12, 6, 13.5, 7.5], "texture": "#1"},
				"west": {"uv": [8, 6, 11.5, 7.5], "texture": "#1"},
				"down": {"uv": [9.5, 8, 8, 11.5], "texture": "#1"}
			}
		},
		{
			"from": [7.5, 2.0482, 11.90834],
			"to": [8.5, 2.5482, 14.40834],
			"rotation": {"angle": 0, "axis": "y", "origin": [7.0075, -3.9518, 1.25209]},
			"faces": {
				"north": {"uv": [0, 15, 1, 15.5], "texture": "#1"},
				"east": {"uv": [2.5, 15.5, 0, 16], "texture": "#1"},
				"south": {"uv": [1.5, 15, 2.5, 15.5], "texture": "#1"},
				"west": {"uv": [0, 15.5, 2.5, 16], "texture": "#1"},
				"down": {"uv": [16, 0, 15, 2.5], "texture": "#1"}
			}
		},
		{
			"from": [7.2525, 2.8441, 10.60492],
			"to": [8.7475, 6.8441, 13.85492],
			"rotation": {"angle": -22.5, "axis": "x", "origin": [8, 6.0941, 11.35492]},
			"faces": {
				"north": {"uv": [6, 2, 7.5, 6], "texture": "#1"},
				"east": {"uv": [3.5, 0, 0, 4], "texture": "#1"},
				"south": {"uv": [6, 6, 7.5, 10], "texture": "#1"},
				"west": {"uv": [0, 0, 3.5, 4], "texture": "#1"}
			}
		}
	],
	"gui_light": "front",
	"display": {
		"thirdperson_righthand": {
			"translation": [-0.75, 0, -1.25],
			"scale": [0.61, 0.61, 0.61]
		},
		"thirdperson_lefthand": {
			"translation": [-0.75, 0, -1.25],
			"scale": [0.61, 0.61, 0.61]
		},
		"firstperson_righthand": {
			"rotation": [0, 0, 6.25],
			"translation": [-2.25, 2, -3.5]
		},
		"firstperson_lefthand": {
			"rotation": [0, 0, 6.25],
			"translation": [-2.25, 2, -3.5]
		},
		"ground": {
			"scale": [0.41, 0.41, 0.41]
		},
		"gui": {
			"rotation": [90, -52.5, 90],
			"translation": [1.5, 2.5, 0],
			"scale": [1.22, 1.22, 1.22]
		},
		"fixed": {
			"rotation": [0, 90, 0]
		}
	},
	"groups": [
		{
			"name": "group",
			"origin": [7, 0, 0],
			"color": 0,
			"nbt": "{}",
			"children": [0, 1, 2, 3, 4, 5, 6, 7, 8, 9, 10, 11, 12, 13, 14, 15]
		}
	]
}