{"textures":{"0":"modelengine:entity/boneshadingdefender","8":"modelengine:entity/fallen_defendress"},"elements":[{"from":[6.4500003,2.8,6.3],"to":[9.849999,9.2,9.7],"faces":{"east":{"uv":[0.504,6.5,5.496,11.996],"tintindex":0,"rotation":0,"texture":"#0"},"south":{"uv":[0.504,6.5,5.496,11.996],"tintindex":0,"rotation":0,"texture":"#0"},"north":{"uv":[0.504,3.0,5.496,11.996],"tintindex":0,"rotation":0,"texture":"#0"},"west":{"uv":[0.504,6.5,5.496,11.996],"tintindex":0,"rotation":0,"texture":"#0"},"up":{"uv":[0.504,7.0,5.496,11.996],"tintindex":0,"rotation":0,"texture":"#0"},"down":{"uv":[0.504,7.0,5.496,11.996],"tintindex":0,"rotation":0,"texture":"#0"}}},{"from":[8.1,6.875,6.0],"to":[10.1,8.475,10.0],"faces":{"east":{"uv":[6.3125,5.5,6.5625,5.625],"tintindex":0,"rotation":0,"texture":"#8"},"south":{"uv":[5.0,7.875,5.125,8.0],"tintindex":0,"rotation":0,"texture":"#8"},"north":{"uv":[7.875,4.8125,8.0,4.9375],"tintindex":0,"rotation":0,"texture":"#8"},"west":{"uv":[6.3125,5.875,6.5625,6.0],"tintindex":0,"rotation":0,"texture":"#8"},"up":{"uv":[5.9375,6.5625,5.8125,6.3125],"tintindex":0,"rotation":0,"texture":"#8"},"down":{"uv":[0.625,6.375,0.5,6.625],"tintindex":0,"rotation":0,"texture":"#8"}}},{"from":[6.15,8.9375,6.15],"to":[9.85,9.637501,9.85],"faces":{"east":{"uv":[7.875,6.125,8.125,6.1875],"tintindex":0,"rotation":0,"texture":"#8"},"south":{"uv":[6.25,7.875,6.5,7.9375],"tintindex":0,"rotation":0,"texture":"#8"},"north":{"uv":[7.875,5.6875,8.125,5.75],"tintindex":0,"rotation":0,"texture":"#8"},"west":{"uv":[7.875,6.25,8.125,6.3125],"tintindex":0,"rotation":0,"texture":"#8"},"up":{"uv":[2.125,4.25,1.875,4.0],"tintindex":0,"rotation":0,"texture":"#8"},"down":{"uv":[2.4375,4.0,2.1875,4.25],"tintindex":0,"rotation":0,"texture":"#8"}}},{"from":[8.1,3.375,6.0],"to":[10.1,4.9750004,10.0],"faces":{"east":{"uv":[6.3125,3.3125,6.5625,3.4375],"tintindex":0,"rotation":0,"texture":"#8"},"south":{"uv":[7.875,4.625,8.0,4.75],"tintindex":0,"rotation":0,"texture":"#8"},"north":{"uv":[7.875,4.4375,8.0,4.5625],"tintindex":0,"rotation":0,"texture":"#8"},"west":{"uv":[6.3125,4.8125,6.5625,4.9375],"tintindex":0,"rotation":0,"texture":"#8"},"up":{"uv":[5.375,6.5625,5.25,6.3125],"tintindex":0,"rotation":0,"texture":"#8"},"down":{"uv":[5.75,6.3125,5.625,6.5625],"tintindex":0,"rotation":0,"texture":"#8"}}},{"from":[5.9,5.125,6.0],"to":[7.9,6.7250004,10.0],"faces":{"east":{"uv":[6.375,2.25,6.625,2.375],"tintindex":0,"rotation":0,"texture":"#8"},"south":{"uv":[5.6875,7.875,5.8125,8.0],"tintindex":0,"rotation":0,"texture":"#8"},"north":{"uv":[7.875,5.5,8.0,5.625],"tintindex":0,"rotation":0,"texture":"#8"},"west":{"uv":[6.375,4.125,6.625,4.25],"tintindex":0,"rotation":0,"texture":"#8"},"up":{"uv":[6.5,4.5625,6.375,4.3125],"tintindex":0,"rotation":0,"texture":"#8"},"down":{"uv":[4.9375,6.375,4.8125,6.625],"tintindex":0,"rotation":0,"texture":"#8"}}},{"from":[8.1,5.125,6.0],"to":[10.1,6.7250004,10.0],"faces":{"east":{"uv":[6.3125,1.375,6.5625,1.5],"tintindex":0,"rotation":0,"texture":"#8"},"south":{"uv":[4.375,7.875,4.5,8.0],"tintindex":0,"rotation":0,"texture":"#8"},"north":{"uv":[7.875,4.25,8.0,4.375],"tintindex":0,"rotation":0,"texture":"#8"},"west":{"uv":[6.3125,2.8125,6.5625,2.9375],"tintindex":0,"rotation":0,"texture":"#8"},"up":{"uv":[2.3125,6.5625,2.1875,6.3125],"tintindex":0,"rotation":0,"texture":"#8"},"down":{"uv":[6.4375,3.0,6.3125,3.25],"tintindex":0,"rotation":0,"texture":"#8"}}},{"from":[5.9,6.875,6.0],"to":[7.9,8.475,10.0],"faces":{"east":{"uv":[6.375,0.1875,6.625,0.3125],"tintindex":0,"rotation":0,"texture":"#8"},"south":{"uv":[5.5,7.875,5.625,8.0],"tintindex":0,"rotation":0,"texture":"#8"},"north":{"uv":[5.1875,7.875,5.3125,8.0],"tintindex":0,"rotation":0,"texture":"#8"},"west":{"uv":[1.5625,6.375,1.8125,6.5],"tintindex":0,"rotation":0,"texture":"#8"},"up":{"uv":[2.875,6.625,2.75,6.375],"tintindex":0,"rotation":0,"texture":"#8"},"down":{"uv":[4.0,6.375,3.875,6.625],"tintindex":0,"rotation":0,"texture":"#8"}}},{"from":[5.9,3.375,6.0],"to":[7.9,4.9750004,10.0],"faces":{"east":{"uv":[6.375,5.6875,6.625,5.8125],"tintindex":0,"rotation":0,"texture":"#8"},"south":{"uv":[7.875,5.9375,8.0,6.0625],"tintindex":0,"rotation":0,"texture":"#8"},"north":{"uv":[5.875,7.875,6.0,8.0],"tintindex":0,"rotation":0,"texture":"#8"},"west":{"uv":[6.375,6.0625,6.625,6.1875],"tintindex":0,"rotation":0,"texture":"#8"},"up":{"uv":[5.125,6.625,5.0,6.375],"tintindex":0,"rotation":0,"texture":"#8"},"down":{"uv":[6.5,6.25,6.375,6.5],"tintindex":0,"rotation":0,"texture":"#8"}}}],"display":{"gui":{"rotation":[30,225,0]}}}