{"textures":{"0":"modelengine:entity/boneshadingdefender","8":"modelengine:entity/fallen_defendress"},"elements":[{"from":[8.716874,7.582324,9.399119],"to":[13.706874,10.572324,10.389119],"faces":{"east":{"uv":[8.125,6.875,8.0625,7.0625],"tintindex":0,"rotation":0,"texture":"#8"},"south":{"uv":[4.5,3.5625,4.1875,3.75],"tintindex":0,"rotation":0,"texture":"#8"},"north":{"uv":[4.5,3.3125,4.1875,3.5],"tintindex":0,"rotation":0,"texture":"#8"},"west":{"uv":[8.125,6.625,8.0625,6.8125],"tintindex":0,"rotation":0,"texture":"#8"},"up":{"uv":[6.25,6.8125,6.5625,6.75],"tintindex":0,"rotation":0,"texture":"#8"},"down":{"uv":[6.625,6.75,6.9375,6.8125],"tintindex":0,"rotation":0,"texture":"#8"}},"rotation":{"origin":[10.211874,9.827324,10.394119],"angle":-22.5,"axis":"x"}},{"from":[8.952807,7.424999,6.0],"to":[11.352808,9.424999,10.0],"faces":{"east":{"uv":[5.4375,4.25,5.6875,4.375],"tintindex":0,"rotation":0,"texture":"#8"},"south":{"uv":[6.5625,0.6875,6.75,0.8125],"tintindex":0,"rotation":0,"texture":"#8"},"north":{"uv":[6.0,6.5,6.1875,6.625],"tintindex":0,"rotation":0,"texture":"#8"},"west":{"uv":[5.4375,4.4375,5.6875,4.5625],"tintindex":0,"rotation":0,"texture":"#8"},"up":{"uv":[4.625,2.875,4.4375,2.625],"tintindex":0,"rotation":0,"texture":"#8"},"down":{"uv":[1.625,4.5,1.4375,4.75],"tintindex":0,"rotation":0,"texture":"#8"}}},{"from":[9.672583,5.569307,10.300557],"to":[11.680582,6.577307,11.308557],"faces":{"east":{"uv":[9.125,9.0625,9.0625,9.125],"tintindex":0,"rotation":0,"texture":"#8"},"south":{"uv":[8.5,2.75,8.375,2.8125],"tintindex":0,"rotation":0,"texture":"#8"},"north":{"uv":[8.5,2.625,8.375,2.6875],"tintindex":0,"rotation":0,"texture":"#8"},"west":{"uv":[9.0,9.0625,8.9375,9.125],"tintindex":0,"rotation":0,"texture":"#8"},"up":{"uv":[2.8125,8.4375,2.9375,8.375],"tintindex":0,"rotation":0,"texture":"#8"},"down":{"uv":[8.375,2.875,8.5,2.9375],"tintindex":0,"rotation":0,"texture":"#8"}},"rotation":{"origin":[9.676582,6.073307,10.804557],"angle":-22.5,"axis":"z"}},{"from":[9.711874,5.7485943,10.255157],"to":[13.711874,7.7485943,11.255157],"faces":{"east":{"uv":[4.25,8.625,4.1875,8.75],"tintindex":0,"rotation":0,"texture":"#8"},"south":{"uv":[5.0,4.0625,4.75,4.1875],"tintindex":0,"rotation":0,"texture":"#8"},"north":{"uv":[5.0625,3.875,4.75,4.0],"tintindex":0,"rotation":0,"texture":"#8"},"west":{"uv":[8.6875,4.125,8.625,4.25],"tintindex":0,"rotation":0,"texture":"#8"},"up":{"uv":[4.25,6.8125,4.5625,6.75],"tintindex":0,"rotation":0,"texture":"#8"},"down":{"uv":[6.75,5.0,7.0625,5.0625],"tintindex":0,"rotation":0,"texture":"#8"}}},{"from":[11.325,4.8500004,4.9],"to":[13.325,5.8500004,5.9],"faces":{"east":{"uv":[9.1875,3.1875,9.125,3.25],"tintindex":0,"rotation":0,"texture":"#8"},"south":{"uv":[8.1875,0.0,8.0,0.0625],"tintindex":0,"rotation":0,"texture":"#8"},"north":{"uv":[8.0625,6.5,7.9375,6.5625],"tintindex":0,"rotation":0,"texture":"#8"},"west":{"uv":[9.1875,3.0625,9.125,3.125],"tintindex":0,"rotation":0,"texture":"#8"},"up":{"uv":[8.0,1.8125,8.1875,1.75],"tintindex":0,"rotation":0,"texture":"#8"},"down":{"uv":[2.875,8.0,3.0625,8.0625],"tintindex":0,"rotation":0,"texture":"#8"}}},{"from":[8.715874,9.967125,10.111107],"to":[9.707874,10.9591255,11.103107],"faces":{"east":{"uv":[9.1875,2.25,9.125,2.3125],"tintindex":0,"rotation":0,"texture":"#8"},"south":{"uv":[9.1875,1.875,9.125,1.9375],"tintindex":0,"rotation":0,"texture":"#8"},"north":{"uv":[9.1875,1.625,9.125,1.6875],"tintindex":0,"rotation":0,"texture":"#8"},"west":{"uv":[9.1875,1.75,9.125,1.8125],"tintindex":0,"rotation":0,"texture":"#8"},"up":{"uv":[9.125,2.875,9.1875,2.8125],"tintindex":0,"rotation":0,"texture":"#8"},"down":{"uv":[9.125,2.9375,9.1875,3.0],"tintindex":0,"rotation":0,"texture":"#8"}},"rotation":{"origin":[9.211874,10.463125,10.607107],"angle":-45.0,"axis":"x"}},{"from":[13.25,7.1499996,7.0],"to":[14.25,9.15,9.0],"faces":{"east":{"uv":[7.6875,2.9375,7.5625,3.0625],"tintindex":0,"rotation":0,"texture":"#8"},"south":{"uv":[8.9375,4.6875,8.875,4.8125],"tintindex":0,"rotation":0,"texture":"#8"},"north":{"uv":[4.75,8.875,4.6875,9.0],"tintindex":0,"rotation":0,"texture":"#8"},"west":{"uv":[7.6875,2.75,7.5625,2.875],"tintindex":0,"rotation":0,"texture":"#8"},"up":{"uv":[4.8125,9.0,4.875,8.875],"tintindex":0,"rotation":0,"texture":"#8"},"down":{"uv":[8.875,4.875,8.9375,5.0],"tintindex":0,"rotation":0,"texture":"#8"}},"rotation":{"origin":[13.75,8.15,8.0],"angle":45.0,"axis":"x"}},{"from":[11.159373,5.3802333,5.967107],"to":[13.439374,9.6602335,10.2471075],"faces":{"east":{"uv":[4.0625,0.3125,3.8125,0.5625],"tintindex":0,"rotation":0,"texture":"#8"},"south":{"uv":[5.75,3.4375,5.625,3.6875],"tintindex":0,"rotation":0,"texture":"#8"},"north":{"uv":[3.0625,5.5625,2.9375,5.8125],"tintindex":0,"rotation":0,"texture":"#8"},"west":{"uv":[4.0625,0.0,3.8125,0.25],"tintindex":0,"rotation":0,"texture":"#8"},"up":{"uv":[4.125,5.875,4.25,5.625],"tintindex":0,"rotation":0,"texture":"#8"},"down":{"uv":[4.75,5.625,4.875,5.875],"tintindex":0,"rotation":0,"texture":"#8"}}},{"from":[9.36202,5.194624,4.9],"to":[10.36202,7.194624,5.9],"faces":{"east":{"uv":[8.4375,1.5,8.375,1.625],"tintindex":0,"rotation":0,"texture":"#8"},"south":{"uv":[8.4375,1.125,8.375,1.25],"tintindex":0,"rotation":0,"texture":"#8"},"north":{"uv":[8.4375,0.75,8.375,0.875],"tintindex":0,"rotation":0,"texture":"#8"},"west":{"uv":[8.4375,0.9375,8.375,1.0625],"tintindex":0,"rotation":0,"texture":"#8"},"up":{"uv":[7.9375,9.125,8.0,9.0625],"tintindex":0,"rotation":0,"texture":"#8"},"down":{"uv":[8.0625,9.0625,8.125,9.125],"tintindex":0,"rotation":0,"texture":"#8"}},"rotation":{"origin":[8.36202,5.694624,5.4],"angle":22.5,"axis":"z"}},{"from":[8.711874,10.170233,5.6071067],"to":[9.711874,11.170233,10.607107],"faces":{"east":{"uv":[7.0625,0.5625,6.75,0.625],"tintindex":0,"rotation":0,"texture":"#8"},"south":{"uv":[9.1875,1.25,9.125,1.3125],"tintindex":0,"rotation":0,"texture":"#8"},"north":{"uv":[9.1875,1.125,9.125,1.1875],"tintindex":0,"rotation":0,"texture":"#8"},"west":{"uv":[7.0,6.125,6.6875,6.1875],"tintindex":0,"rotation":0,"texture":"#8"},"up":{"uv":[0.5,7.0,0.5625,6.6875],"tintindex":0,"rotation":0,"texture":"#8"},"down":{"uv":[2.75,6.6875,2.8125,7.0],"tintindex":0,"rotation":0,"texture":"#8"}}},{"from":[11.348008,2.5189996,5.819],"to":[12.157607,6.5309997,6.831],"faces":{"east":{"uv":[3.125,7.6875,3.1875,7.9375],"tintindex":0,"rotation":0,"texture":"#8"},"south":{"uv":[3.25,7.6875,3.3125,7.9375],"tintindex":0,"rotation":0,"texture":"#8"},"north":{"uv":[3.0,7.6875,3.0625,7.9375],"tintindex":0,"rotation":0,"texture":"#8"},"west":{"uv":[4.0625,7.6875,4.125,7.9375],"tintindex":0,"rotation":0,"texture":"#8"},"up":{"uv":[5.5625,9.4375,5.5,9.375],"tintindex":0,"rotation":0,"texture":"#8"},"down":{"uv":[9.4375,5.5625,9.375,5.625],"tintindex":0,"rotation":0,"texture":"#8"}},"rotation":{"origin":[11.752808,6.5249996,6.725],"angle":-22.5,"axis":"y"}},{"from":[8.711874,9.520233,6.1071067],"to":[13.711874,10.520233,10.107107],"faces":{"east":{"uv":[7.1875,4.125,6.9375,4.1875],"tintindex":0,"rotation":0,"texture":"#8"},"south":{"uv":[7.0,6.0,6.6875,6.0625],"tintindex":0,"rotation":0,"texture":"#8"},"north":{"uv":[7.0,5.75,6.6875,5.8125],"tintindex":0,"rotation":0,"texture":"#8"},"west":{"uv":[7.1875,2.625,6.9375,2.6875],"tintindex":0,"rotation":0,"texture":"#8"},"up":{"uv":[0.5625,1.625,0.875,1.375],"tintindex":0,"rotation":0,"texture":"#8"},"down":{"uv":[0.6875,3.3125,1.0,3.5625],"tintindex":0,"rotation":0,"texture":"#8"}}},{"from":[9.664583,5.5733066,4.896],"to":[11.672583,6.581307,5.9040003],"faces":{"east":{"uv":[8.375,9.0625,8.3125,9.125],"tintindex":0,"rotation":0,"texture":"#8"},"south":{"uv":[8.5,2.25,8.375,2.3125],"tintindex":0,"rotation":0,"texture":"#8"},"north":{"uv":[8.5,0.125,8.375,0.1875],"tintindex":0,"rotation":0,"texture":"#8"},"west":{"uv":[9.125,8.125,9.0625,8.1875],"tintindex":0,"rotation":0,"texture":"#8"},"up":{"uv":[8.375,2.4375,8.5,2.375],"tintindex":0,"rotation":0,"texture":"#8"},"down":{"uv":[8.375,2.5,8.5,2.5625],"tintindex":0,"rotation":0,"texture":"#8"}},"rotation":{"origin":[9.668583,6.0773067,5.4],"angle":-22.5,"axis":"z"}},{"from":[9.37402,5.1946225,10.308557],"to":[10.36602,7.186622,11.300557],"faces":{"east":{"uv":[3.3125,8.375,3.25,8.5],"tintindex":0,"rotation":0,"texture":"#8"},"south":{"uv":[3.1875,8.375,3.125,8.5],"tintindex":0,"rotation":0,"texture":"#8"},"north":{"uv":[3.0625,8.375,3.0,8.5],"tintindex":0,"rotation":0,"texture":"#8"},"west":{"uv":[8.4375,3.0,8.375,3.125],"tintindex":0,"rotation":0,"texture":"#8"},"up":{"uv":[0.0,9.1875,0.0625,9.125],"tintindex":0,"rotation":0,"texture":"#8"},"down":{"uv":[9.125,0.125,9.1875,0.1875],"tintindex":0,"rotation":0,"texture":"#8"}},"rotation":{"origin":[8.37002,5.6906223,10.804557],"angle":22.5,"axis":"z"}},{"from":[11.348008,2.5189996,9.394],"to":[12.157607,6.5309997,10.405999],"faces":{"east":{"uv":[3.75,7.625,3.8125,7.875],"tintindex":0,"rotation":0,"texture":"#8"},"south":{"uv":[2.125,7.6875,2.1875,7.9375],"tintindex":0,"rotation":0,"texture":"#8"},"north":{"uv":[2.625,7.5625,2.6875,7.8125],"tintindex":0,"rotation":0,"texture":"#8"},"west":{"uv":[2.875,7.6875,2.9375,7.9375],"tintindex":0,"rotation":0,"texture":"#8"},"up":{"uv":[9.4375,5.375,9.375,5.3125],"tintindex":0,"rotation":0,"texture":"#8"},"down":{"uv":[9.4375,5.4375,9.375,5.5],"tintindex":0,"rotation":0,"texture":"#8"}},"rotation":{"origin":[11.752808,6.5249996,9.5],"angle":22.5,"axis":"y"}},{"from":[9.349607,1.996,6.496],"to":[11.756007,8.004,9.504],"faces":{"east":{"uv":[5.992,4.004,0.0,10.996],"tintindex":0,"rotation":0,"texture":"#0"},"south":{"uv":[5.992,4.004,0.0,10.996],"tintindex":0,"rotation":0,"texture":"#0"},"north":{"uv":[5.992,3.004,0.0,10.996],"tintindex":0,"rotation":0,"texture":"#0"},"west":{"uv":[5.992,4.004,0.0,10.996],"tintindex":0,"rotation":0,"texture":"#0"},"up":{"uv":[5.996,0.004,0.004,3.996],"tintindex":0,"rotation":0,"texture":"#0"},"down":{"uv":[5.996,0.004,0.004,3.996],"tintindex":0,"rotation":0,"texture":"#0"}}},{"from":[8.721873,7.4611254,10.306557],"to":[9.717874,10.457126,11.302557],"faces":{"east":{"uv":[1.625,8.0,1.5625,8.1875],"tintindex":0,"rotation":0,"texture":"#8"},"south":{"uv":[1.125,8.0,1.0625,8.1875],"tintindex":0,"rotation":0,"texture":"#8"},"north":{"uv":[0.8125,8.0,0.75,8.1875],"tintindex":0,"rotation":0,"texture":"#8"},"west":{"uv":[8.0625,0.9375,8.0,1.125],"tintindex":0,"rotation":0,"texture":"#8"},"up":{"uv":[8.6875,9.125,8.75,9.0625],"tintindex":0,"rotation":0,"texture":"#8"},"down":{"uv":[9.0625,8.75,9.125,8.8125],"tintindex":0,"rotation":0,"texture":"#8"}}},{"from":[10.612807,2.5125008,6.0],"to":[12.212808,3.3125,10.0],"faces":{"east":{"uv":[7.5625,5.5625,7.8125,5.625],"tintindex":0,"rotation":0,"texture":"#8"},"south":{"uv":[5.3125,8.875,5.4375,8.9375],"tintindex":0,"rotation":0,"texture":"#8"},"north":{"uv":[8.875,5.1875,9.0,5.2375],"tintindex":0,"rotation":0,"texture":"#8"},"west":{"uv":[7.5625,5.6875,7.8125,5.75],"tintindex":0,"rotation":0,"texture":"#8"},"up":{"uv":[3.25,6.125,3.125,5.875],"tintindex":0,"rotation":0,"texture":"#8"},"down":{"uv":[6.0,3.75,5.875,4.0],"tintindex":0,"rotation":0,"texture":"#8"}}},{"from":[8.852808,2.5125008,6.0],"to":[10.452807,3.3125,10.0],"faces":{"east":{"uv":[7.5,6.375,7.75,6.4375],"tintindex":0,"rotation":0,"texture":"#8"},"south":{"uv":[5.125,8.875,5.25,8.9375],"tintindex":0,"rotation":0,"texture":"#8"},"north":{"uv":[4.9375,8.875,5.0625,8.925],"tintindex":0,"rotation":0,"texture":"#8"},"west":{"uv":[7.5625,3.3125,7.8125,3.375],"tintindex":0,"rotation":0,"texture":"#8"},"up":{"uv":[6.0,1.25,5.875,1.0],"tintindex":0,"rotation":0,"texture":"#8"},"down":{"uv":[3.0625,5.875,2.9375,6.125],"tintindex":0,"rotation":0,"texture":"#8"}}},{"from":[8.716874,7.582324,5.825094],"to":[13.706874,10.572324,6.815094],"faces":{"east":{"uv":[5.9375,8.0625,5.875,8.25],"tintindex":0,"rotation":0,"texture":"#8"},"south":{"uv":[0.625,4.1875,0.3125,4.375],"tintindex":0,"rotation":0,"texture":"#8"},"north":{"uv":[3.4375,4.125,3.125,4.3125],"tintindex":0,"rotation":0,"texture":"#8"},"west":{"uv":[8.125,5.8125,8.0625,6.0],"tintindex":0,"rotation":0,"texture":"#8"},"up":{"uv":[6.75,1.9375,7.0625,1.875],"tintindex":0,"rotation":0,"texture":"#8"},"down":{"uv":[2.375,6.75,2.6875,6.8125],"tintindex":0,"rotation":0,"texture":"#8"}},"rotation":{"origin":[10.211874,9.827324,5.820094],"angle":22.5,"axis":"x"}},{"from":[10.150299,6.6770954,6.005],"to":[11.7502985,8.927095,9.995],"faces":{"east":{"uv":[5.5,1.75,5.75,1.875],"tintindex":0,"rotation":0,"texture":"#8"},"south":{"uv":[7.125,0.5,7.25,0.625],"tintindex":0,"rotation":0,"texture":"#8"},"north":{"uv":[7.125,0.125,7.25,0.265625],"tintindex":0,"rotation":0,"texture":"#8"},"west":{"uv":[5.1875,5.5,5.4375,5.625],"tintindex":0,"rotation":0,"texture":"#8"},"up":{"uv":[1.625,5.75,1.5,5.5],"tintindex":0,"rotation":0,"texture":"#8"},"down":{"uv":[5.625,5.5,5.5,5.75],"tintindex":0,"rotation":0,"texture":"#8"}},"rotation":{"origin":[10.550299,8.927095,8.0],"angle":22.5,"axis":"z"}},{"from":[10.612807,5.450001,6.0],"to":[12.212808,7.25,10.0],"faces":{"east":{"uv":[5.75,4.4375,6.0,4.5625],"tintindex":0,"rotation":0,"texture":"#8"},"south":{"uv":[7.5625,4.875,7.6875,5.0],"tintindex":0,"rotation":0,"texture":"#8"},"north":{"uv":[7.5625,4.6875,7.6875,4.8],"tintindex":0,"rotation":0,"texture":"#8"},"west":{"uv":[0.0,5.8125,0.25,5.9375],"tintindex":0,"rotation":0,"texture":"#8"},"up":{"uv":[1.625,6.0625,1.5,5.8125],"tintindex":0,"rotation":0,"texture":"#8"},"down":{"uv":[5.9375,3.4375,5.8125,3.6875],"tintindex":0,"rotation":0,"texture":"#8"}}},{"from":[8.715874,9.967125,5.111107],"to":[9.707874,10.9591255,6.1031065],"faces":{"east":{"uv":[0.875,9.125,0.8125,9.1875],"tintindex":0,"rotation":0,"texture":"#8"},"south":{"uv":[9.1875,0.75,9.125,0.8125],"tintindex":0,"rotation":0,"texture":"#8"},"north":{"uv":[9.1875,0.625,9.125,0.6875],"tintindex":0,"rotation":0,"texture":"#8"},"west":{"uv":[0.75,9.125,0.6875,9.1875],"tintindex":0,"rotation":0,"texture":"#8"},"up":{"uv":[9.125,0.9375,9.1875,0.875],"tintindex":0,"rotation":0,"texture":"#8"},"down":{"uv":[9.125,1.0,9.1875,1.0625],"tintindex":0,"rotation":0,"texture":"#8"}},"rotation":{"origin":[9.211874,10.463125,5.6071067],"angle":45.0,"axis":"x"}},{"from":[13.0125,5.2500005,4.975],"to":[15.212501,7.4500003,11.175],"faces":{"east":{"uv":[4.9375,3.3125,4.5625,3.4375],"tintindex":0,"rotation":0,"texture":"#8"},"south":{"uv":[7.4375,0.125,7.3125,0.25],"tintindex":0,"rotation":0,"texture":"#8"},"north":{"uv":[7.375,6.5625,7.25,6.6875],"tintindex":0,"rotation":0,"texture":"#8"},"west":{"uv":[4.8125,3.125,4.4375,3.25],"tintindex":0,"rotation":0,"texture":"#8"},"up":{"uv":[4.5625,3.875,4.6875,3.5],"tintindex":0,"rotation":0,"texture":"#8"},"down":{"uv":[4.5625,3.9375,4.6875,4.3125],"tintindex":0,"rotation":0,"texture":"#8"}},"rotation":{"origin":[13.825,5.3500004,8.075],"angle":45.0,"axis":"z"}},{"from":[8.852808,5.450001,6.0],"to":[10.452807,7.3500004,10.0],"faces":{"east":{"uv":[5.8125,1.75,6.0625,1.875],"tintindex":0,"rotation":0,"texture":"#8"},"south":{"uv":[5.5625,7.5625,5.6875,7.6875],"tintindex":0,"rotation":0,"texture":"#8"},"north":{"uv":[7.5625,5.0625,7.6875,5.18125],"tintindex":0,"rotation":0,"texture":"#8"},"west":{"uv":[5.875,0.0,6.125,0.125],"tintindex":0,"rotation":0,"texture":"#8"},"up":{"uv":[5.5625,6.0625,5.4375,5.8125],"tintindex":0,"rotation":0,"texture":"#8"},"down":{"uv":[6.0,0.1875,5.875,0.4375],"tintindex":0,"rotation":0,"texture":"#8"}}},{"from":[10.612807,3.5125008,6.0],"to":[12.212808,5.3125,10.0],"faces":{"east":{"uv":[3.4375,5.75,3.6875,5.875],"tintindex":0,"rotation":0,"texture":"#8"},"south":{"uv":[7.5625,4.5,7.6875,4.625],"tintindex":0,"rotation":0,"texture":"#8"},"north":{"uv":[7.5625,4.0625,7.6875,4.175],"tintindex":0,"rotation":0,"texture":"#8"},"west":{"uv":[5.75,4.25,6.0,4.375],"tintindex":0,"rotation":0,"texture":"#8"},"up":{"uv":[2.875,6.0,2.75,5.75],"tintindex":0,"rotation":0,"texture":"#8"},"down":{"uv":[4.0,5.75,3.875,6.0],"tintindex":0,"rotation":0,"texture":"#8"}}},{"from":[8.852808,3.5125008,6.0],"to":[10.452807,5.3125,10.0],"faces":{"east":{"uv":[1.1875,5.75,1.4375,5.875],"tintindex":0,"rotation":0,"texture":"#8"},"south":{"uv":[3.875,7.5625,4.0,7.6875],"tintindex":0,"rotation":0,"texture":"#8"},"north":{"uv":[7.5625,3.125,7.6875,3.2375],"tintindex":0,"rotation":0,"texture":"#8"},"west":{"uv":[5.75,2.25,6.0,2.375],"tintindex":0,"rotation":0,"texture":"#8"},"up":{"uv":[0.6875,6.0,0.5625,5.75],"tintindex":0,"rotation":0,"texture":"#8"},"down":{"uv":[2.6875,5.75,2.5625,6.0],"tintindex":0,"rotation":0,"texture":"#8"}}},{"from":[11.325,4.850001,10.314213],"to":[13.317,5.8420005,11.306213],"faces":{"east":{"uv":[9.1875,3.3125,9.125,3.375],"tintindex":0,"rotation":0,"texture":"#8"},"south":{"uv":[8.125,3.4375,8.0,3.5],"tintindex":0,"rotation":0,"texture":"#8"},"north":{"uv":[3.3125,8.0,3.125,8.0625],"tintindex":0,"rotation":0,"texture":"#8"},"west":{"uv":[3.3125,9.125,3.25,9.1875],"tintindex":0,"rotation":0,"texture":"#8"},"up":{"uv":[8.0,3.8125,8.1875,3.75],"tintindex":0,"rotation":0,"texture":"#8"},"down":{"uv":[8.0,3.875,8.1875,3.9375],"tintindex":0,"rotation":0,"texture":"#8"}}},{"from":[8.707874,7.459125,4.896],"to":[9.715874,10.467125,5.9040003],"faces":{"east":{"uv":[8.0625,0.6875,8.0,0.875],"tintindex":0,"rotation":0,"texture":"#8"},"south":{"uv":[8.0625,0.4375,8.0,0.625],"tintindex":0,"rotation":0,"texture":"#8"},"north":{"uv":[2.3125,5.75,2.25,5.9375],"tintindex":0,"rotation":0,"texture":"#8"},"west":{"uv":[1.125,6.0,1.0625,6.1875],"tintindex":0,"rotation":0,"texture":"#8"},"up":{"uv":[8.4375,9.125,8.5,9.0625],"tintindex":0,"rotation":0,"texture":"#8"},"down":{"uv":[8.5625,9.0625,8.625,9.125],"tintindex":0,"rotation":0,"texture":"#8"}}},{"from":[9.711874,5.7485943,4.9590564],"to":[13.711874,7.7485943,5.9590564],"faces":{"east":{"uv":[8.6875,3.9375,8.625,4.0625],"tintindex":0,"rotation":0,"texture":"#8"},"south":{"uv":[5.0625,2.4375,4.75,2.5625],"tintindex":0,"rotation":0,"texture":"#8"},"north":{"uv":[4.9375,2.8125,4.6875,2.9375],"tintindex":0,"rotation":0,"texture":"#8"},"west":{"uv":[8.6875,3.0,8.625,3.125],"tintindex":0,"rotation":0,"texture":"#8"},"up":{"uv":[2.875,6.8125,3.1875,6.75],"tintindex":0,"rotation":0,"texture":"#8"},"down":{"uv":[6.75,3.5,7.0625,3.5625],"tintindex":0,"rotation":0,"texture":"#8"}}}],"display":{"gui":{"rotation":[30,225,0]}}}