{"textures":{"0":"modelengine:entity/modelfoundry_mutant_zombie_vfx_smash"},"elements":[{"from":[-8.24962,3.0948339,8.043846],"to":[-4.5829535,4.4281673,12.710513],"faces":{"east":{"uv":[10.25,0.0,13.75,1.0],"tintindex":0,"rotation":0,"texture":"#0"},"south":{"uv":[11.75,12.0,14.5,13.0],"tintindex":0,"rotation":0,"texture":"#0"},"north":{"uv":[11.75,11.0,14.5,12.0],"tintindex":0,"rotation":0,"texture":"#0"},"west":{"uv":[10.25,1.0,13.75,2.0],"tintindex":0,"rotation":0,"texture":"#0"},"up":{"uv":[9.25,8.25,6.5,4.75],"tintindex":0,"rotation":0,"texture":"#0"},"down":{"uv":[10.25,0.0,7.5,3.5],"tintindex":0,"rotation":0,"texture":"#0"}},"rotation":{"origin":[5.0837135,13.428167,12.37718],"angle":-22.5,"axis":"z"}},{"from":[3.75038,11.709803,-10.019426],"to":[6.75038,13.376469,-6.6860924],"faces":{"east":{"uv":[9.25,11.0,11.75,12.25],"tintindex":0,"rotation":0,"texture":"#0"},"south":{"uv":[2.25,11.75,4.5,13.0],"tintindex":0,"rotation":0,"texture":"#0"},"north":{"uv":[0.0,11.75,2.25,13.0],"tintindex":0,"rotation":0,"texture":"#0"},"west":{"uv":[11.25,8.0,13.75,9.25],"tintindex":0,"rotation":0,"texture":"#0"},"up":{"uv":[7.0,12.5,4.75,10.0],"tintindex":0,"rotation":0,"texture":"#0"},"down":{"uv":[9.25,10.0,7.0,12.5],"tintindex":0,"rotation":0,"texture":"#0"}},"rotation":{"origin":[5.0837135,7.709802,0.31390762],"angle":-22.5,"axis":"x"}},{"from":[25.083714,8.376469,-3.6860924],"to":[30.083715,10.709803,2.6472406],"faces":{"east":{"uv":[6.5,8.25,11.25,10.0],"tintindex":0,"rotation":0,"texture":"#0"},"south":{"uv":[9.25,5.25,13.0,7.0],"tintindex":0,"rotation":0,"texture":"#0"},"north":{"uv":[9.25,3.5,13.0,5.25],"tintindex":0,"rotation":0,"texture":"#0"},"west":{"uv":[0.0,9.0,4.75,10.75],"tintindex":0,"rotation":0,"texture":"#0"},"up":{"uv":[3.75,4.75,0.0,0.0],"tintindex":0,"rotation":0,"texture":"#0"},"down":{"uv":[7.5,0.0,3.75,4.75],"tintindex":0,"rotation":0,"texture":"#0"}}},{"from":[7.417047,7.0431356,25.313908],"to":[11.7503805,8.376469,30.980576],"faces":{"east":{"uv":[9.25,7.0,13.5,8.0],"tintindex":0,"rotation":0,"texture":"#0"},"south":{"uv":[0.0,10.75,3.25,11.75],"tintindex":0,"rotation":0,"texture":"#0"},"north":{"uv":[10.25,2.0,13.5,3.0],"tintindex":0,"rotation":0,"texture":"#0"},"west":{"uv":[9.25,10.0,13.5,11.0],"tintindex":0,"rotation":0,"texture":"#0"},"up":{"uv":[3.25,9.0,0.0,4.75],"tintindex":0,"rotation":0,"texture":"#0"},"down":{"uv":[6.5,4.75,3.25,9.0],"tintindex":0,"rotation":0,"texture":"#0"}},"rotation":{"origin":[6.9170465,7.709802,17.313908],"angle":22.5,"axis":"z"}}],"display":{"gui":{"rotation":[30,225,0]}}}