{
	"credit": "Made with Blockbench",
	"texture_size": [32, 32],
	"textures": {
		"0": "littleroom_amethystgolem:amethystshard",
		"particle": "littleroom_amethystgolem:amethystshard"
	},
	"elements": [
		{
			"from": [6.5, 1, 7],
			"to": [8.5, 9, 9],
			"rotation": {"angle": 22.5, "axis": "x", "origin": [7.5, 5, 8]},
			"faces": {
				"north": {"uv": [1.5, 3.5, 2.5, 7.5], "texture": "#0"},
				"east": {"uv": [2.5, 3.5, 3.5, 7.5], "texture": "#0"},
				"south": {"uv": [3.5, 3.5, 4.5, 7.5], "texture": "#0"},
				"west": {"uv": [4.5, 0, 5.5, 4], "texture": "#0"},
				"up": {"uv": [6.5, 4, 5.5, 3], "texture": "#0"},
				"down": {"uv": [7.5, 8, 6.5, 9], "texture": "#0"}
			}
		},
		{
			"from": [10, 1, 6],
			"to": [12, 6, 8],
			"rotation": {"angle": -45, "axis": "z", "origin": [10, 5, 7]},
			"faces": {
				"north": {"uv": [6.5, 3, 7.5, 5.5], "texture": "#0"},
				"east": {"uv": [6.5, 5.5, 7.5, 8], "texture": "#0"},
				"south": {"uv": [0, 7, 1, 9.5], "texture": "#0"},
				"west": {"uv": [4.5, 7, 5.5, 9.5], "texture": "#0"},
				"up": {"uv": [9.5, 4, 8.5, 3], "texture": "#0"},
				"down": {"uv": [9.5, 4, 8.5, 5], "texture": "#0"}
			}
		},
		{
			"from": [5.5, 0, 7],
			"to": [9.5, 3, 10],
			"rotation": {"angle": 22.5, "axis": "x", "origin": [7, 4.5, 9]},
			"faces": {
				"north": {"uv": [4.5, 4, 6.5, 5.5], "texture": "#0"},
				"east": {"uv": [7.5, 0, 9, 1.5], "texture": "#0"},
				"south": {"uv": [5.5, 0, 7.5, 1.5], "texture": "#0"},
				"west": {"uv": [1, 7.5, 2.5, 9], "texture": "#0"},
				"up": {"uv": [7.5, 3, 5.5, 1.5], "texture": "#0"},
				"down": {"uv": [6.5, 5.5, 4.5, 7], "texture": "#0"}
			}
		},
		{
			"from": [6, 0, 3.75],
			"to": [9, 7, 6.75],
			"rotation": {"angle": -22.5, "axis": "x", "origin": [7.5, 4.5, 5.75]},
			"faces": {
				"north": {"uv": [0, 0, 1.5, 3.5], "texture": "#0"},
				"east": {"uv": [1.5, 0, 3, 3.5], "texture": "#0"},
				"south": {"uv": [3, 0, 4.5, 3.5], "texture": "#0"},
				"west": {"uv": [0, 3.5, 1.5, 7], "texture": "#0"},
				"up": {"uv": [9, 3, 7.5, 1.5], "texture": "#0"},
				"down": {"uv": [4, 7.5, 2.5, 9], "texture": "#0"}
			}
		},
		{
			"from": [3.5, 1, 6],
			"to": [5.5, 5, 8],
			"rotation": {"angle": 45, "axis": "z", "origin": [5, 5.5, 7]},
			"faces": {
				"north": {"uv": [5.5, 7, 6.5, 9], "texture": "#0"},
				"east": {"uv": [7.5, 3, 8.5, 5], "texture": "#0"},
				"south": {"uv": [7.5, 5, 8.5, 7], "texture": "#0"},
				"west": {"uv": [7.5, 7, 8.5, 9], "texture": "#0"},
				"up": {"uv": [9.5, 6, 8.5, 5], "texture": "#0"},
				"down": {"uv": [9.5, 6, 8.5, 7], "texture": "#0"}
			}
		}
	],
	"display": {
		"thirdperson_righthand": {
			"rotation": [0, 51, 0],
			"translation": [0.25, 7, 2]
		},
		"thirdperson_lefthand": {
			"rotation": [0, 51, 0],
			"translation": [0.25, 7, 2]
		},
		"firstperson_righthand": {
			"rotation": [-37, 11, -2],
			"translation": [2, 6.75, -2.75]
		},
		"firstperson_lefthand": {
			"rotation": [-37, 11, -2],
			"translation": [2, 6.75, -2.75]
		},
		"ground": {
			"translation": [0, 6.5, 0]
		},
		"gui": {
			"rotation": [0, 39, -21],
			"translation": [2, 3.75, 0],
			"scale": [1.2, 1.2, 1.2]
		},
		"head": {
			"translation": [0, 14, 0]
		},
		"fixed": {
			"rotation": [-90, 0, 0],
			"translation": [0, 2, -11.25],
			"scale": [1.5, 1.5, 1.5]
		}
	}
}