{
	"credit": "Made with Blockbench",
	"texture_size": [64, 64],
	"textures": {
		"0": "littleroom_amethystgolem:amethystshield",
		"particle": "littleroom_amethystgolem:amethystshield"
	},
	"elements": [
		{
			"from": [6.5, 8.91267, -2.04262],
			"to": [9.5, 22.91267, 0.95738],
			"rotation": {"angle": 0, "axis": "x", "origin": [8, 24.91267, -0.54262]},
			"faces": {
				"north": {"uv": [6.5, 0, 7.25, 3.5], "texture": "#0"},
				"east": {"uv": [7, 3.5, 7.75, 7], "texture": "#0"},
				"south": {"uv": [7, 7, 7.75, 10.5], "texture": "#0"},
				"west": {"uv": [7.25, 0, 8, 3.5], "texture": "#0"},
				"up": {"uv": [5.75, 13, 5, 12.25], "texture": "#0"},
				"down": {"uv": [13, 8.25, 12.25, 9], "texture": "#0"}
			}
		},
		{
			"from": [6.5, 8, 0],
			"to": [8.5, 9, 7],
			"rotation": {"angle": 0, "axis": "y", "origin": [9.5, 6.5, 2]},
			"faces": {
				"north": {"uv": [8, 3.25, 8.5, 3.5], "texture": "#0"},
				"east": {"uv": [10, 7.25, 11.75, 7.5], "texture": "#0"},
				"south": {"uv": [8.5, 3.25, 9, 3.5], "texture": "#0"},
				"west": {"uv": [12.25, 11.25, 14, 11.5], "texture": "#0"},
				"up": {"uv": [6.75, 13, 6.25, 11.25], "texture": "#0"},
				"down": {"uv": [9, 11.25, 8.5, 13], "texture": "#0"}
			}
		},
		{
			"from": [6.5, 2, 0],
			"to": [8.5, 3, 7],
			"rotation": {"angle": 0, "axis": "y", "origin": [9.5, -0.5, 2]},
			"faces": {
				"north": {"uv": [9, 3.25, 9.5, 3.5], "texture": "#0"},
				"east": {"uv": [12.25, 11.5, 14, 11.75], "texture": "#0"},
				"south": {"uv": [5.25, 10.5, 5.75, 10.75], "texture": "#0"},
				"west": {"uv": [12.5, 3.75, 14.25, 4], "texture": "#0"},
				"up": {"uv": [9.5, 13, 9, 11.25], "texture": "#0"},
				"down": {"uv": [11.75, 10, 11.25, 11.75], "texture": "#0"}
			}
		},
		{
			"from": [6.5, 2, 7],
			"to": [8.5, 9, 8],
			"rotation": {"angle": 0, "axis": "y", "origin": [9.5, -0.5, 6]},
			"faces": {
				"north": {"uv": [11.5, 4.5, 12, 6.25], "texture": "#0"},
				"east": {"uv": [5.75, 12.25, 6, 14], "texture": "#0"},
				"south": {"uv": [11.75, 7.25, 12.25, 9], "texture": "#0"},
				"west": {"uv": [6, 12.25, 6.25, 14], "texture": "#0"},
				"up": {"uv": [2.5, 11, 2, 10.75], "texture": "#0"},
				"down": {"uv": [5.75, 10.75, 5.25, 11], "texture": "#0"}
			}
		},
		{
			"from": [10.5, -8, 0],
			"to": [12.5, -1, 2],
			"rotation": {"angle": -22.5, "axis": "y", "origin": [10.5, -5.5, 1]},
			"faces": {
				"north": {"uv": [9.5, 11.75, 10, 13.5], "texture": "#0"},
				"east": {"uv": [10, 11.75, 10.5, 13.5], "texture": "#0"},
				"south": {"uv": [11.75, 10, 12.25, 11.75], "texture": "#0"},
				"west": {"uv": [10.5, 11.75, 11, 13.5], "texture": "#0"},
				"up": {"uv": [7, 4, 6.5, 3.5], "texture": "#0"},
				"down": {"uv": [7, 4, 6.5, 4.5], "texture": "#0"}
			}
		},
		{
			"from": [4.88268, 0, 0.07612],
			"to": [10.88268, 18, 2.07612],
			"rotation": {"angle": 0, "axis": "y", "origin": [8.88268, -5.5, 1.07612]},
			"faces": {
				"north": {"uv": [0, 0, 1.5, 4.5], "texture": "#0"},
				"east": {"uv": [0, 8.25, 0.5, 12.75], "texture": "#0"},
				"south": {"uv": [1.5, 0, 3, 4.5], "texture": "#0"},
				"west": {"uv": [0.5, 8.25, 1, 12.75], "texture": "#0"},
				"up": {"uv": [5, 12.75, 3.5, 12.25], "texture": "#0"},
				"down": {"uv": [13.75, 6.25, 12.25, 6.75], "texture": "#0"}
			}
		},
		{
			"from": [5.38268, -12, 0.07612],
			"to": [10.38268, 6, 4.07612],
			"rotation": {"angle": -22.5, "axis": "x", "origin": [7.38268, -3.5, 2.07612]},
			"faces": {
				"north": {"uv": [3, 0, 4.25, 4.5], "texture": "#0"},
				"east": {"uv": [5.5, 0, 6.5, 4.5], "texture": "#0"},
				"south": {"uv": [4.25, 0, 5.5, 4.5], "texture": "#0"},
				"west": {"uv": [6, 4.5, 7, 9], "texture": "#0"},
				"up": {"uv": [11.25, 7.25, 10, 6.25], "texture": "#0"},
				"down": {"uv": [11.25, 8.25, 10, 9.25], "texture": "#0"}
			}
		},
		{
			"from": [5, 3, -6.75],
			"to": [11, 9, 0.25],
			"rotation": {"angle": -45, "axis": "z", "origin": [8, 6, -3.25]},
			"faces": {
				"north": {"uv": [8, 1.75, 9.5, 3.25], "texture": "#0"},
				"east": {"uv": [7.75, 3.5, 9.5, 5], "texture": "#0"},
				"south": {"uv": [1, 8.25, 2.5, 9.75], "texture": "#0"},
				"west": {"uv": [7.75, 5, 9.5, 6.5], "texture": "#0"},
				"up": {"uv": [9.25, 8.25, 7.75, 6.5], "texture": "#0"},
				"down": {"uv": [9.5, 0, 8, 1.75], "texture": "#0"}
			}
		},
		{
			"from": [6, 8, -7.75],
			"to": [10, 12, 1.25],
			"rotation": {"angle": 45, "axis": "x", "origin": [10, 11.5, -1.75]},
			"faces": {
				"north": {"uv": [3.5, 11.25, 4.5, 12.25], "texture": "#0"},
				"east": {"uv": [2.5, 8.25, 4.75, 9.25], "texture": "#0"},
				"south": {"uv": [5.25, 11.25, 6.25, 12.25], "texture": "#0"},
				"west": {"uv": [7.75, 8.25, 10, 9.25], "texture": "#0"},
				"up": {"uv": [5.75, 10.5, 4.75, 8.25], "texture": "#0"},
				"down": {"uv": [6.75, 9, 5.75, 11.25], "texture": "#0"}
			}
		},
		{
			"from": [6, -3.5, -7.25],
			"to": [10, 4.5, -3.25],
			"rotation": {"angle": 45, "axis": "x", "origin": [10, -2.5, -3.75]},
			"faces": {
				"north": {"uv": [2.5, 9.25, 3.5, 11.25], "texture": "#0"},
				"east": {"uv": [3.5, 9.25, 4.5, 11.25], "texture": "#0"},
				"south": {"uv": [7.75, 9.25, 8.75, 11.25], "texture": "#0"},
				"west": {"uv": [8.75, 9.25, 9.75, 11.25], "texture": "#0"},
				"up": {"uv": [12.25, 7.25, 11.25, 6.25], "texture": "#0"},
				"down": {"uv": [8.5, 11.25, 7.5, 12.25], "texture": "#0"}
			}
		},
		{
			"from": [1.37432, 7.42493, -2.75],
			"to": [4.37432, 14.42493, 0.25],
			"rotation": {"angle": 45, "axis": "z", "origin": [3.37432, 11.42493, -0.75]},
			"faces": {
				"north": {"uv": [10, 4.5, 10.75, 6.25], "texture": "#0"},
				"east": {"uv": [9.75, 10, 10.5, 11.75], "texture": "#0"},
				"south": {"uv": [4.5, 10.5, 5.25, 12.25], "texture": "#0"},
				"west": {"uv": [6.75, 10.5, 7.5, 12.25], "texture": "#0"},
				"up": {"uv": [13, 9.75, 12.25, 9], "texture": "#0"},
				"down": {"uv": [13, 9.75, 12.25, 10.5], "texture": "#0"}
			}
		},
		{
			"from": [-0.73463, -1, 0],
			"to": [5.26537, 14, 2],
			"rotation": {"angle": 22.5, "axis": "y", "origin": [5.26537, 6.5, 1]},
			"faces": {
				"north": {"uv": [0, 4.5, 1.5, 8.25], "texture": "#0"},
				"east": {"uv": [9.5, 0, 10, 3.75], "texture": "#0"},
				"south": {"uv": [1.5, 4.5, 3, 8.25], "texture": "#0"},
				"west": {"uv": [9.5, 3.75, 10, 7.5], "texture": "#0"},
				"up": {"uv": [8.25, 12.75, 6.75, 12.25], "texture": "#0"},
				"down": {"uv": [13.75, 6.75, 12.25, 7.25], "texture": "#0"}
			}
		},
		{
			"from": [-4.23463, 4.5, -4.25],
			"to": [5.76537, 7.5, -1.25],
			"rotation": {"angle": -22.5, "axis": "y", "origin": [-2.73463, 7.5, -3.25]},
			"faces": {
				"north": {"uv": [9.25, 7.5, 11.75, 8.25], "texture": "#0"},
				"east": {"uv": [12.25, 10.5, 13, 11.25], "texture": "#0"},
				"south": {"uv": [9.75, 9.25, 12.25, 10], "texture": "#0"},
				"west": {"uv": [12.5, 0, 13.25, 0.75], "texture": "#0"},
				"up": {"uv": [12.5, 0.75, 10, 0], "texture": "#0"},
				"down": {"uv": [12.5, 0.75, 10, 1.5], "texture": "#0"}
			}
		},
		{
			"from": [3.26537, -8, 0],
			"to": [5.26537, -1, 2],
			"rotation": {"angle": 22.5, "axis": "y", "origin": [5.26537, -5.5, 1]},
			"faces": {
				"north": {"uv": [11, 11.75, 11.5, 13.5], "texture": "#0"},
				"east": {"uv": [11.5, 11.75, 12, 13.5], "texture": "#0"},
				"south": {"uv": [12, 4.5, 12.5, 6.25], "texture": "#0"},
				"west": {"uv": [12, 11.75, 12.5, 13.5], "texture": "#0"},
				"up": {"uv": [2.5, 10.25, 2, 9.75], "texture": "#0"},
				"down": {"uv": [2.5, 10.25, 2, 10.75], "texture": "#0"}
			}
		},
		{
			"from": [10.5, -1, 0],
			"to": [16.5, 14, 2],
			"rotation": {"angle": -22.5, "axis": "y", "origin": [10.5, 6.5, 1]},
			"faces": {
				"north": {"uv": [3, 4.5, 4.5, 8.25], "texture": "#0"},
				"east": {"uv": [1, 9.75, 1.5, 13.5], "texture": "#0"},
				"south": {"uv": [4.5, 4.5, 6, 8.25], "texture": "#0"},
				"west": {"uv": [1.5, 9.75, 2, 13.5], "texture": "#0"},
				"up": {"uv": [13.75, 7.75, 12.25, 7.25], "texture": "#0"},
				"down": {"uv": [13.75, 7.75, 12.25, 8.25], "texture": "#0"}
			}
		},
		{
			"from": [11.39105, 7.42493, -2.75],
			"to": [14.39105, 14.42493, 0.25],
			"rotation": {"angle": -45, "axis": "z", "origin": [12.39105, 11.42493, -0.75]},
			"faces": {
				"north": {"uv": [10.5, 10, 11.25, 11.75], "texture": "#0"},
				"east": {"uv": [10.75, 4.5, 11.5, 6.25], "texture": "#0"},
				"south": {"uv": [2, 11.25, 2.75, 13], "texture": "#0"},
				"west": {"uv": [2.75, 11.25, 3.5, 13], "texture": "#0"},
				"up": {"uv": [13.25, 1.5, 12.5, 0.75], "texture": "#0"},
				"down": {"uv": [13.25, 1.5, 12.5, 2.25], "texture": "#0"}
			}
		},
		{
			"from": [10, 4.5, -4.25],
			"to": [20, 7.5, -1.25],
			"rotation": {"angle": 22.5, "axis": "y", "origin": [18.5, 7.5, -3.25]},
			"faces": {
				"north": {"uv": [10, 1.5, 12.5, 2.25], "texture": "#0"},
				"east": {"uv": [12.5, 2.25, 13.25, 3], "texture": "#0"},
				"south": {"uv": [10, 2.25, 12.5, 3], "texture": "#0"},
				"west": {"uv": [12.5, 3, 13.25, 3.75], "texture": "#0"},
				"up": {"uv": [12.5, 3.75, 10, 3], "texture": "#0"},
				"down": {"uv": [12.5, 3.75, 10, 4.5], "texture": "#0"}
			}
		}
	],
	"display": {
		"thirdperson_righthand": {
			"rotation": [53, -64, 0],
			"translation": [-0.75, -1.25, 4],
			"scale": [0.75, 0.75, 0.75]
		},
		"thirdperson_lefthand": {
			"rotation": [53, -64, 0],
			"translation": [-0.75, -1.25, 4],
			"scale": [0.75, 0.75, 0.75]
		},
		"firstperson_righthand": {
			"rotation": [-4, -26, 0],
			"translation": [1, -2.5, 0]
		},
		"firstperson_lefthand": {
			"rotation": [-4, -26, 0],
			"translation": [1, -2.5, 0]
		},
		"ground": {
			"rotation": [46, 0, 0],
			"translation": [0, 6.25, 2],
			"scale": [0.5, 0.5, 0.5]
		},
		"gui": {
			"rotation": [-11, 157, 44],
			"translation": [2.25, 0.5, 0],
			"scale": [0.5, 0.5, 0.5]
		},
		"head": {
			"translation": [0, 2.25, -1.5]
		},
		"fixed": {
			"translation": [0, 2.75, 3]
		}
	},
	"groups": [
		{
			"name": "group",
			"origin": [11, 6.5, 1],
			"color": 0,
			"children": [0, 1, 2, 3, 4, 5, 6, 7, 8, 9, 10, 11, 12, 13, 14, 15, 16]
		}
	]
}