{
	"credit": "Made with Blockbench",
	"texture_size": [64, 64],
	"textures": {
		"0": "littleroom_amethystgolem:amethystsword",
		"particle": "littleroom_amethystgolem:amethystsword"
	},
	"elements": [
		{
			"from": [8, -9.75, 7],
			"to": [10, 2.25, 9],
			"rotation": {"angle": 0, "axis": "y", "origin": [0, -6, 0]},
			"faces": {
				"north": {"uv": [0.75, 4.5, 1.25, 7.5], "texture": "#0"},
				"east": {"uv": [1.25, 4.5, 1.75, 7.5], "texture": "#0"},
				"south": {"uv": [1.75, 4.5, 2.25, 7.5], "texture": "#0"},
				"west": {"uv": [4.75, 0, 5.25, 3], "texture": "#0"},
				"up": {"uv": [7.5, 6.5, 7, 6], "texture": "#0"},
				"down": {"uv": [6.75, 7, 6.25, 7.5], "texture": "#0"}
			}
		},
		{
			"from": [7.5, -13.75, 6.5],
			"to": [10.5, -9.75, 9.5],
			"rotation": {"angle": 0, "axis": "y", "origin": [0, -6, 0]},
			"faces": {
				"north": {"uv": [6.25, 4, 7, 5], "texture": "#0"},
				"east": {"uv": [6.25, 5, 7, 6], "texture": "#0"},
				"south": {"uv": [6.25, 6, 7, 7], "texture": "#0"},
				"west": {"uv": [4.75, 6.5, 5.5, 7.5], "texture": "#0"},
				"up": {"uv": [7.75, 2.25, 7, 1.5], "texture": "#0"},
				"down": {"uv": [7.75, 2.25, 7, 3], "texture": "#0"}
			}
		},
		{
			"from": [6, -3, 6],
			"to": [12, -1, 10],
			"rotation": {"angle": 0, "axis": "y", "origin": [0, -6, 0]},
			"faces": {
				"north": {"uv": [5.25, 2.5, 6.75, 3], "texture": "#0"},
				"east": {"uv": [2.75, 7, 3.75, 7.5], "texture": "#0"},
				"south": {"uv": [4.75, 6, 6.25, 6.5], "texture": "#0"},
				"west": {"uv": [3.75, 7, 4.75, 7.5], "texture": "#0"},
				"up": {"uv": [6.25, 4, 4.75, 3], "texture": "#0"},
				"down": {"uv": [6.25, 4, 4.75, 5], "texture": "#0"}
			}
		},
		{
			"from": [5, 0.82843, 7],
			"to": [7, 7.82843, 9],
			"rotation": {"angle": 45, "axis": "z", "origin": [6, 2.82843, 8]},
			"faces": {
				"north": {"uv": [2.75, 5.25, 3.25, 7], "texture": "#0"},
				"east": {"uv": [3.25, 5.25, 3.75, 7], "texture": "#0"},
				"south": {"uv": [3.75, 5.25, 4.25, 7], "texture": "#0"},
				"west": {"uv": [4.25, 5.25, 4.75, 7], "texture": "#0"},
				"up": {"uv": [7.5, 7, 7, 6.5], "texture": "#0"},
				"down": {"uv": [7.25, 7, 6.75, 7.5], "texture": "#0"}
			}
		},
		{
			"from": [5, -4.82843, 7],
			"to": [7, 0.17157, 9],
			"rotation": {"angle": -45, "axis": "z", "origin": [6, -1.82843, 8]},
			"faces": {
				"north": {"uv": [2.75, 6.5, 3.25, 5.25], "texture": "#0"},
				"east": {"uv": [3.25, 6.5, 3.75, 5.25], "texture": "#0"},
				"south": {"uv": [3.75, 6.5, 4.25, 5.25], "texture": "#0"},
				"west": {"uv": [4.25, 6.5, 4.75, 5.25], "texture": "#0"},
				"up": {"uv": [7.25, 7.5, 6.75, 7], "texture": "#0"},
				"down": {"uv": [7.5, 6.5, 7, 7], "texture": "#0"}
			}
		},
		{
			"from": [6, 1.99264, 6],
			"to": [12, 3.99264, 10],
			"rotation": {"angle": 0, "axis": "y", "origin": [0, 7.24264, 1]},
			"faces": {
				"north": {"uv": [6.25, 3, 7.75, 3.5], "texture": "#0"},
				"east": {"uv": [7, 4, 8, 4.5], "texture": "#0"},
				"south": {"uv": [6.25, 3.5, 7.75, 4], "texture": "#0"},
				"west": {"uv": [7, 4.5, 8, 5], "texture": "#0"},
				"up": {"uv": [6.25, 6, 4.75, 5], "texture": "#0"},
				"down": {"uv": [6.75, 0, 5.25, 1], "texture": "#0"}
			}
		},
		{
			"from": [6, 3.99264, 6.5],
			"to": [9, 12.99264, 9.5],
			"rotation": {"angle": 0, "axis": "z", "origin": [8, 8.49264, 8]},
			"faces": {
				"north": {"uv": [2.5, 3, 3.25, 5.25], "texture": "#0"},
				"east": {"uv": [3.25, 3, 4, 5.25], "texture": "#0"},
				"south": {"uv": [4, 3, 4.75, 5.25], "texture": "#0"},
				"west": {"uv": [0, 4.5, 0.75, 6.75], "texture": "#0"},
				"up": {"uv": [7.5, 0.75, 6.75, 0], "texture": "#0"},
				"down": {"uv": [7.75, 0.75, 7, 1.5], "texture": "#0"}
			}
		},
		{
			"from": [7, 3.99264, 7.5],
			"to": [12, 21.99264, 8.5],
			"rotation": {"angle": 0, "axis": "y", "origin": [0, 9.74264, -0.5]},
			"faces": {
				"north": {"uv": [0, 0, 1.25, 4.5], "texture": "#0"},
				"east": {"uv": [2.25, 4.5, 2.5, 9], "texture": "#0"},
				"south": {"uv": [1.25, 0, 2.5, 4.5], "texture": "#0"},
				"west": {"uv": [2.5, 5.25, 2.75, 9.75], "texture": "#0"},
				"up": {"uv": [8.25, 5.75, 7, 5.5], "texture": "#0"},
				"down": {"uv": [8.25, 5.75, 7, 6], "texture": "#0"}
			}
		},
		{
			"from": [3, 18.99264, 7.5],
			"to": [7, 21.99264, 8.5],
			"rotation": {"angle": 0, "axis": "z", "origin": [2, 20.49264, 8]},
			"faces": {
				"north": {"uv": [5.25, 1, 6.25, 1.75], "texture": "#0"},
				"east": {"uv": [5.5, 7.25, 5.75, 8], "texture": "#0"},
				"south": {"uv": [5.25, 1.75, 6.25, 2.5], "texture": "#0"},
				"west": {"uv": [5.75, 7.25, 6, 8], "texture": "#0"},
				"up": {"uv": [8, 5.25, 7, 5], "texture": "#0"},
				"down": {"uv": [8, 5.25, 7, 5.5], "texture": "#0"}
			}
		},
		{
			"from": [-1, -1, 6.5],
			"to": [8, 2, 9.5],
			"rotation": {"angle": 0, "axis": "z", "origin": [2, 1, 8.5]},
			"faces": {
				"north": {"uv": [2.5, 0, 4.75, 0.75], "texture": "#0"},
				"east": {"uv": [5.5, 6.5, 6.25, 7.25], "texture": "#0"},
				"south": {"uv": [2.5, 0.75, 4.75, 1.5], "texture": "#0"},
				"west": {"uv": [0, 6.75, 0.75, 7.5], "texture": "#0"},
				"up": {"uv": [4.75, 2.25, 2.5, 1.5], "texture": "#0"},
				"down": {"uv": [4.75, 2.25, 2.5, 3], "texture": "#0"}
			}
		}
	],
	"display": {
		"thirdperson_righthand": {
			"rotation": [0, 101, 0],
			"translation": [-0.5, 9.5, 1.5],
			"scale": [0.75, 0.75, 0.75]
		},
		"thirdperson_lefthand": {
			"rotation": [0, -81, 0],
			"translation": [-0.5, 9.5, 1.5],
			"scale": [0.75, 0.75, 0.75]
		},
		"firstperson_righthand": {
			"rotation": [-16, 111, 16],
			"translation": [1.5, 6, -0.5],
			"scale": [0.5, 0.5, 0.5]
		},
		"firstperson_lefthand": {
			"rotation": [-120, -90, -129],
			"translation": [1.5, 6, -0.5],
			"scale": [0.5, 0.5, 0.5]
		},
		"ground": {
			"rotation": [-44, 0, 0],
			"translation": [-0.25, 6.75, 0],
			"scale": [0.5, 0.5, 0.5]
		},
		"gui": {
			"rotation": [-25, 4, -44],
			"translation": [0.75, 1, 0],
			"scale": [0.5, 0.5, 0.5]
		},
		"head": {
			"translation": [-1, 28.25, 0]
		},
		"fixed": {
			"translation": [0, 2.25, 0]
		}
	}
}