{"textures":{"8":"modelengine:entity/fallendefender_dead"},"elements":[{"from":[7.7218738,7.7111254,10.306557],"to":[8.717874,10.707126,11.302557],"faces":{"east":{"uv":[3.25,8.125,3.3125,8.3125],"tintindex":0,"rotation":0,"texture":"#8"},"south":{"uv":[3.375,8.125,3.4375,8.3125],"tintindex":0,"rotation":0,"texture":"#8"},"north":{"uv":[3.125,8.125,3.1875,8.3125],"tintindex":0,"rotation":0,"texture":"#8"},"west":{"uv":[3.6875,8.125,3.75,8.3125],"tintindex":0,"rotation":0,"texture":"#8"},"up":{"uv":[9.25,8.1875,9.1875,8.125],"tintindex":0,"rotation":0,"texture":"#8"},"down":{"uv":[8.375,9.1875,8.3125,9.25],"tintindex":0,"rotation":0,"texture":"#8"}}},{"from":[8.5,7.424999,6.0],"to":[11.5,9.424999,10.0],"faces":{"east":{"uv":[5.4375,4.25,5.6875,4.375],"tintindex":0,"rotation":0,"texture":"#8"},"south":{"uv":[6.5625,0.6875,6.75,0.8125],"tintindex":0,"rotation":0,"texture":"#8"},"north":{"uv":[6.0,6.5,6.1875,6.625],"tintindex":0,"rotation":0,"texture":"#8"},"west":{"uv":[5.4375,4.4375,5.6875,4.5625],"tintindex":0,"rotation":0,"texture":"#8"},"up":{"uv":[4.625,2.875,4.4375,2.625],"tintindex":0,"rotation":0,"texture":"#8"},"down":{"uv":[1.625,4.5,1.4375,4.75],"tintindex":0,"rotation":0,"texture":"#8"}}},{"from":[8.672583,5.819307,10.300557],"to":[10.680582,6.827307,11.308557],"faces":{"east":{"uv":[8.4375,9.1875,8.5,9.25],"tintindex":0,"rotation":0,"texture":"#8"},"south":{"uv":[8.625,7.5,8.75,7.5625],"tintindex":0,"rotation":0,"texture":"#8"},"north":{"uv":[8.625,7.25,8.75,7.3125],"tintindex":0,"rotation":0,"texture":"#8"},"west":{"uv":[8.5625,9.1875,8.625,9.25],"tintindex":0,"rotation":0,"texture":"#8"},"up":{"uv":[8.75,7.6875,8.625,7.625],"tintindex":0,"rotation":0,"texture":"#8"},"down":{"uv":[8.75,8.3125,8.625,8.375],"tintindex":0,"rotation":0,"texture":"#8"}},"rotation":{"origin":[8.676582,6.323307,10.804557],"angle":-22.5,"axis":"z"}},{"from":[8.711874,9.770233,6.1071067],"to":[13.711874,10.770233,10.107107],"faces":{"east":{"uv":[7.1875,6.0625,7.4375,6.125],"tintindex":0,"rotation":0,"texture":"#8"},"south":{"uv":[6.8125,0.0,7.125,0.0625],"tintindex":0,"rotation":0,"texture":"#8"},"north":{"uv":[0.0,6.8125,0.3125,6.875],"tintindex":0,"rotation":0,"texture":"#8"},"west":{"uv":[7.25,4.125,7.5,4.1875],"tintindex":0,"rotation":0,"texture":"#8"},"up":{"uv":[3.625,1.4375,3.3125,1.1875],"tintindex":0,"rotation":0,"texture":"#8"},"down":{"uv":[3.625,2.4375,3.3125,2.6875],"tintindex":0,"rotation":0,"texture":"#8"}}},{"from":[8.37002,5.4406223,10.304557],"to":[9.37002,7.4406223,11.304557],"faces":{"east":{"uv":[8.1875,8.625,8.25,8.75],"tintindex":0,"rotation":0,"texture":"#8"},"south":{"uv":[0.0,8.6875,0.0625,8.8125],"tintindex":0,"rotation":0,"texture":"#8"},"north":{"uv":[7.3125,8.625,7.375,8.75],"tintindex":0,"rotation":0,"texture":"#8"},"west":{"uv":[0.125,8.6875,0.1875,8.8125],"tintindex":0,"rotation":0,"texture":"#8"},"up":{"uv":[8.75,9.25,8.6875,9.1875],"tintindex":0,"rotation":0,"texture":"#8"},"down":{"uv":[9.25,8.75,9.1875,8.8125],"tintindex":0,"rotation":0,"texture":"#8"}},"rotation":{"origin":[7.37002,5.9406223,10.804557],"angle":22.5,"axis":"z"}},{"from":[11.494,2.5189996,5.819],"to":[12.506,6.5309997,6.831],"faces":{"east":{"uv":[3.125,7.6875,3.1875,7.9375],"tintindex":0,"rotation":0,"texture":"#8"},"south":{"uv":[3.25,7.6875,3.3125,7.9375],"tintindex":0,"rotation":0,"texture":"#8"},"north":{"uv":[3.0,7.6875,3.0625,7.9375],"tintindex":0,"rotation":0,"texture":"#8"},"west":{"uv":[4.0625,7.6875,4.125,7.9375],"tintindex":0,"rotation":0,"texture":"#8"},"up":{"uv":[5.5625,9.4375,5.5,9.375],"tintindex":0,"rotation":0,"texture":"#8"},"down":{"uv":[9.4375,5.5625,9.375,5.625],"tintindex":0,"rotation":0,"texture":"#8"}},"rotation":{"origin":[12.0,6.5249996,6.725],"angle":-22.5,"axis":"y"}},{"from":[8.716874,7.832324,9.399119],"to":[13.706874,10.822324,10.389119],"faces":{"east":{"uv":[8.125,0.6875,8.1875,0.875],"tintindex":0,"rotation":0,"texture":"#8"},"south":{"uv":[4.25,2.0625,4.5625,2.25],"tintindex":0,"rotation":0,"texture":"#8"},"north":{"uv":[4.25,0.625,4.5625,0.8125],"tintindex":0,"rotation":0,"texture":"#8"},"west":{"uv":[8.125,0.9375,8.1875,1.125],"tintindex":0,"rotation":0,"texture":"#8"},"up":{"uv":[7.125,1.4375,6.8125,1.375],"tintindex":0,"rotation":0,"texture":"#8"},"down":{"uv":[7.125,1.5,6.8125,1.5625],"tintindex":0,"rotation":0,"texture":"#8"}},"rotation":{"origin":[10.211874,10.077324,10.394119],"angle":-22.5,"axis":"x"}},{"from":[8.716874,7.832324,5.825094],"to":[13.706874,10.822324,6.815094],"faces":{"east":{"uv":[8.0625,8.0,8.125,8.1875],"tintindex":0,"rotation":0,"texture":"#8"},"south":{"uv":[4.1875,4.0625,4.5,4.25],"tintindex":0,"rotation":0,"texture":"#8"},"north":{"uv":[4.1875,3.8125,4.5,4.0],"tintindex":0,"rotation":0,"texture":"#8"},"west":{"uv":[8.125,0.4375,8.1875,0.625],"tintindex":0,"rotation":0,"texture":"#8"},"up":{"uv":[7.125,1.0,6.8125,0.9375],"tintindex":0,"rotation":0,"texture":"#8"},"down":{"uv":[7.125,1.25,6.8125,1.3125],"tintindex":0,"rotation":0,"texture":"#8"}},"rotation":{"origin":[10.211874,10.077324,5.820094],"angle":22.5,"axis":"x"}},{"from":[13.0125,5.5000005,4.975],"to":[15.212501,7.7000003,11.175],"faces":{"east":{"uv":[4.625,0.625,5.0,0.75],"tintindex":0,"rotation":0,"texture":"#8"},"south":{"uv":[2.125,7.3125,2.25,7.4375],"tintindex":0,"rotation":0,"texture":"#8"},"north":{"uv":[7.3125,0.5,7.4375,0.625],"tintindex":0,"rotation":0,"texture":"#8"},"west":{"uv":[4.625,2.0625,5.0,2.1875],"tintindex":0,"rotation":0,"texture":"#8"},"up":{"uv":[0.125,5.0,0.0,4.625],"tintindex":0,"rotation":0,"texture":"#8"},"down":{"uv":[3.3125,4.625,3.1875,5.0],"tintindex":0,"rotation":0,"texture":"#8"}},"rotation":{"origin":[13.825,5.6000004,8.075],"angle":45.0,"axis":"z"}},{"from":[11.159373,5.6302333,5.967107],"to":[13.439374,9.9102335,10.2471075],"faces":{"east":{"uv":[1.25,3.8125,1.5,4.0625],"tintindex":0,"rotation":0,"texture":"#8"},"south":{"uv":[0.8125,5.6875,0.9375,5.9375],"tintindex":0,"rotation":0,"texture":"#8"},"north":{"uv":[0.375,5.6875,0.5,5.9375],"tintindex":0,"rotation":0,"texture":"#8"},"west":{"uv":[1.5625,3.8125,1.8125,4.0625],"tintindex":0,"rotation":0,"texture":"#8"},"up":{"uv":[1.125,5.9375,1.0,5.6875],"tintindex":0,"rotation":0,"texture":"#8"},"down":{"uv":[1.8125,5.6875,1.6875,5.9375],"tintindex":0,"rotation":0,"texture":"#8"}}},{"from":[8.36202,5.444624,4.9],"to":[9.36202,7.444624,5.9],"faces":{"east":{"uv":[5.6875,8.625,5.75,8.75],"tintindex":0,"rotation":0,"texture":"#8"},"south":{"uv":[8.625,5.6875,8.6875,5.8125],"tintindex":0,"rotation":0,"texture":"#8"},"north":{"uv":[8.625,5.5,8.6875,5.625],"tintindex":0,"rotation":0,"texture":"#8"},"west":{"uv":[8.625,5.875,8.6875,6.0],"tintindex":0,"rotation":0,"texture":"#8"},"up":{"uv":[7.5,9.25,7.4375,9.1875],"tintindex":0,"rotation":0,"texture":"#8"},"down":{"uv":[7.625,9.1875,7.5625,9.25],"tintindex":0,"rotation":0,"texture":"#8"}},"rotation":{"origin":[7.3620195,5.944624,5.4],"angle":22.5,"axis":"z"}},{"from":[11.494,2.5189996,9.394],"to":[12.506,6.5309997,10.405999],"faces":{"east":{"uv":[3.75,7.625,3.8125,7.875],"tintindex":0,"rotation":0,"texture":"#8"},"south":{"uv":[2.125,7.6875,2.1875,7.9375],"tintindex":0,"rotation":0,"texture":"#8"},"north":{"uv":[2.625,7.5625,2.6875,7.8125],"tintindex":0,"rotation":0,"texture":"#8"},"west":{"uv":[2.875,7.6875,2.9375,7.9375],"tintindex":0,"rotation":0,"texture":"#8"},"up":{"uv":[9.4375,5.375,9.375,5.3125],"tintindex":0,"rotation":0,"texture":"#8"},"down":{"uv":[9.4375,5.4375,9.375,5.5],"tintindex":0,"rotation":0,"texture":"#8"}},"rotation":{"origin":[12.0,6.5249996,9.5],"angle":22.5,"axis":"y"}},{"from":[10.575,2.5125008,6.0],"to":[12.575,3.3125,10.0],"faces":{"east":{"uv":[7.5625,5.5625,7.8125,5.625],"tintindex":0,"rotation":0,"texture":"#8"},"south":{"uv":[5.3125,8.875,5.4375,8.9375],"tintindex":0,"rotation":0,"texture":"#8"},"north":{"uv":[8.875,5.1875,9.0,5.2375],"tintindex":0,"rotation":0,"texture":"#8"},"west":{"uv":[7.5625,5.6875,7.8125,5.75],"tintindex":0,"rotation":0,"texture":"#8"},"up":{"uv":[3.25,6.125,3.125,5.875],"tintindex":0,"rotation":0,"texture":"#8"},"down":{"uv":[6.0,3.75,5.875,4.0],"tintindex":0,"rotation":0,"texture":"#8"}}},{"from":[8.375,2.5125008,6.0],"to":[10.375,3.3125,10.0],"faces":{"east":{"uv":[7.5,6.375,7.75,6.4375],"tintindex":0,"rotation":0,"texture":"#8"},"south":{"uv":[5.125,8.875,5.25,8.9375],"tintindex":0,"rotation":0,"texture":"#8"},"north":{"uv":[4.9375,8.875,5.0625,8.925],"tintindex":0,"rotation":0,"texture":"#8"},"west":{"uv":[7.5625,3.3125,7.8125,3.375],"tintindex":0,"rotation":0,"texture":"#8"},"up":{"uv":[6.0,1.25,5.875,1.0],"tintindex":0,"rotation":0,"texture":"#8"},"down":{"uv":[3.0625,5.875,2.9375,6.125],"tintindex":0,"rotation":0,"texture":"#8"}}},{"from":[8.664583,5.8233066,4.896],"to":[10.672583,6.831307,5.9040003],"faces":{"east":{"uv":[7.6875,9.1875,7.75,9.25],"tintindex":0,"rotation":0,"texture":"#8"},"south":{"uv":[8.625,3.3125,8.75,3.375],"tintindex":0,"rotation":0,"texture":"#8"},"north":{"uv":[8.625,0.25,8.75,0.3125],"tintindex":0,"rotation":0,"texture":"#8"},"west":{"uv":[7.8125,9.1875,7.875,9.25],"tintindex":0,"rotation":0,"texture":"#8"},"up":{"uv":[8.75,6.3125,8.625,6.25],"tintindex":0,"rotation":0,"texture":"#8"},"down":{"uv":[8.75,7.0,8.625,7.0625],"tintindex":0,"rotation":0,"texture":"#8"}},"rotation":{"origin":[8.668583,6.3273067,5.4],"angle":-22.5,"axis":"z"}},{"from":[13.25,7.3999996,7.0],"to":[14.25,9.4,9.0],"faces":{"east":{"uv":[7.5625,2.3125,7.6875,2.4375],"tintindex":0,"rotation":0,"texture":"#8"},"south":{"uv":[4.4375,8.875,4.5,9.0],"tintindex":0,"rotation":0,"texture":"#8"},"north":{"uv":[8.875,4.3125,8.9375,4.4375],"tintindex":0,"rotation":0,"texture":"#8"},"west":{"uv":[2.4375,7.5625,2.5625,7.6875],"tintindex":0,"rotation":0,"texture":"#8"},"up":{"uv":[8.9375,4.625,8.875,4.5],"tintindex":0,"rotation":0,"texture":"#8"},"down":{"uv":[4.625,8.875,4.5625,9.0],"tintindex":0,"rotation":0,"texture":"#8"}},"rotation":{"origin":[13.75,8.4,8.0],"angle":45.0,"axis":"x"}},{"from":[8.711874,5.9985943,10.255157],"to":[13.711874,7.9985943,11.255157],"faces":{"east":{"uv":[8.625,4.6875,8.6875,4.8125],"tintindex":0,"rotation":0,"texture":"#8"},"south":{"uv":[4.5,4.75,4.8125,4.875],"tintindex":0,"rotation":0,"texture":"#8"},"north":{"uv":[4.75,4.4375,5.0625,4.5625],"tintindex":0,"rotation":0,"texture":"#8"},"west":{"uv":[8.625,5.3125,8.6875,5.4375],"tintindex":0,"rotation":0,"texture":"#8"},"up":{"uv":[7.125,1.6875,6.8125,1.625],"tintindex":0,"rotation":0,"texture":"#8"},"down":{"uv":[7.125,2.0,6.8125,2.0625],"tintindex":0,"rotation":0,"texture":"#8"}}},{"from":[7.715874,10.217125,5.111107],"to":[8.707874,11.2091255,6.1031065],"faces":{"east":{"uv":[9.1875,9.0,9.25,9.0625],"tintindex":0,"rotation":0,"texture":"#8"},"south":{"uv":[9.0625,9.1875,9.125,9.25],"tintindex":0,"rotation":0,"texture":"#8"},"north":{"uv":[8.9375,9.1875,9.0,9.25],"tintindex":0,"rotation":0,"texture":"#8"},"west":{"uv":[9.1875,9.125,9.25,9.1875],"tintindex":0,"rotation":0,"texture":"#8"},"up":{"uv":[0.0625,9.3125,0.0,9.25],"tintindex":0,"rotation":0,"texture":"#8"},"down":{"uv":[9.3125,0.125,9.25,0.1875],"tintindex":0,"rotation":0,"texture":"#8"}},"rotation":{"origin":[8.211874,10.713125,5.6071067],"angle":45.0,"axis":"x"}},{"from":[9.996864,6.6770954,6.005],"to":[11.996864,8.927095,9.995],"faces":{"east":{"uv":[5.5,1.75,5.75,1.875],"tintindex":0,"rotation":0,"texture":"#8"},"south":{"uv":[7.125,0.5,7.25,0.625],"tintindex":0,"rotation":0,"texture":"#8"},"north":{"uv":[7.125,0.125,7.25,0.265625],"tintindex":0,"rotation":0,"texture":"#8"},"west":{"uv":[5.1875,5.5,5.4375,5.625],"tintindex":0,"rotation":0,"texture":"#8"},"up":{"uv":[1.625,5.75,1.5,5.5],"tintindex":0,"rotation":0,"texture":"#8"},"down":{"uv":[5.625,5.5,5.5,5.75],"tintindex":0,"rotation":0,"texture":"#8"}},"rotation":{"origin":[10.496864,8.927095,8.0],"angle":22.5,"axis":"z"}},{"from":[10.575,5.450001,6.0],"to":[12.575,7.25,10.0],"faces":{"east":{"uv":[5.75,4.4375,6.0,4.5625],"tintindex":0,"rotation":0,"texture":"#8"},"south":{"uv":[7.5625,4.875,7.6875,5.0],"tintindex":0,"rotation":0,"texture":"#8"},"north":{"uv":[7.5625,4.6875,7.6875,4.8],"tintindex":0,"rotation":0,"texture":"#8"},"west":{"uv":[0.0,5.8125,0.25,5.9375],"tintindex":0,"rotation":0,"texture":"#8"},"up":{"uv":[1.625,6.0625,1.5,5.8125],"tintindex":0,"rotation":0,"texture":"#8"},"down":{"uv":[5.9375,3.4375,5.8125,3.6875],"tintindex":0,"rotation":0,"texture":"#8"}}},{"from":[7.711874,10.420233,5.6071067],"to":[8.711874,11.420233,10.607107],"faces":{"east":{"uv":[6.8125,2.125,7.125,2.1875],"tintindex":0,"rotation":0,"texture":"#8"},"south":{"uv":[9.25,0.625,9.3125,0.6875],"tintindex":0,"rotation":0,"texture":"#8"},"north":{"uv":[0.625,9.25,0.6875,9.3125],"tintindex":0,"rotation":0,"texture":"#8"},"west":{"uv":[6.8125,2.375,7.125,2.4375],"tintindex":0,"rotation":0,"texture":"#8"},"up":{"uv":[1.125,7.0625,1.0625,6.75],"tintindex":0,"rotation":0,"texture":"#8"},"down":{"uv":[1.625,6.75,1.5625,7.0625],"tintindex":0,"rotation":0,"texture":"#8"}}},{"from":[7.707874,7.709125,4.896],"to":[8.715874,10.717125,5.9040003],"faces":{"east":{"uv":[2.875,8.125,2.9375,8.3125],"tintindex":0,"rotation":0,"texture":"#8"},"south":{"uv":[8.125,2.875,8.1875,3.0625],"tintindex":0,"rotation":0,"texture":"#8"},"north":{"uv":[8.125,2.625,8.1875,2.8125],"tintindex":0,"rotation":0,"texture":"#8"},"west":{"uv":[3.0,8.125,3.0625,8.3125],"tintindex":0,"rotation":0,"texture":"#8"},"up":{"uv":[8.0,9.25,7.9375,9.1875],"tintindex":0,"rotation":0,"texture":"#8"},"down":{"uv":[8.125,9.1875,8.0625,9.25],"tintindex":0,"rotation":0,"texture":"#8"}}},{"from":[8.375,5.450001,6.0],"to":[10.375,7.3500004,10.0],"faces":{"east":{"uv":[5.8125,1.75,6.0625,1.875],"tintindex":0,"rotation":0,"texture":"#8"},"south":{"uv":[5.5625,7.5625,5.6875,7.6875],"tintindex":0,"rotation":0,"texture":"#8"},"north":{"uv":[7.5625,5.0625,7.6875,5.18125],"tintindex":0,"rotation":0,"texture":"#8"},"west":{"uv":[5.875,0.0,6.125,0.125],"tintindex":0,"rotation":0,"texture":"#8"},"up":{"uv":[5.5625,6.0625,5.4375,5.8125],"tintindex":0,"rotation":0,"texture":"#8"},"down":{"uv":[6.0,0.1875,5.875,0.4375],"tintindex":0,"rotation":0,"texture":"#8"}}},{"from":[10.575,3.5125008,6.0],"to":[12.575,5.3125,10.0],"faces":{"east":{"uv":[3.4375,5.75,3.6875,5.875],"tintindex":0,"rotation":0,"texture":"#8"},"south":{"uv":[7.5625,4.5,7.6875,4.625],"tintindex":0,"rotation":0,"texture":"#8"},"north":{"uv":[7.5625,4.0625,7.6875,4.175],"tintindex":0,"rotation":0,"texture":"#8"},"west":{"uv":[5.75,4.25,6.0,4.375],"tintindex":0,"rotation":0,"texture":"#8"},"up":{"uv":[2.875,6.0,2.75,5.75],"tintindex":0,"rotation":0,"texture":"#8"},"down":{"uv":[4.0,5.75,3.875,6.0],"tintindex":0,"rotation":0,"texture":"#8"}}},{"from":[10.325,5.100001,10.314213],"to":[13.317,6.0920005,11.306213],"faces":{"east":{"uv":[9.25,1.875,9.3125,1.9375],"tintindex":0,"rotation":0,"texture":"#8"},"south":{"uv":[6.8125,8.125,7.0,8.1875],"tintindex":0,"rotation":0,"texture":"#8"},"north":{"uv":[6.5625,8.125,6.75,8.1875],"tintindex":0,"rotation":0,"texture":"#8"},"west":{"uv":[9.25,2.25,9.3125,2.3125],"tintindex":0,"rotation":0,"texture":"#8"},"up":{"uv":[8.3125,7.1875,8.125,7.125],"tintindex":0,"rotation":0,"texture":"#8"},"down":{"uv":[8.3125,7.4375,8.125,7.5],"tintindex":0,"rotation":0,"texture":"#8"}}},{"from":[8.375,3.5125008,6.0],"to":[10.375,5.3125,10.0],"faces":{"east":{"uv":[1.1875,5.75,1.4375,5.875],"tintindex":0,"rotation":0,"texture":"#8"},"south":{"uv":[3.875,7.5625,4.0,7.6875],"tintindex":0,"rotation":0,"texture":"#8"},"north":{"uv":[7.5625,3.125,7.6875,3.2375],"tintindex":0,"rotation":0,"texture":"#8"},"west":{"uv":[5.75,2.25,6.0,2.375],"tintindex":0,"rotation":0,"texture":"#8"},"up":{"uv":[0.6875,6.0,0.5625,5.75],"tintindex":0,"rotation":0,"texture":"#8"},"down":{"uv":[2.6875,5.75,2.5625,6.0],"tintindex":0,"rotation":0,"texture":"#8"}}},{"from":[10.325,5.1000004,4.9],"to":[13.325,6.1000004,5.9],"faces":{"east":{"uv":[9.25,1.625,9.3125,1.6875],"tintindex":0,"rotation":0,"texture":"#8"},"south":{"uv":[8.125,1.5625,8.3125,1.625],"tintindex":0,"rotation":0,"texture":"#8"},"north":{"uv":[8.125,0.125,8.3125,0.1875],"tintindex":0,"rotation":0,"texture":"#8"},"west":{"uv":[9.25,1.75,9.3125,1.8125],"tintindex":0,"rotation":0,"texture":"#8"},"up":{"uv":[8.3125,3.625,8.125,3.5625],"tintindex":0,"rotation":0,"texture":"#8"},"down":{"uv":[8.3125,6.375,8.125,6.4375],"tintindex":0,"rotation":0,"texture":"#8"}}},{"from":[8.711874,5.9985943,4.9590564],"to":[13.711874,7.9985943,5.9590564],"faces":{"east":{"uv":[8.625,4.3125,8.6875,4.4375],"tintindex":0,"rotation":0,"texture":"#8"},"south":{"uv":[4.75,4.25,5.0625,4.375],"tintindex":0,"rotation":0,"texture":"#8"},"north":{"uv":[4.125,4.75,4.4375,4.875],"tintindex":0,"rotation":0,"texture":"#8"},"west":{"uv":[8.625,4.5,8.6875,4.625],"tintindex":0,"rotation":0,"texture":"#8"},"up":{"uv":[7.125,0.75,6.8125,0.6875],"tintindex":0,"rotation":0,"texture":"#8"},"down":{"uv":[7.125,0.8125,6.8125,0.875],"tintindex":0,"rotation":0,"texture":"#8"}}},{"from":[7.715874,10.217125,10.111107],"to":[8.707874,11.2091255,11.103107],"faces":{"east":{"uv":[9.25,0.75,9.3125,0.8125],"tintindex":0,"rotation":0,"texture":"#8"},"south":{"uv":[9.25,0.875,9.3125,0.9375],"tintindex":0,"rotation":0,"texture":"#8"},"north":{"uv":[0.75,9.25,0.8125,9.3125],"tintindex":0,"rotation":0,"texture":"#8"},"west":{"uv":[9.25,1.0,9.3125,1.0625],"tintindex":0,"rotation":0,"texture":"#8"},"up":{"uv":[9.3125,1.1875,9.25,1.125],"tintindex":0,"rotation":0,"texture":"#8"},"down":{"uv":[9.3125,1.25,9.25,1.3125],"tintindex":0,"rotation":0,"texture":"#8"}},"rotation":{"origin":[8.211874,10.713125,10.607107],"angle":-45.0,"axis":"x"}}],"display":{"gui":{"rotation":[30,225,0]}}}