{"textures":{"8":"modelengine:entity/fallendefender_dead"},"elements":[{"from":[2.0402117,11.0,1.3806129],"to":[3.0402117,13.0,5.380613],"faces":{"east":{"uv":[5.6875,4.75,5.9375,4.875],"tintindex":0,"rotation":0,"texture":"#8"},"south":{"uv":[2.9375,8.75,3.0,8.875],"tintindex":0,"rotation":0,"texture":"#8"},"north":{"uv":[2.4375,8.75,2.5,8.875],"tintindex":0,"rotation":0,"texture":"#8"},"west":{"uv":[4.9375,5.6875,5.1875,5.8125],"tintindex":0,"rotation":0,"texture":"#8"},"up":{"uv":[7.0625,7.625,7.0,7.375],"tintindex":0,"rotation":0,"texture":"#8"},"down":{"uv":[7.1875,7.375,7.125,7.625],"tintindex":0,"rotation":0,"texture":"#8"}}},{"from":[0.22057724,2.8520823,1.3806129],"to":[1.2205772,3.8520823,5.380613],"faces":{"east":{"uv":[7.375,0.6875,7.625,0.75],"tintindex":0,"rotation":0,"texture":"#8"},"south":{"uv":[9.25,5.5625,9.3125,5.625],"tintindex":0,"rotation":0,"texture":"#8"},"north":{"uv":[5.5625,9.25,5.625,9.3125],"tintindex":0,"rotation":0,"texture":"#8"},"west":{"uv":[7.375,0.8125,7.625,0.875],"tintindex":0,"rotation":0,"texture":"#8"},"up":{"uv":[1.0,7.5,0.9375,7.25],"tintindex":0,"rotation":0,"texture":"#8"},"down":{"uv":[3.8125,7.3125,3.75,7.5625],"tintindex":0,"rotation":0,"texture":"#8"}},"rotation":{"origin":[3.2722492,8.0,5.6449394],"angle":22.5,"axis":"z"}},{"from":[2.2972116,3.007,1.3876128],"to":[2.7832117,12.993,15.373613],"faces":{"east":{"uv":[0.0,0.0,0.875,0.625],"tintindex":0,"rotation":0,"texture":"#8"},"south":{"uv":[4.875,4.75,4.9375,5.375],"tintindex":0,"rotation":0,"texture":"#8"},"north":{"uv":[3.0,4.875,3.03125,5.5],"tintindex":0,"rotation":0,"texture":"#8"},"west":{"uv":[0.0,0.6875,0.875,1.3125],"tintindex":0,"rotation":0,"texture":"#8"},"up":{"uv":[0.75,5.125,0.6875,4.25],"tintindex":0,"rotation":0,"texture":"#8"},"down":{"uv":[0.875,4.25,0.8125,5.125],"tintindex":0,"rotation":0,"texture":"#8"}}},{"from":[0.22057724,13.147917,1.3806129],"to":[1.2205772,14.147917,6.380613],"faces":{"east":{"uv":[6.8125,2.875,7.125,2.9375],"tintindex":0,"rotation":0,"texture":"#8"},"south":{"uv":[6.5625,9.25,6.625,9.3125],"tintindex":0,"rotation":0,"texture":"#8"},"north":{"uv":[9.25,6.4375,9.3125,6.5],"tintindex":0,"rotation":0,"texture":"#8"},"west":{"uv":[6.8125,3.25,7.125,3.3125],"tintindex":0,"rotation":0,"texture":"#8"},"up":{"uv":[2.0625,7.125,2.0,6.8125],"tintindex":0,"rotation":0,"texture":"#8"},"down":{"uv":[3.3125,6.8125,3.25,7.125],"tintindex":0,"rotation":0,"texture":"#8"}},"rotation":{"origin":[3.2722492,8.0,5.6449394],"angle":-22.5,"axis":"z"}},{"from":[2.0442116,12.255285,-1.3773668],"to":[3.0362117,14.247286,3.6146324],"faces":{"east":{"uv":[4.375,4.9375,4.6875,5.0625],"tintindex":0,"rotation":0,"texture":"#8"},"south":{"uv":[8.4375,8.75,8.5,8.875],"tintindex":0,"rotation":0,"texture":"#8"},"north":{"uv":[8.75,8.125,8.8125,8.25],"tintindex":0,"rotation":0,"texture":"#8"},"west":{"uv":[5.0,0.8125,5.3125,0.9375],"tintindex":0,"rotation":0,"texture":"#8"},"up":{"uv":[3.4375,7.125,3.375,6.8125],"tintindex":0,"rotation":0,"texture":"#8"},"down":{"uv":[4.0625,6.8125,4.0,7.125],"tintindex":0,"rotation":0,"texture":"#8"}},"rotation":{"origin":[3.2722492,8.0,5.6449394],"angle":-22.5,"axis":"x"}},{"from":[2.0402117,3.7487154,-1.3813667],"to":[3.0402117,4.7487154,2.6186323],"faces":{"east":{"uv":[7.375,3.75,7.625,3.8125],"tintindex":0,"rotation":0,"texture":"#8"},"south":{"uv":[9.25,7.625,9.3125,7.6875],"tintindex":0,"rotation":0,"texture":"#8"},"north":{"uv":[9.25,7.5,9.3125,7.5625],"tintindex":0,"rotation":0,"texture":"#8"},"west":{"uv":[7.4375,1.875,7.6875,1.9375],"tintindex":0,"rotation":0,"texture":"#8"},"up":{"uv":[1.875,7.6875,1.8125,7.4375],"tintindex":0,"rotation":0,"texture":"#8"},"down":{"uv":[2.375,7.4375,2.3125,7.6875],"tintindex":0,"rotation":0,"texture":"#8"}},"rotation":{"origin":[3.2722492,8.0,5.6449394],"angle":22.5,"axis":"x"}},{"from":[2.0442116,1.7527153,-1.3773668],"to":[3.0362117,3.7447155,3.6146324],"faces":{"east":{"uv":[4.875,1.1875,5.1875,1.3125],"tintindex":0,"rotation":0,"texture":"#8"},"south":{"uv":[3.6875,8.6875,3.75,8.8125],"tintindex":0,"rotation":0,"texture":"#8"},"north":{"uv":[3.5625,8.6875,3.625,8.8125],"tintindex":0,"rotation":0,"texture":"#8"},"west":{"uv":[4.875,3.125,5.1875,3.25],"tintindex":0,"rotation":0,"texture":"#8"},"up":{"uv":[1.75,7.0625,1.6875,6.75],"tintindex":0,"rotation":0,"texture":"#8"},"down":{"uv":[3.5625,6.75,3.5,7.0625],"tintindex":0,"rotation":0,"texture":"#8"}},"rotation":{"origin":[3.2722492,8.0,5.6449394],"angle":22.5,"axis":"x"}},{"from":[2.0402117,3.0,5.380613],"to":[3.0402117,6.0,14.380613],"faces":{"east":{"uv":[0.6875,3.0625,1.25,3.25],"tintindex":0,"rotation":0,"texture":"#8"},"south":{"uv":[5.375,8.125,5.4375,8.3125],"tintindex":0,"rotation":0,"texture":"#8"},"north":{"uv":[4.625,8.125,4.6875,8.3125],"tintindex":0,"rotation":0,"texture":"#8"},"west":{"uv":[3.1875,0.0,3.75,0.1875],"tintindex":0,"rotation":0,"texture":"#8"},"up":{"uv":[5.1875,4.4375,5.125,3.875],"tintindex":0,"rotation":0,"texture":"#8"},"down":{"uv":[4.0625,5.125,4.0,5.6875],"tintindex":0,"rotation":0,"texture":"#8"}}},{"from":[2.7902117,7.55,4.380613],"to":[8.790211,8.549999,5.380613],"faces":{"east":{"uv":[9.375,7.1875,9.4375,7.25],"tintindex":0,"rotation":0,"texture":"#8"},"south":{"uv":[6.625,1.75,7.0,1.8125],"tintindex":0,"rotation":0,"texture":"#8"},"north":{"uv":[6.5625,4.5,6.9375,4.5625],"tintindex":0,"rotation":0,"texture":"#8"},"west":{"uv":[9.375,7.3125,9.4375,7.375],"tintindex":0,"rotation":0,"texture":"#8"},"up":{"uv":[7.0,5.9375,6.625,5.875],"tintindex":0,"rotation":0,"texture":"#8"},"down":{"uv":[6.875,6.625,6.5,6.6875],"tintindex":0,"rotation":0,"texture":"#8"}}},{"from":[2.7402117,6.95,4.3306127],"to":[3.8402116,9.05,9.4306135],"faces":{"east":{"uv":[5.0,4.75,5.3125,4.875],"tintindex":0,"rotation":0,"texture":"#8"},"south":{"uv":[8.9375,2.625,9.0,2.75],"tintindex":0,"rotation":0,"texture":"#8"},"north":{"uv":[8.9375,2.4375,9.0,2.5625],"tintindex":0,"rotation":0,"texture":"#8"},"west":{"uv":[5.0,4.9375,5.3125,5.0625],"tintindex":0,"rotation":0,"texture":"#8"},"up":{"uv":[1.0,7.1875,0.9375,6.875],"tintindex":0,"rotation":0,"texture":"#8"},"down":{"uv":[1.4375,6.875,1.375,7.1875],"tintindex":0,"rotation":0,"texture":"#8"}}},{"from":[2.0452118,6.40388,0.22039163],"to":[3.0352116,8.39388,1.2103916],"faces":{"east":{"uv":[8.75,1.5,8.8125,1.625],"tintindex":0,"rotation":0,"texture":"#8"},"south":{"uv":[8.75,1.8125,8.8125,1.9375],"tintindex":0,"rotation":0,"texture":"#8"},"north":{"uv":[8.75,1.3125,8.8125,1.4375],"tintindex":0,"rotation":0,"texture":"#8"},"west":{"uv":[8.75,2.0,8.8125,2.125],"tintindex":0,"rotation":0,"texture":"#8"},"up":{"uv":[9.3125,7.3125,9.25,7.25],"tintindex":0,"rotation":0,"texture":"#8"},"down":{"uv":[9.3125,7.375,9.25,7.4375],"tintindex":0,"rotation":0,"texture":"#8"}},"rotation":{"origin":[3.2722492,8.0,5.6449394],"angle":45.0,"axis":"x"}},{"from":[-0.9126835,11.0585,-0.8318863],"to":[0.08731651,13.0585,1.1681128],"faces":{"east":{"uv":[3.875,7.375,4.0,7.5],"tintindex":0,"rotation":0,"texture":"#8"},"south":{"uv":[8.6875,6.0625,8.75,6.1875],"tintindex":0,"rotation":0,"texture":"#8"},"north":{"uv":[6.0625,8.6875,6.125,8.8125],"tintindex":0,"rotation":0,"texture":"#8"},"west":{"uv":[7.375,4.5,7.5,4.625],"tintindex":0,"rotation":0,"texture":"#8"},"up":{"uv":[6.25,8.8125,6.1875,8.6875],"tintindex":0,"rotation":0,"texture":"#8"},"down":{"uv":[6.375,8.6875,6.3125,8.8125],"tintindex":0,"rotation":0,"texture":"#8"}},"rotation":{"origin":[3.2722492,8.0,5.6449394],"angle":-45.0,"axis":"z"}},{"from":[1.1949615,14.354206,5.568113],"to":[2.0742178,15.469427,7.568113],"faces":{"east":{"uv":[6.5625,8.6875,6.6875,8.75],"tintindex":0,"rotation":0,"texture":"#8"},"south":{"uv":[6.8125,9.25,6.875,9.3125],"tintindex":0,"rotation":0,"texture":"#8"},"north":{"uv":[9.25,6.6875,9.304954,6.757201],"tintindex":0,"rotation":0,"texture":"#8"},"west":{"uv":[6.75,8.6875,6.875,8.75],"tintindex":0,"rotation":0,"texture":"#8"},"up":{"uv":[7.1875,8.8125,7.125,8.6875],"tintindex":0,"rotation":0,"texture":"#8"},"down":{"uv":[7.5,8.6875,7.4375,8.8125],"tintindex":0,"rotation":0,"texture":"#8"}},"rotation":{"origin":[3.2722492,8.0,5.6449394],"angle":-22.5,"axis":"z"}},{"from":[2.0402117,7.0,2.3806129],"to":[3.0402117,9.0,4.380613],"faces":{"east":{"uv":[7.375,2.0,7.5,2.125],"tintindex":0,"rotation":0,"texture":"#8"},"south":{"uv":[5.0625,8.6875,5.125,8.8125],"tintindex":0,"rotation":0,"texture":"#8"},"north":{"uv":[4.9375,8.6875,5.0,8.8125],"tintindex":0,"rotation":0,"texture":"#8"},"west":{"uv":[7.375,2.375,7.5,2.5],"tintindex":0,"rotation":0,"texture":"#8"},"up":{"uv":[5.25,8.8125,5.1875,8.6875],"tintindex":0,"rotation":0,"texture":"#8"},"down":{"uv":[5.375,8.6875,5.3125,8.8125],"tintindex":0,"rotation":0,"texture":"#8"}}},{"from":[2.0402117,11.251286,-1.3813667],"to":[3.0402117,12.251286,2.6186323],"faces":{"east":{"uv":[7.4375,2.1875,7.6875,2.25],"tintindex":0,"rotation":0,"texture":"#8"},"south":{"uv":[9.25,7.875,9.3125,7.9375],"tintindex":0,"rotation":0,"texture":"#8"},"north":{"uv":[9.25,7.75,9.3125,7.8125],"tintindex":0,"rotation":0,"texture":"#8"},"west":{"uv":[2.4375,7.4375,2.6875,7.5],"tintindex":0,"rotation":0,"texture":"#8"},"up":{"uv":[2.8125,7.6875,2.75,7.4375],"tintindex":0,"rotation":0,"texture":"#8"},"down":{"uv":[7.5,2.9375,7.4375,3.1875],"tintindex":0,"rotation":0,"texture":"#8"}},"rotation":{"origin":[3.2722492,8.0,5.6449394],"angle":-22.5,"axis":"x"}},{"from":[0.22057724,1.8520823,1.3806129],"to":[1.2205772,2.8520823,6.380613],"faces":{"east":{"uv":[6.8125,2.5,7.125,2.5625],"tintindex":0,"rotation":0,"texture":"#8"},"south":{"uv":[6.0625,9.25,6.125,9.3125],"tintindex":0,"rotation":0,"texture":"#8"},"north":{"uv":[9.25,5.9375,9.3125,6.0],"tintindex":0,"rotation":0,"texture":"#8"},"west":{"uv":[6.8125,2.75,7.125,2.8125],"tintindex":0,"rotation":0,"texture":"#8"},"up":{"uv":[3.6875,7.0625,3.625,6.75],"tintindex":0,"rotation":0,"texture":"#8"},"down":{"uv":[5.5,6.75,5.4375,7.0625],"tintindex":0,"rotation":0,"texture":"#8"}},"rotation":{"origin":[3.2722492,8.0,5.6449394],"angle":22.5,"axis":"z"}},{"from":[2.0352116,5.6800556,-6.0957346],"to":[3.0452118,7.690056,-4.0857344],"faces":{"east":{"uv":[7.4375,2.5625,7.5625,2.6875],"tintindex":0,"rotation":0,"texture":"#8"},"south":{"uv":[8.6875,8.75,8.75,8.875],"tintindex":0,"rotation":0,"texture":"#8"},"north":{"uv":[8.5625,8.75,8.625,8.875],"tintindex":0,"rotation":0,"texture":"#8"},"west":{"uv":[7.4375,3.4375,7.5625,3.5625],"tintindex":0,"rotation":0,"texture":"#8"},"up":{"uv":[0.5625,8.9375,0.5,8.8125],"tintindex":0,"rotation":0,"texture":"#8"},"down":{"uv":[0.875,8.8125,0.8125,8.9375],"tintindex":0,"rotation":0,"texture":"#8"}}},{"from":[0.22057724,2.8520823,5.380613],"to":[1.2205772,3.8520823,15.380613],"faces":{"east":{"uv":[4.75,4.625,5.375,4.6875],"tintindex":0,"rotation":0,"texture":"#8"},"south":{"uv":[5.25,9.25,5.3125,9.3125],"tintindex":0,"rotation":0,"texture":"#8"},"north":{"uv":[5.125,9.25,5.1875,9.3125],"tintindex":0,"rotation":0,"texture":"#8"},"west":{"uv":[4.8125,1.75,5.4375,1.8125],"tintindex":0,"rotation":0,"texture":"#8"},"up":{"uv":[1.625,5.4375,1.5625,4.8125],"tintindex":0,"rotation":0,"texture":"#8"},"down":{"uv":[2.9375,4.875,2.875,5.5],"tintindex":0,"rotation":0,"texture":"#8"}},"rotation":{"origin":[3.2722492,8.0,5.6449394],"angle":22.5,"axis":"z"}},{"from":[-1.2662363,2.587947,12.918113],"to":[-0.2662363,4.587947,14.918113],"faces":{"east":{"uv":[1.4375,7.4375,1.5625,7.5625],"tintindex":0,"rotation":0,"texture":"#8"},"south":{"uv":[8.75,5.5,8.8125,5.625],"tintindex":0,"rotation":0,"texture":"#8"},"north":{"uv":[8.75,5.3125,8.8125,5.4375],"tintindex":0,"rotation":0,"texture":"#8"},"west":{"uv":[1.625,7.4375,1.75,7.5625],"tintindex":0,"rotation":0,"texture":"#8"},"up":{"uv":[8.8125,5.8125,8.75,5.6875],"tintindex":0,"rotation":0,"texture":"#8"},"down":{"uv":[8.8125,5.875,8.75,6.0],"tintindex":0,"rotation":0,"texture":"#8"}},"rotation":{"origin":[3.2722492,8.0,5.6449394],"angle":45.0,"axis":"z"}},{"from":[-1.2662363,2.587947,7.9181128],"to":[-0.2662363,4.587947,9.918113],"faces":{"east":{"uv":[0.375,7.375,0.5,7.5],"tintindex":0,"rotation":0,"texture":"#8"},"south":{"uv":[2.0,8.6875,2.0625,8.8125],"tintindex":0,"rotation":0,"texture":"#8"},"north":{"uv":[1.75,8.6875,1.8125,8.8125],"tintindex":0,"rotation":0,"texture":"#8"},"west":{"uv":[0.5625,7.375,0.6875,7.5],"tintindex":0,"rotation":0,"texture":"#8"},"up":{"uv":[2.1875,8.8125,2.125,8.6875],"tintindex":0,"rotation":0,"texture":"#8"},"down":{"uv":[8.75,2.3125,8.6875,2.4375],"tintindex":0,"rotation":0,"texture":"#8"}},"rotation":{"origin":[3.2722492,8.0,5.6449394],"angle":45.0,"axis":"z"}},{"from":[7.790211,7.55,5.380613],"to":[8.790211,8.549999,9.380613],"faces":{"east":{"uv":[7.6875,1.75,7.9375,1.8125],"tintindex":0,"rotation":0,"texture":"#8"},"south":{"uv":[9.375,7.8125,9.4375,7.875],"tintindex":0,"rotation":0,"texture":"#8"},"north":{"uv":[9.375,7.6875,9.4375,7.75],"tintindex":0,"rotation":0,"texture":"#8"},"west":{"uv":[7.6875,3.75,7.9375,3.8125],"tintindex":0,"rotation":0,"texture":"#8"},"up":{"uv":[6.1875,7.9375,6.125,7.6875],"tintindex":0,"rotation":0,"texture":"#8"},"down":{"uv":[7.5625,7.6875,7.5,7.9375],"tintindex":0,"rotation":0,"texture":"#8"}}},{"from":[0.22057724,12.147917,5.380613],"to":[1.2205772,13.147917,15.380613],"faces":{"east":{"uv":[4.9375,3.5,5.5625,3.5625],"tintindex":0,"rotation":0,"texture":"#8"},"south":{"uv":[7.125,9.25,7.1875,9.3125],"tintindex":0,"rotation":0,"texture":"#8"},"north":{"uv":[9.25,7.0,9.3125,7.0625],"tintindex":0,"rotation":0,"texture":"#8"},"west":{"uv":[4.9375,3.625,5.5625,3.6875],"tintindex":0,"rotation":0,"texture":"#8"},"up":{"uv":[4.1875,5.5625,4.125,4.9375],"tintindex":0,"rotation":0,"texture":"#8"},"down":{"uv":[4.3125,4.9375,4.25,5.5625],"tintindex":0,"rotation":0,"texture":"#8"}},"rotation":{"origin":[3.2722492,8.0,5.6449394],"angle":-22.5,"axis":"z"}},{"from":[0.22057724,14.147917,2.3806129],"to":[1.2205772,17.147917,5.380613],"faces":{"east":{"uv":[0.625,5.1875,0.8125,5.375],"tintindex":0,"rotation":0,"texture":"#8"},"south":{"uv":[5.0,8.3125,5.0625,8.5],"tintindex":0,"rotation":0,"texture":"#8"},"north":{"uv":[8.3125,4.6875,8.375,4.875],"tintindex":0,"rotation":0,"texture":"#8"},"west":{"uv":[1.3125,5.1875,1.5,5.375],"tintindex":0,"rotation":0,"texture":"#8"},"up":{"uv":[5.1875,8.5,5.125,8.3125],"tintindex":0,"rotation":0,"texture":"#8"},"down":{"uv":[5.3125,8.3125,5.25,8.5],"tintindex":0,"rotation":0,"texture":"#8"}},"rotation":{"origin":[3.2722492,8.0,5.6449394],"angle":-22.5,"axis":"z"}},{"from":[-1.2662363,2.587947,10.418113],"to":[-0.2662363,4.587947,12.418113],"faces":{"east":{"uv":[0.75,7.4375,0.875,7.5625],"tintindex":0,"rotation":0,"texture":"#8"},"south":{"uv":[8.75,3.75,8.8125,3.875],"tintindex":0,"rotation":0,"texture":"#8"},"north":{"uv":[8.75,3.5625,8.8125,3.6875],"tintindex":0,"rotation":0,"texture":"#8"},"west":{"uv":[1.0625,7.4375,1.1875,7.5625],"tintindex":0,"rotation":0,"texture":"#8"},"up":{"uv":[8.8125,4.0625,8.75,3.9375],"tintindex":0,"rotation":0,"texture":"#8"},"down":{"uv":[8.8125,4.125,8.75,4.25],"tintindex":0,"rotation":0,"texture":"#8"}},"rotation":{"origin":[3.2722492,8.0,5.6449394],"angle":45.0,"axis":"z"}},{"from":[2.0402117,3.0,14.380613],"to":[3.0402117,13.0,16.380613],"faces":{"east":{"uv":[1.0625,3.3125,1.1875,3.9375],"tintindex":0,"rotation":0,"texture":"#8"},"south":{"uv":[3.75,4.6875,3.8125,5.3125],"tintindex":0,"rotation":0,"texture":"#8"},"north":{"uv":[2.0,4.5,2.0625,5.125],"tintindex":0,"rotation":0,"texture":"#8"},"west":{"uv":[0.0,3.375,0.125,4.0],"tintindex":0,"rotation":0,"texture":"#8"},"up":{"uv":[0.75,8.8125,0.6875,8.6875],"tintindex":0,"rotation":0,"texture":"#8"},"down":{"uv":[1.0625,8.6875,1.0,8.8125],"tintindex":0,"rotation":0,"texture":"#8"}}},{"from":[2.0452118,2.6620026,7.7206492],"to":[3.0352116,4.6520023,13.710649],"faces":{"east":{"uv":[4.6875,0.4375,5.0625,0.5625],"tintindex":0,"rotation":0,"texture":"#8"},"south":{"uv":[3.6875,8.875,3.75,9.0],"tintindex":0,"rotation":0,"texture":"#8"},"north":{"uv":[8.875,3.625,8.9375,3.75],"tintindex":0,"rotation":0,"texture":"#8"},"west":{"uv":[4.6875,1.375,5.0625,1.5],"tintindex":0,"rotation":0,"texture":"#8"},"up":{"uv":[5.375,7.0,5.3125,6.625],"tintindex":0,"rotation":0,"texture":"#8"},"down":{"uv":[5.6875,6.625,5.625,7.0],"tintindex":0,"rotation":0,"texture":"#8"}},"rotation":{"origin":[3.2722492,8.0,5.6449394],"angle":-22.5,"axis":"x"}},{"from":[0.22057724,12.147917,1.3806129],"to":[1.2205772,13.147917,5.380613],"faces":{"east":{"uv":[7.375,0.9375,7.625,1.0],"tintindex":0,"rotation":0,"texture":"#8"},"south":{"uv":[6.6875,9.25,6.75,9.3125],"tintindex":0,"rotation":0,"texture":"#8"},"north":{"uv":[9.25,6.5625,9.3125,6.625],"tintindex":0,"rotation":0,"texture":"#8"},"west":{"uv":[7.375,1.75,7.625,1.8125],"tintindex":0,"rotation":0,"texture":"#8"},"up":{"uv":[4.125,7.625,4.0625,7.375],"tintindex":0,"rotation":0,"texture":"#8"},"down":{"uv":[5.3125,7.375,5.25,7.625],"tintindex":0,"rotation":0,"texture":"#8"}},"rotation":{"origin":[3.2722492,8.0,5.6449394],"angle":-22.5,"axis":"z"}},{"from":[-1.2662363,2.587947,5.568113],"to":[-0.2662363,4.587947,7.568113],"faces":{"east":{"uv":[5.0625,7.3125,5.1875,7.4375],"tintindex":0,"rotation":0,"texture":"#8"},"south":{"uv":[1.375,8.6875,1.4375,8.8125],"tintindex":0,"rotation":0,"texture":"#8"},"north":{"uv":[1.25,8.6875,1.3125,8.8125],"tintindex":0,"rotation":0,"texture":"#8"},"west":{"uv":[7.3125,7.3125,7.4375,7.4375],"tintindex":0,"rotation":0,"texture":"#8"},"up":{"uv":[1.5625,8.8125,1.5,8.6875],"tintindex":0,"rotation":0,"texture":"#8"},"down":{"uv":[1.6875,8.6875,1.625,8.8125],"tintindex":0,"rotation":0,"texture":"#8"}},"rotation":{"origin":[3.2722492,8.0,5.6449394],"angle":45.0,"axis":"z"}},{"from":[-1.2662363,11.412054,5.568113],"to":[-0.2662363,13.412054,7.568113],"faces":{"east":{"uv":[5.75,7.375,5.875,7.5],"tintindex":0,"rotation":0,"texture":"#8"},"south":{"uv":[8.6875,7.9375,8.75,8.0625],"tintindex":0,"rotation":0,"texture":"#8"},"north":{"uv":[7.9375,8.6875,8.0,8.8125],"tintindex":0,"rotation":0,"texture":"#8"},"west":{"uv":[7.375,5.8125,7.5,5.9375],"tintindex":0,"rotation":0,"texture":"#8"},"up":{"uv":[8.125,8.8125,8.0625,8.6875],"tintindex":0,"rotation":0,"texture":"#8"},"down":{"uv":[8.375,8.6875,8.3125,8.8125],"tintindex":0,"rotation":0,"texture":"#8"}},"rotation":{"origin":[3.2722492,8.0,5.6449394],"angle":-45.0,"axis":"z"}},{"from":[1.2705601,13.897265,-0.8268863],"to":[2.26056,14.887265,1.1631128],"faces":{"east":{"uv":[8.6875,5.1875,8.8125,5.25],"tintindex":0,"rotation":0,"texture":"#8"},"south":{"uv":[6.4375,9.25,6.5,9.3125],"tintindex":0,"rotation":0,"texture":"#8"},"north":{"uv":[6.3125,9.25,6.375,9.3125],"tintindex":0,"rotation":0,"texture":"#8"},"west":{"uv":[8.6875,6.375,8.8125,6.4375],"tintindex":0,"rotation":0,"texture":"#8"},"up":{"uv":[6.5,8.8125,6.4375,8.6875],"tintindex":0,"rotation":0,"texture":"#8"},"down":{"uv":[8.75,6.5,8.6875,6.625],"tintindex":0,"rotation":0,"texture":"#8"}},"rotation":{"origin":[3.2722492,8.0,5.6449394],"angle":-22.5,"axis":"z"}},{"from":[2.0452118,7.60612,0.22039163],"to":[3.0352116,9.59612,1.2103916],"faces":{"east":{"uv":[2.8125,8.6875,2.875,8.8125],"tintindex":0,"rotation":0,"texture":"#8"},"south":{"uv":[8.6875,2.8125,8.75,2.9375],"tintindex":0,"rotation":0,"texture":"#8"},"north":{"uv":[2.6875,8.6875,2.75,8.8125],"tintindex":0,"rotation":0,"texture":"#8"},"west":{"uv":[3.4375,8.6875,3.5,8.8125],"tintindex":0,"rotation":0,"texture":"#8"},"up":{"uv":[9.3125,5.75,9.25,5.6875],"tintindex":0,"rotation":0,"texture":"#8"},"down":{"uv":[9.3125,5.8125,9.25,5.875],"tintindex":0,"rotation":0,"texture":"#8"}},"rotation":{"origin":[3.2722492,8.0,5.6449394],"angle":-45.0,"axis":"x"}},{"from":[1.2705601,1.1127347,-0.8268863],"to":[2.26056,2.1027346,1.1631128],"faces":{"east":{"uv":[8.6875,1.6875,8.8125,1.75],"tintindex":0,"rotation":0,"texture":"#8"},"south":{"uv":[9.25,6.1875,9.3125,6.25],"tintindex":0,"rotation":0,"texture":"#8"},"north":{"uv":[6.1875,9.25,6.25,9.3125],"tintindex":0,"rotation":0,"texture":"#8"},"west":{"uv":[8.6875,3.4375,8.8125,3.5],"tintindex":0,"rotation":0,"texture":"#8"},"up":{"uv":[4.125,8.8125,4.0625,8.6875],"tintindex":0,"rotation":0,"texture":"#8"},"down":{"uv":[4.375,8.6875,4.3125,8.8125],"tintindex":0,"rotation":0,"texture":"#8"}},"rotation":{"origin":[3.2722492,8.0,5.6449394],"angle":22.5,"axis":"z"}},{"from":[-1.2662363,11.412054,7.9181128],"to":[-0.2662363,13.412054,9.918113],"faces":{"east":{"uv":[5.5625,7.375,5.6875,7.5],"tintindex":0,"rotation":0,"texture":"#8"},"south":{"uv":[7.6875,8.6875,7.75,8.8125],"tintindex":0,"rotation":0,"texture":"#8"},"north":{"uv":[7.5625,8.6875,7.625,8.8125],"tintindex":0,"rotation":0,"texture":"#8"},"west":{"uv":[7.375,5.625,7.5,5.75],"tintindex":0,"rotation":0,"texture":"#8"},"up":{"uv":[8.75,7.875,8.6875,7.75],"tintindex":0,"rotation":0,"texture":"#8"},"down":{"uv":[7.875,8.6875,7.8125,8.8125],"tintindex":0,"rotation":0,"texture":"#8"}},"rotation":{"origin":[3.2722492,8.0,5.6449394],"angle":-45.0,"axis":"z"}},{"from":[1.1949615,0.53057384,5.568113],"to":[2.0742178,1.6457949,7.568113],"faces":{"east":{"uv":[3.9375,8.875,4.0625,8.9375],"tintindex":0,"rotation":0,"texture":"#8"},"south":{"uv":[9.375,4.5625,9.4375,4.625],"tintindex":0,"rotation":0,"texture":"#8"},"north":{"uv":[9.375,4.4375,9.429954,4.507201],"tintindex":0,"rotation":0,"texture":"#8"},"west":{"uv":[8.875,4.0,9.0,4.0625],"tintindex":0,"rotation":0,"texture":"#8"},"up":{"uv":[8.9375,4.25,8.875,4.125],"tintindex":0,"rotation":0,"texture":"#8"},"down":{"uv":[4.375,8.875,4.3125,9.0],"tintindex":0,"rotation":0,"texture":"#8"}},"rotation":{"origin":[3.2722492,8.0,5.6449394],"angle":22.5,"axis":"z"}},{"from":[2.2972116,5.007,-3.5983868],"to":[2.7832117,10.993,1.3876128],"faces":{"east":{"uv":[0.0,2.9375,0.3125,3.3125],"tintindex":0,"rotation":0,"texture":"#8"},"south":{"uv":[5.1875,6.625,5.25,7.0],"tintindex":0,"rotation":0,"texture":"#8"},"north":{"uv":[3.75,6.5625,3.78125,6.9375],"tintindex":0,"rotation":0,"texture":"#8"},"west":{"uv":[2.5625,2.9375,2.875,3.3125],"tintindex":0,"rotation":0,"texture":"#8"},"up":{"uv":[4.1875,7.125,4.125,6.8125],"tintindex":0,"rotation":0,"texture":"#8"},"down":{"uv":[4.6875,6.8125,4.625,7.125],"tintindex":0,"rotation":0,"texture":"#8"}}},{"from":[-1.2662363,11.412054,12.918113],"to":[-0.2662363,13.412054,14.918113],"faces":{"east":{"uv":[7.4375,1.0625,7.5625,1.1875],"tintindex":0,"rotation":0,"texture":"#8"},"south":{"uv":[8.75,4.5,8.8125,4.625],"tintindex":0,"rotation":0,"texture":"#8"},"north":{"uv":[8.75,4.3125,8.8125,4.4375],"tintindex":0,"rotation":0,"texture":"#8"},"west":{"uv":[1.25,7.4375,1.375,7.5625],"tintindex":0,"rotation":0,"texture":"#8"},"up":{"uv":[8.8125,4.8125,8.75,4.6875],"tintindex":0,"rotation":0,"texture":"#8"},"down":{"uv":[8.8125,4.875,8.75,5.0],"tintindex":0,"rotation":0,"texture":"#8"}},"rotation":{"origin":[3.2722492,8.0,5.6449394],"angle":-45.0,"axis":"z"}},{"from":[2.0402117,10.0,5.380613],"to":[3.0402117,13.0,14.380613],"faces":{"east":{"uv":[1.3125,3.25,1.875,3.4375],"tintindex":0,"rotation":0,"texture":"#8"},"south":{"uv":[4.375,8.1875,4.4375,8.375],"tintindex":0,"rotation":0,"texture":"#8"},"north":{"uv":[8.1875,4.0,8.25,4.1875],"tintindex":0,"rotation":0,"texture":"#8"},"west":{"uv":[3.25,1.5,3.8125,1.6875],"tintindex":0,"rotation":0,"texture":"#8"},"up":{"uv":[4.6875,5.6875,4.625,5.125],"tintindex":0,"rotation":0,"texture":"#8"},"down":{"uv":[0.1875,5.1875,0.125,5.75],"tintindex":0,"rotation":0,"texture":"#8"}}},{"from":[2.0352116,4.6800556,-4.0957346],"to":[3.0452118,7.690056,-2.0857344],"faces":{"east":{"uv":[6.625,1.5,6.75,1.6875],"tintindex":0,"rotation":0,"texture":"#8"},"south":{"uv":[2.3125,8.1875,2.375,8.375],"tintindex":0,"rotation":0,"texture":"#8"},"north":{"uv":[2.1875,8.1875,2.25,8.375],"tintindex":0,"rotation":0,"texture":"#8"},"west":{"uv":[2.1875,6.625,2.3125,6.8125],"tintindex":0,"rotation":0,"texture":"#8"},"up":{"uv":[3.875,8.8125,3.8125,8.6875],"tintindex":0,"rotation":0,"texture":"#8"},"down":{"uv":[4.0,8.6875,3.9375,8.8125],"tintindex":0,"rotation":0,"texture":"#8"}}},{"from":[0.22057724,-1.1479168,2.3806129],"to":[1.2205772,1.8520823,5.380613],"faces":{"east":{"uv":[4.375,5.125,4.5625,5.3125],"tintindex":0,"rotation":0,"texture":"#8"},"south":{"uv":[8.125,7.5625,8.1875,7.75],"tintindex":0,"rotation":0,"texture":"#8"},"north":{"uv":[7.0625,8.125,7.125,8.3125],"tintindex":0,"rotation":0,"texture":"#8"},"west":{"uv":[5.0,5.125,5.1875,5.3125],"tintindex":0,"rotation":0,"texture":"#8"},"up":{"uv":[0.9375,8.375,0.875,8.1875],"tintindex":0,"rotation":0,"texture":"#8"},"down":{"uv":[1.9375,8.1875,1.875,8.375],"tintindex":0,"rotation":0,"texture":"#8"}},"rotation":{"origin":[3.2722492,8.0,5.6449394],"angle":22.5,"axis":"z"}},{"from":[2.0352116,8.309943,-4.0957346],"to":[3.0452118,11.319943,-2.0857344],"faces":{"east":{"uv":[6.625,2.75,6.75,2.9375],"tintindex":0,"rotation":0,"texture":"#8"},"south":{"uv":[4.75,8.1875,4.8125,8.375],"tintindex":0,"rotation":0,"texture":"#8"},"north":{"uv":[4.5,8.1875,4.5625,8.375],"tintindex":0,"rotation":0,"texture":"#8"},"west":{"uv":[6.625,3.25,6.75,3.4375],"tintindex":0,"rotation":0,"texture":"#8"},"up":{"uv":[8.8125,6.8125,8.75,6.6875],"tintindex":0,"rotation":0,"texture":"#8"},"down":{"uv":[7.0,8.75,6.9375,8.875],"tintindex":0,"rotation":0,"texture":"#8"}}},{"from":[-0.9126835,2.9414997,-0.8318863],"to":[0.08731651,4.9414997,1.1681128],"faces":{"east":{"uv":[7.375,1.25,7.5,1.375],"tintindex":0,"rotation":0,"texture":"#8"},"south":{"uv":[4.5625,8.6875,4.625,8.8125],"tintindex":0,"rotation":0,"texture":"#8"},"north":{"uv":[4.4375,8.6875,4.5,8.8125],"tintindex":0,"rotation":0,"texture":"#8"},"west":{"uv":[7.375,1.4375,7.5,1.5625],"tintindex":0,"rotation":0,"texture":"#8"},"up":{"uv":[4.75,8.8125,4.6875,8.6875],"tintindex":0,"rotation":0,"texture":"#8"},"down":{"uv":[4.875,8.6875,4.8125,8.8125],"tintindex":0,"rotation":0,"texture":"#8"}},"rotation":{"origin":[3.2722492,8.0,5.6449394],"angle":45.0,"axis":"z"}},{"from":[2.0402117,3.0,1.3806129],"to":[3.0402117,5.0,5.380613],"faces":{"east":{"uv":[5.6875,3.25,5.9375,3.375],"tintindex":0,"rotation":0,"texture":"#8"},"south":{"uv":[8.75,0.625,8.8125,0.75],"tintindex":0,"rotation":0,"texture":"#8"},"north":{"uv":[8.6875,8.5625,8.75,8.6875],"tintindex":0,"rotation":0,"texture":"#8"},"west":{"uv":[4.3125,5.6875,4.5625,5.8125],"tintindex":0,"rotation":0,"texture":"#8"},"up":{"uv":[6.0,7.625,5.9375,7.375],"tintindex":0,"rotation":0,"texture":"#8"},"down":{"uv":[7.4375,6.1875,7.375,6.4375],"tintindex":0,"rotation":0,"texture":"#8"}}},{"from":[2.0452118,5.7776937,2.0488186],"to":[3.0352116,6.7676935,4.0388184],"faces":{"east":{"uv":[8.6875,0.5,8.8125,0.5625],"tintindex":0,"rotation":0,"texture":"#8"},"south":{"uv":[9.25,5.4375,9.3125,5.5],"tintindex":0,"rotation":0,"texture":"#8"},"north":{"uv":[9.25,5.3125,9.3125,5.375],"tintindex":0,"rotation":0,"texture":"#8"},"west":{"uv":[8.6875,1.1875,8.8125,1.25],"tintindex":0,"rotation":0,"texture":"#8"},"up":{"uv":[2.625,8.8125,2.5625,8.6875],"tintindex":0,"rotation":0,"texture":"#8"},"down":{"uv":[8.75,2.625,8.6875,2.75],"tintindex":0,"rotation":0,"texture":"#8"}},"rotation":{"origin":[3.2722492,8.0,5.6449394],"angle":-45.0,"axis":"x"}},{"from":[2.0352116,8.309943,-6.0957346],"to":[3.0452118,10.319943,-4.0857344],"faces":{"east":{"uv":[3.5,7.4375,3.625,7.5625],"tintindex":0,"rotation":0,"texture":"#8"},"south":{"uv":[1.875,8.8125,1.9375,8.9375],"tintindex":0,"rotation":0,"texture":"#8"},"north":{"uv":[1.125,8.8125,1.1875,8.9375],"tintindex":0,"rotation":0,"texture":"#8"},"west":{"uv":[7.4375,3.875,7.5625,4.0],"tintindex":0,"rotation":0,"texture":"#8"},"up":{"uv":[8.875,2.3125,8.8125,2.1875],"tintindex":0,"rotation":0,"texture":"#8"},"down":{"uv":[2.3125,8.8125,2.25,8.9375],"tintindex":0,"rotation":0,"texture":"#8"}}},{"from":[2.0452118,9.2323065,2.0488186],"to":[3.0352116,10.222306,4.0388184],"faces":{"east":{"uv":[8.6875,6.875,8.8125,6.9375],"tintindex":0,"rotation":0,"texture":"#8"},"south":{"uv":[7.25,9.25,7.3125,9.3125],"tintindex":0,"rotation":0,"texture":"#8"},"north":{"uv":[9.25,7.125,9.3125,7.1875],"tintindex":0,"rotation":0,"texture":"#8"},"west":{"uv":[8.75,0.125,8.875,0.1875],"tintindex":0,"rotation":0,"texture":"#8"},"up":{"uv":[8.8125,0.9375,8.75,0.8125],"tintindex":0,"rotation":0,"texture":"#8"},"down":{"uv":[8.8125,1.0,8.75,1.125],"tintindex":0,"rotation":0,"texture":"#8"}},"rotation":{"origin":[3.2722492,8.0,5.6449394],"angle":45.0,"axis":"x"}},{"from":[2.0452118,-3.1218014,9.705673],"to":[3.0352116,3.9392662,16.76674],"faces":{"east":{"uv":[0.5625,2.25,1.0,2.6875],"tintindex":0,"rotation":0,"texture":"#8"},"south":{"uv":[1.25,6.4375,1.3125,6.875],"tintindex":0,"rotation":0,"texture":"#8"},"north":{"uv":[1.875,6.375,1.9375,6.8169417],"tintindex":0,"rotation":0,"texture":"#8"},"west":{"uv":[1.0625,2.25,1.5,2.6875],"tintindex":0,"rotation":0,"texture":"#8"},"up":{"uv":[0.4375,6.9375,0.375,6.5],"tintindex":0,"rotation":0,"texture":"#8"},"down":{"uv":[0.75,6.5,0.6875,6.9375],"tintindex":0,"rotation":0,"texture":"#8"}},"rotation":{"origin":[3.2722492,8.0,5.6449394],"angle":-45.0,"axis":"x"}},{"from":[-1.2662363,11.412054,10.418113],"to":[-0.2662363,13.412054,12.418113],"faces":{"east":{"uv":[7.375,6.875,7.5,7.0],"tintindex":0,"rotation":0,"texture":"#8"},"south":{"uv":[3.0625,8.75,3.125,8.875],"tintindex":0,"rotation":0,"texture":"#8"},"north":{"uv":[8.75,3.0,8.8125,3.125],"tintindex":0,"rotation":0,"texture":"#8"},"west":{"uv":[7.4375,0.3125,7.5625,0.4375],"tintindex":0,"rotation":0,"texture":"#8"},"up":{"uv":[3.25,8.875,3.1875,8.75],"tintindex":0,"rotation":0,"texture":"#8"},"down":{"uv":[3.375,8.75,3.3125,8.875],"tintindex":0,"rotation":0,"texture":"#8"}},"rotation":{"origin":[3.2722492,8.0,5.6449394],"angle":-45.0,"axis":"z"}},{"from":[2.7902117,7.55,9.380613],"to":[8.790211,8.549999,10.380613],"faces":{"east":{"uv":[9.375,7.4375,9.4375,7.5],"tintindex":0,"rotation":0,"texture":"#8"},"south":{"uv":[6.6875,2.25,7.0625,2.3125],"tintindex":0,"rotation":0,"texture":"#8"},"north":{"uv":[6.6875,0.1875,7.0625,0.25],"tintindex":0,"rotation":0,"texture":"#8"},"west":{"uv":[9.375,7.5625,9.4375,7.625],"tintindex":0,"rotation":0,"texture":"#8"},"up":{"uv":[7.0625,3.0625,6.6875,3.0],"tintindex":0,"rotation":0,"texture":"#8"},"down":{"uv":[7.0625,3.125,6.6875,3.1875],"tintindex":0,"rotation":0,"texture":"#8"}}},{"from":[1.6402111,5.39888,3.0438185],"to":[2.640211,7.39888,5.0438185],"faces":{"east":{"uv":[7.375,2.75,7.5,2.875],"tintindex":0,"rotation":0,"texture":"#8"},"south":{"uv":[5.5625,8.6875,5.625,8.8125],"tintindex":0,"rotation":0,"texture":"#8"},"north":{"uv":[5.4375,8.6875,5.5,8.8125],"tintindex":0,"rotation":0,"texture":"#8"},"west":{"uv":[7.375,3.25,7.5,3.375],"tintindex":0,"rotation":0,"texture":"#8"},"up":{"uv":[5.875,8.8125,5.8125,8.6875],"tintindex":0,"rotation":0,"texture":"#8"},"down":{"uv":[6.0,8.6875,5.9375,8.8125],"tintindex":0,"rotation":0,"texture":"#8"}},"rotation":{"origin":[3.2722492,8.0,5.6449394],"angle":45.0,"axis":"x"}},{"from":[2.0452118,11.347999,7.7206492],"to":[3.0352116,13.337998,13.710649],"faces":{"east":{"uv":[4.6875,1.5625,5.0625,1.6875],"tintindex":0,"rotation":0,"texture":"#8"},"south":{"uv":[8.875,3.8125,8.9375,3.9375],"tintindex":0,"rotation":0,"texture":"#8"},"north":{"uv":[3.8125,8.875,3.875,9.0],"tintindex":0,"rotation":0,"texture":"#8"},"west":{"uv":[4.6875,2.625,5.0625,2.75],"tintindex":0,"rotation":0,"texture":"#8"},"up":{"uv":[5.8125,7.0,5.75,6.625],"tintindex":0,"rotation":0,"texture":"#8"},"down":{"uv":[5.9375,6.625,5.875,7.0],"tintindex":0,"rotation":0,"texture":"#8"}},"rotation":{"origin":[3.2722492,8.0,5.6449394],"angle":22.5,"axis":"x"}}],"display":{"gui":{"rotation":[30,225,0]}}}