{
    "parent": "item/scifi/weapons/smg/static",
    "gui_light": "front",
    "display": {
      "thirdperson_righthand": {
			"translation": [-0.75, 0, -3.25],
			"scale": [0.8, 0.8, 0.8]
		},
		"thirdperson_lefthand": {
			"translation": [-0.75, 0, -3.25],
			"scale": [0.8, 0.8, 0.8]
		},
      "firstperson_righthand": {
        "rotation": [31.5, 0, 0],
        "translation": [0, 5.75, -1.75]
      },
      "firstperson_lefthand": {
        "rotation": [31.5, 0, 0],
        "translation": [0, 5.75, -1.75]
      },
      "ground": {
			"scale": [0.55, 0.55, 0.55]
		},
		"gui": {
			"rotation": [90, -47.5, 90],
			"translation": [0.75, 0.25, 0],
			"scale": [0.69, 0.69, 0.69]
		},
		"fixed": {
			"rotation": [0, 90, 0]
		}
    }
  }