{
	"credit": "madybybananvovan",
	"texture_size": [32, 32],
	"textures": {
		"0": "item/scifi/weapons/smg",
		"particle": "item/scifi/weapons/smg"
	},
	"elements": [
		{
			"from": [7.5, -0.5, 7.5],
			"to": [8.5, 7, 9.5],
			"rotation": {"angle": 0, "axis": "y", "origin": [7, 0, 0]},
			"faces": {
				"north": {"uv": [5, 6, 5.5, 9.75], "texture": "#0"},
				"east": {"uv": [4, 3, 3, 6.75], "texture": "#0"},
				"south": {"uv": [5.5, 6, 6, 9.75], "texture": "#0"},
				"west": {"uv": [3, 3, 4, 6.75], "texture": "#0"},
				"down": {"uv": [2, 8, 1.5, 9], "texture": "#0", "cullface": "down"}
			}
		},
		{
			"from": [7.25, 8.5, 1.5],
			"to": [8.75, 11, 14],
			"rotation": {"angle": 0, "axis": "y", "origin": [7, 0, 0]},
			"faces": {
				"north": {"uv": [7.5, 2.5, 8.25, 3.75], "texture": "#0"},
				"east": {"uv": [6.25, 0, 0, 1.25], "texture": "#0"},
				"south": {"uv": [4, 7.5, 4.75, 8.75], "texture": "#0"},
				"west": {"uv": [0, 0, 6.25, 1.25], "texture": "#0"},
				"up": {"uv": [0.75, 7.75, 0, 1.5], "texture": "#0"},
				"down": {"uv": [1.75, 1.5, 1, 7.75], "texture": "#0"}
			}
		},
		{
			"from": [7.5, 8.75, -2],
			"to": [8.5, 9.75, 1.5],
			"rotation": {"angle": -45, "axis": "z", "origin": [8, 9.25, -0.5]},
			"faces": {
				"north": {"uv": [6.5, 8.5, 7, 9], "texture": "#0", "cullface": "north"},
				"east": {"uv": [7.5, 9.25, 7, 7.5], "rotation": 90, "texture": "#0"},
				"west": {"uv": [7.5, 4, 9.25, 4.5], "texture": "#0"},
				"up": {"uv": [7.5, 4.5, 9.25, 4], "rotation": 90, "texture": "#0"},
				"down": {"uv": [7.5, 7.5, 7, 9.25], "texture": "#0"}
			}
		},
		{
			"from": [7.25, 7, 1.5],
			"to": [8.75, 8, 10.5],
			"rotation": {"angle": 0, "axis": "y", "origin": [7, 0, 0]},
			"faces": {
				"north": {"uv": [8.5, 1.5, 9.25, 2], "texture": "#0"},
				"east": {"uv": [11, 0, 6.5, 0.5], "texture": "#0"},
				"south": {"uv": [2, 8.5, 2.75, 9], "texture": "#0"},
				"west": {"uv": [6.5, 0, 11, 0.5], "texture": "#0"},
				"up": {"uv": [4.75, 7.5, 4, 3], "texture": "#0"},
				"down": {"uv": [5.75, 1.5, 5, 6], "texture": "#0"}
			}
		},
		{
			"from": [7.5, 8, 1.5],
			"to": [8.5, 8.5, 14],
			"rotation": {"angle": 0, "axis": "y", "origin": [7, 0, 0]},
			"faces": {
				"north": {"uv": [9, 2.5, 9.5, 2.75], "texture": "#0"},
				"east": {"uv": [12.75, 5.5, 6.5, 5.75], "texture": "#0"},
				"south": {"uv": [3, 9, 3.5, 9.25], "texture": "#0"},
				"west": {"uv": [6.5, 5.5, 12.75, 5.75], "texture": "#0"},
				"down": {"uv": [6.5, 1.5, 6, 7.75], "texture": "#0"}
			}
		},
		{
			"from": [7, 11, 2],
			"to": [9, 11.375, 10],
			"rotation": {"angle": 0, "axis": "y", "origin": [7, 0, 0]},
			"faces": {
				"east": {"uv": [11, 6, 7, 6.25], "texture": "#0"},
				"west": {"uv": [7, 6, 11, 6.25], "texture": "#0"},
				"up": {"uv": [3, 7, 2, 3], "texture": "#0"}
			}
		},
		{
			"from": [7.5, 6.5, 12.5],
			"to": [8.5, 8, 14],
			"rotation": {"angle": 0, "axis": "y", "origin": [7, 0, 0]},
			"faces": {
				"north": {"uv": [6, 8, 6.5, 8.75], "texture": "#0"},
				"east": {"uv": [1.25, 8, 0.5, 8.75], "texture": "#0"},
				"south": {"uv": [8.5, 2, 9, 2.75], "texture": "#0"},
				"west": {"uv": [0.5, 8, 1.25, 8.75], "texture": "#0"}
			}
		},
		{
			"from": [7.5025, 4.25, 12.81066],
			"to": [8.4975, 7.25, 14.31066],
			"rotation": {"angle": -45, "axis": "x", "origin": [8, 6.5, 13.56066]},
			"faces": {
				"north": {"uv": [7.5, 7.5, 8, 9], "texture": "#0"},
				"east": {"uv": [2.75, 7, 2, 8.5], "texture": "#0"},
				"south": {"uv": [0, 8, 0.5, 9.5], "texture": "#0"},
				"west": {"uv": [2, 7, 2.75, 8.5], "texture": "#0"},
				"down": {"uv": [9, 3, 8.5, 3.75], "texture": "#0"}
			}
		},
		{
			"from": [7.5, 4.25, 12.31066],
			"to": [8.5, 4.75, 12.81066],
			"rotation": {"angle": -45, "axis": "x", "origin": [8, 6.5, 13.56066]},
			"faces": {
				"north": {"uv": [9, 3, 9.5, 3.25], "texture": "#0"},
				"east": {"uv": [9, 5, 9.25, 5.25], "texture": "#0"},
				"west": {"uv": [9, 5, 9.25, 5.25], "texture": "#0"},
				"up": {"uv": [4, 9.25, 3.5, 9], "texture": "#0"},
				"down": {"uv": [9.5, 3.5, 9, 3.75], "texture": "#0"}
			}
		},
		{
			"from": [7, 10.8125, 10],
			"to": [9, 11.8125, 12],
			"rotation": {"angle": 0, "axis": "y", "origin": [7, 0, -3]},
			"faces": {
				"north": {"uv": [8, 6.5, 9, 7], "texture": "#0"},
				"east": {"uv": [9, 7.5, 8, 8], "texture": "#0"},
				"south": {"uv": [8, 7, 9, 7.5], "texture": "#0"},
				"west": {"uv": [8, 7.5, 9, 8], "texture": "#0"},
				"up": {"uv": [4, 8, 3, 7], "texture": "#0"},
				"down": {"uv": [8, 6.5, 7, 7.5], "texture": "#0"}
			}
		},
		{
			"from": [7, 10.8125, -0.0025],
			"to": [9, 11.8125, 2],
			"rotation": {"angle": 0, "axis": "y", "origin": [7, 0, 2]},
			"faces": {
				"north": {"uv": [8, 8, 9, 8.5], "texture": "#0", "cullface": "north"},
				"east": {"uv": [9.5, 1, 8.5, 1.5], "texture": "#0"},
				"south": {"uv": [8.5, 0.5, 9.5, 1], "texture": "#0"},
				"west": {"uv": [8.5, 1, 9.5, 1.5], "texture": "#0"},
				"up": {"uv": [8.5, 1.5, 7.5, 0.5], "texture": "#0"},
				"down": {"uv": [8.5, 1.5, 7.5, 2.5], "texture": "#0"}
			}
		},
		{
			"from": [7.5, 11.8125, 11],
			"to": [8.5, 13.3125, 11],
			"rotation": {"angle": 0, "axis": "y", "origin": [7, -0.125, -0.5]},
			"faces": {
				"north": {"uv": [10.75, 1, 9.75, 2.5], "texture": "#0"},
				"south": {"uv": [9.75, 1, 10.75, 2.5], "texture": "#0"}
			}
		},
		{
			"from": [7.25, 6, 20],
			"to": [8.75, 11, 21],
			"rotation": {"angle": 0, "axis": "y", "origin": [7, 1, -7]},
			"faces": {
				"north": {"uv": [6.5, 0.5, 7.25, 3], "texture": "#0", "cullface": "south"},
				"east": {"uv": [7, 6, 6.5, 8.5], "texture": "#0", "cullface": "south"},
				"south": {"uv": [6.5, 3, 7.25, 5.5], "texture": "#0", "cullface": "south"},
				"west": {"uv": [6.5, 6, 7, 8.5], "texture": "#0", "cullface": "south"},
				"up": {"uv": [8.75, 9, 8, 8.5], "texture": "#0", "cullface": "south"},
				"down": {"uv": [1.25, 9, 0.5, 9.5], "texture": "#0", "cullface": "south"}
			}
		},
		{
			"from": [7.5, 8, 14],
			"to": [7.5, 11, 20],
			"rotation": {"angle": 0, "axis": "y", "origin": [7, 1, -7]},
			"faces": {
				"east": {"uv": [5, 1.5, 2, 3], "texture": "#0"},
				"west": {"uv": [2, 1.5, 5, 3], "texture": "#0"}
			}
		},
		{
			"from": [7.5, 11.8125, 0.5],
			"to": [8.5, 12.3125, 1.5],
			"rotation": {"angle": 0, "axis": "y", "origin": [7, 0, 7]},
			"faces": {
				"north": {"uv": [4, 9, 4.5, 9.25], "texture": "#0"},
				"east": {"uv": [9.5, 4.5, 9, 4.75], "texture": "#0"},
				"south": {"uv": [4.5, 9, 5, 9.25], "texture": "#0"},
				"west": {"uv": [9, 4.5, 9.5, 4.75], "texture": "#0"},
				"up": {"uv": [3, 9.5, 2.5, 9], "texture": "#0"}
			}
		},
		{
			"from": [7.9375, 12.3125, 1.125],
			"to": [8.0625, 12.8125, 1.125],
			"rotation": {"angle": 0, "axis": "y", "origin": [7, 0, 7]},
			"faces": {
				"north": {"uv": [6, 9, 6.25, 9.25], "texture": "#0"},
				"south": {"uv": [6, 9, 6.25, 9.25], "texture": "#0"}
			}
		},
		{
			"from": [7.5025, 12.65089, 0.85983],
			"to": [7.5025, 13.358, 1.56694],
			"rotation": {"angle": -45, "axis": "x", "origin": [8, 12.40089, 1.94194]},
			"faces": {
				"east": {"uv": [6.5, 9, 6.75, 9.25], "texture": "#0"},
				"west": {"uv": [6.5, 9, 6.75, 9.25], "texture": "#0"}
			}
		},
		{
			"from": [8.5, 8, 14],
			"to": [8.5, 11, 20],
			"rotation": {"angle": 0, "axis": "y", "origin": [9, 1, -7]},
			"faces": {
				"east": {"uv": [5, 1.5, 2, 3], "texture": "#0"},
				"west": {"uv": [2, 1.5, 5, 3], "texture": "#0"}
			}
		},
		{
			"from": [8.4975, 12.65089, 0.85983],
			"to": [8.4975, 13.358, 1.56694],
			"rotation": {"angle": -45, "axis": "x", "origin": [8, 12.40089, 1.94194]},
			"faces": {
				"east": {"uv": [6.75, 9, 6.5, 9.25], "texture": "#0"},
				"west": {"uv": [6.75, 9, 6.5, 9.25], "texture": "#0"}
			}
		},
		{
			"from": [7.25, 10, 0],
			"to": [8.75, 11, 1.5],
			"rotation": {"angle": 0, "axis": "y", "origin": [7, 0, 5]},
			"faces": {
				"north": {"uv": [1.5, 9, 2.25, 9.5], "texture": "#0", "cullface": "north"},
				"east": {"uv": [9.75, 2, 9, 2.5], "texture": "#0"},
				"west": {"uv": [9, 2, 9.75, 2.5], "texture": "#0"},
				"down": {"uv": [3.75, 8, 3, 8.75], "texture": "#0"}
			}
		}
	],
	"gui_light": "front",
	"display": {
		"thirdperson_righthand": {
			"translation": [-0.75, 0, -3.25],
			"scale": [0.8, 0.8, 0.8]
		},
		"thirdperson_lefthand": {
			"translation": [-0.75, 0, -3.25],
			"scale": [0.8, 0.8, 0.8]
		},
		"firstperson_righthand": {
			"rotation": [0, 0, 6.25],
			"translation": [-2.25, 2, -3.5]
		},
		"firstperson_lefthand": {
			"rotation": [0, 0, 6.25],
			"translation": [-2.25, 2, -3.5]
		},
		"ground": {
			"scale": [0.55, 0.55, 0.55]
		},
		"gui": {
			"rotation": [90, -47.5, 90],
			"translation": [0.75, 0.25, 0],
			"scale": [0.69, 0.69, 0.69]
		},
		"fixed": {
			"rotation": [0, 90, 0]
		}
	},
	"groups": [
		{
			"name": "group",
			"origin": [7, 0, 0],
			"color": 0,
			"nbt": "{}",
			"children": [0, 1, 2, 3, 4, 5, 6, 7, 8, 9, 10, 11, 12, 13, 14, 15, 16, 17, 18, 19]
		}
	]
}