{"textures":{"0":"modelengine:entity/modelfoundry_mutant_zombie_speed"},"elements":[{"from":[2.5,8.0,0.0],"to":[2.5,14.0,10.0],"faces":{"east":{"uv":[13.555555,3.5555556,14.666667,4.2222223],"tintindex":0,"rotation":0,"texture":"#0"},"west":{"uv":[13.555555,6.2222223,14.666667,6.888889],"tintindex":0,"rotation":0,"texture":"#0"}}},{"from":[13.75,7.700001,0.0],"to":[13.75,9.700001,12.0],"faces":{"east":{"uv":[14.111112,1.3333334,15.444445,1.5555556],"tintindex":0,"rotation":0,"texture":"#0"},"west":{"uv":[14.111112,1.5555556,15.444445,1.7777778],"tintindex":0,"rotation":0,"texture":"#0"}}},{"from":[2.0,7.700001,0.25],"to":[14.0,9.700001,0.25],"faces":{"south":{"uv":[14.111112,1.1111112,15.444445,1.3333334],"tintindex":0,"rotation":0,"texture":"#0"},"north":{"uv":[14.111112,0.8888889,15.444445,1.1111112],"tintindex":0,"rotation":0,"texture":"#0"}}},{"from":[13.5,8.0,0.0],"to":[13.5,14.0,10.0],"faces":{"east":{"uv":[1.3333334,13.444445,2.4444444,14.111112],"tintindex":0,"rotation":0,"texture":"#0"},"west":{"uv":[5.555556,13.444445,6.6666665,14.111112],"tintindex":0,"rotation":0,"texture":"#0"}}},{"from":[2.0500002,8.0,0.0],"to":[13.95,13.0,12.0],"faces":{"east":{"uv":[7.3333335,13.333333,8.666667,13.888889],"tintindex":0,"rotation":0,"texture":"#0"},"south":{"uv":[4.2222223,13.444445,5.555556,14.0],"tintindex":0,"rotation":0,"texture":"#0"},"north":{"uv":[2.8888888,13.222222,4.2222223,13.777778],"tintindex":0,"rotation":0,"texture":"#0"},"west":{"uv":[13.444445,7.4444447,14.777778,8.0],"tintindex":0,"rotation":0,"texture":"#0"},"up":{"uv":[11.0,4.111111,9.666667,2.777778],"tintindex":0,"rotation":0,"texture":"#0"},"down":{"uv":[11.0,4.111111,9.666667,5.4444447],"tintindex":0,"rotation":0,"texture":"#0"}}},{"from":[2.5,8.0,4.5],"to":[13.5,14.0,4.5],"faces":{"south":{"uv":[12.777778,9.444445,14.0,10.111112],"tintindex":0,"rotation":0,"texture":"#0"},"north":{"uv":[12.333333,3.777778,13.555555,4.4444447],"tintindex":0,"rotation":0,"texture":"#0"}}},{"from":[2.25,7.700001,0.0],"to":[2.25,9.700001,12.0],"faces":{"east":{"uv":[14.111112,0.44444445,15.444445,0.6666667],"tintindex":0,"rotation":0,"texture":"#0"},"west":{"uv":[14.111112,0.6666667,15.444445,0.8888889],"tintindex":0,"rotation":0,"texture":"#0"}}},{"from":[2.01,6.01,0.01],"to":[13.99,7.99,11.99],"faces":{"east":{"uv":[14.0,9.777778,15.333333,10.0],"tintindex":0,"rotation":0,"texture":"#0"},"south":{"uv":[14.111112,0.0,15.444445,0.22222222],"tintindex":0,"rotation":0,"texture":"#0"},"north":{"uv":[14.0,9.555555,15.333333,9.777778],"tintindex":0,"rotation":0,"texture":"#0"},"west":{"uv":[14.111112,0.22222222,15.444445,0.44444445],"tintindex":0,"rotation":0,"texture":"#0"},"up":{"uv":[5.7777777,10.888889,4.4444447,9.555555],"tintindex":0,"rotation":0,"texture":"#0"},"down":{"uv":[11.0,1.4444444,9.666667,2.777778],"tintindex":0,"rotation":0,"texture":"#0"}}}],"display":{"gui":{"rotation":[30,225,0]}}}