{"textures":{"0":"modelengine:entity/specter_texture"},"elements":[{"from":[3.0,1.7064857,4.483399],"to":[13.0,6.7064857,8.483398],"faces":{"east":{"uv":[3.5,6.375,4.0,7.0],"tintindex":0,"rotation":0,"texture":"#0"},"south":{"uv":[3.875,1.75,5.125,2.375],"tintindex":0,"rotation":0,"texture":"#0"},"north":{"uv":[3.875,1.0,5.125,1.625],"tintindex":0,"rotation":0,"texture":"#0"},"west":{"uv":[6.375,4.0,6.875,4.625],"tintindex":0,"rotation":0,"texture":"#0"},"up":{"uv":[5.125,3.0,3.875,2.5],"tintindex":0,"rotation":0,"texture":"#0"},"down":{"uv":[5.875,4.875,4.625,5.375],"tintindex":0,"rotation":0,"texture":"#0"}},"rotation":{"origin":[7.5,10.456486,4.233399],"angle":-22.5,"axis":"x"}}],"display":{"gui":{"rotation":[30,225,0]}}}