{"textures":{"0":"modelengine:entity/ghoul_texture"},"elements":[{"from":[4.0,8.593817,3.2904081],"to":[12.0,15.593817,11.290407],"faces":{"east":{"uv":[7.375,4.875,8.375,5.75],"tintindex":0,"rotation":0,"texture":"#0"},"south":{"uv":[7.375,5.875,8.375,6.75],"tintindex":0,"rotation":0,"texture":"#0"},"north":{"uv":[7.25,2.5,8.25,3.375],"tintindex":0,"rotation":0,"texture":"#0"},"west":{"uv":[7.375,6.875,8.375,7.75],"tintindex":0,"rotation":0,"texture":"#0"},"up":{"uv":[4.5,7.875,3.5,6.875],"tintindex":0,"rotation":0,"texture":"#0"},"down":{"uv":[5.625,6.875,4.625,7.875],"tintindex":0,"rotation":0,"texture":"#0"}},"rotation":{"origin":[4.0,-0.23146057,13.614687],"angle":-22.5,"axis":"x"}},{"from":[3.5500002,6.0938168,2.7904081],"to":[3.5500002,8.093817,9.790407],"faces":{"east":{"uv":[9.875,6.5,9.0,6.75],"tintindex":0,"rotation":0,"texture":"#0"},"west":{"uv":[9.0,6.5,9.875,6.75],"tintindex":0,"rotation":0,"texture":"#0"}},"rotation":{"origin":[3.5,-0.23146057,13.614687],"angle":-22.5,"axis":"x"}},{"from":[12.5,5.0145235,4.5973787],"to":[16.5,11.014523,4.5973787],"faces":{"south":{"uv":[5.375,8.875,5.875,9.625],"tintindex":0,"rotation":0,"texture":"#0"},"north":{"uv":[4.75,8.875,5.25,9.625],"tintindex":0,"rotation":0,"texture":"#0"}},"rotation":{"origin":[14.5,9.014523,3.5973787],"angle":-22.5,"axis":"x"}},{"from":[-0.5,5.0145235,4.5973787],"to":[3.5,11.014523,4.5973787],"faces":{"south":{"uv":[8.75,8.125,9.25,8.875],"tintindex":0,"rotation":0,"texture":"#0"},"north":{"uv":[8.0,8.75,8.5,9.5],"tintindex":0,"rotation":0,"texture":"#0"}},"rotation":{"origin":[1.5,9.014523,3.5973787],"angle":-22.5,"axis":"x"}},{"from":[12.45,6.0938168,2.7904081],"to":[12.45,8.093817,9.790407],"faces":{"east":{"uv":[9.875,6.5,9.0,6.75],"tintindex":0,"rotation":0,"texture":"#0"},"west":{"uv":[9.0,6.5,9.875,6.75],"tintindex":0,"rotation":0,"texture":"#0"}},"rotation":{"origin":[12.5,-0.23146057,13.614687],"angle":-22.5,"axis":"x"}},{"from":[3.5,6.0938168,2.8404074],"to":[12.5,8.093817,2.8404074],"faces":{"south":{"uv":[10.125,5.0,9.0,5.25],"tintindex":0,"rotation":0,"texture":"#0"},"north":{"uv":[9.0,5.0,10.125,5.25],"tintindex":0,"rotation":0,"texture":"#0"}},"rotation":{"origin":[3.5,-0.23146057,13.614687],"angle":-22.5,"axis":"x"}},{"from":[3.5,8.093817,2.7904081],"to":[12.5,16.093817,11.790407],"faces":{"east":{"uv":[6.125,6.375,7.25,7.375],"tintindex":0,"rotation":0,"texture":"#0"},"south":{"uv":[6.5,0.0,7.625,1.0],"tintindex":0,"rotation":0,"texture":"#0"},"north":{"uv":[6.125,5.25,7.25,6.25],"tintindex":0,"rotation":0,"texture":"#0"},"west":{"uv":[0.0,6.875,1.125,7.875],"tintindex":0,"rotation":0,"texture":"#0"},"up":{"uv":[6.375,1.125,5.25,0.0],"tintindex":0,"rotation":0,"texture":"#0"},"down":{"uv":[1.125,5.625,0.0,6.75],"tintindex":0,"rotation":0,"texture":"#0"}},"rotation":{"origin":[3.5,-0.23146057,13.614687],"angle":-22.5,"axis":"x"}}],"display":{"gui":{"rotation":[30,225,0]}}}