{"textures":{"0":"modelengine:entity/ghoul_texture"},"elements":[{"from":[5.49375,5.25,6.5857863],"to":[10.493751,7.25,10.585787],"faces":{"east":{"uv":[7.125,9.625,6.625,9.875],"tintindex":0,"rotation":0,"texture":"#0"},"south":{"uv":[9.25,9.375,8.625,9.625],"tintindex":0,"rotation":0,"texture":"#0"},"north":{"uv":[10.0,8.375,9.375,8.625],"tintindex":0,"rotation":0,"texture":"#0"},"west":{"uv":[4.0,9.625,3.5,9.875],"tintindex":0,"rotation":0,"texture":"#0"},"up":{"uv":[3.625,5.5,4.25,5.0],"tintindex":0,"rotation":0,"texture":"#0"},"down":{"uv":[6.0,8.875,6.625,9.375],"tintindex":0,"rotation":0,"texture":"#0"}},"rotation":{"origin":[8.49375,6.75,6.5857863],"angle":-45.0,"axis":"x"}},{"from":[5.5437503,5.6893396,1.6464462],"to":[10.46875,7.6893396,7.646446],"faces":{"east":{"uv":[4.25,9.25,3.5,9.5],"tintindex":0,"rotation":0,"texture":"#0"},"south":{"uv":[10.0,8.0,9.375,8.25],"tintindex":0,"rotation":0,"texture":"#0"},"north":{"uv":[1.125,9.375,0.5,9.625],"tintindex":0,"rotation":0,"texture":"#0"},"west":{"uv":[10.0,3.375,9.25,3.625],"tintindex":0,"rotation":0,"texture":"#0"},"up":{"uv":[4.75,8.75,5.375,8.0],"tintindex":0,"rotation":0,"texture":"#0"},"down":{"uv":[8.0,7.875,8.625,8.625],"tintindex":0,"rotation":0,"texture":"#0"}}}],"display":{"gui":{"rotation":[30,225,0]}}}