{"textures":{"0":"modelengine:entity/boneshadingdefender","8":"modelengine:entity/fallen_defendress"},"elements":[{"from":[4.4694176,5.319307,10.300557],"to":[6.4774175,6.327307,11.308557],"faces":{"east":{"uv":[8.9375,9.0625,9.0,9.125],"tintindex":0,"rotation":0,"texture":"#8"},"south":{"uv":[8.375,2.75,8.5,2.8125],"tintindex":0,"rotation":0,"texture":"#8"},"north":{"uv":[8.375,2.625,8.5,2.6875],"tintindex":0,"rotation":0,"texture":"#8"},"west":{"uv":[9.0625,9.0625,9.125,9.125],"tintindex":0,"rotation":0,"texture":"#8"},"up":{"uv":[2.9375,8.4375,2.8125,8.375],"tintindex":0,"rotation":0,"texture":"#8"},"down":{"uv":[8.5,2.875,8.375,2.9375],"tintindex":0,"rotation":0,"texture":"#8"}},"rotation":{"origin":[6.4734173,5.823307,10.804557],"angle":22.5,"axis":"z"}},{"from":[6.434126,7.209125,4.896],"to":[7.4421263,10.217125,5.9040003],"faces":{"east":{"uv":[1.0625,6.0,1.125,6.1875],"tintindex":0,"rotation":0,"texture":"#8"},"south":{"uv":[8.0,0.4375,8.0625,0.625],"tintindex":0,"rotation":0,"texture":"#8"},"north":{"uv":[2.25,5.75,2.3125,5.9375],"tintindex":0,"rotation":0,"texture":"#8"},"west":{"uv":[8.0,0.6875,8.0625,0.875],"tintindex":0,"rotation":0,"texture":"#8"},"up":{"uv":[8.5,9.125,8.4375,9.0625],"tintindex":0,"rotation":0,"texture":"#8"},"down":{"uv":[8.625,9.0625,8.5625,9.125],"tintindex":0,"rotation":0,"texture":"#8"}}},{"from":[2.438126,5.4985943,4.9590564],"to":[6.438126,7.4985943,5.9590564],"faces":{"east":{"uv":[8.625,3.0,8.6875,3.125],"tintindex":0,"rotation":0,"texture":"#8"},"south":{"uv":[4.75,2.4375,5.0625,2.5625],"tintindex":0,"rotation":0,"texture":"#8"},"north":{"uv":[4.6875,2.8125,4.9375,2.9375],"tintindex":0,"rotation":0,"texture":"#8"},"west":{"uv":[8.625,3.9375,8.6875,4.0625],"tintindex":0,"rotation":0,"texture":"#8"},"up":{"uv":[3.1875,6.8125,2.875,6.75],"tintindex":0,"rotation":0,"texture":"#8"},"down":{"uv":[7.0625,3.5,6.75,3.5625],"tintindex":0,"rotation":0,"texture":"#8"}}},{"from":[3.678535,3.5125008,6.0],"to":[5.398535,5.3125,10.0],"faces":{"east":{"uv":[6.1875,0.0,6.4375,0.125],"tintindex":0,"rotation":0,"texture":"#8"},"south":{"uv":[7.75,2.25,7.875,2.375],"tintindex":0,"rotation":0,"texture":"#8"},"north":{"uv":[1.75,7.75,1.875,7.8625],"tintindex":0,"rotation":0,"texture":"#8"},"west":{"uv":[1.6875,6.1875,1.9375,6.3125],"tintindex":0,"rotation":0,"texture":"#8"},"up":{"uv":[3.0625,6.4375,2.9375,6.1875],"tintindex":0,"rotation":0,"texture":"#8"},"down":{"uv":[3.25,6.1875,3.125,6.4375],"tintindex":0,"rotation":0,"texture":"#8"}}},{"from":[3.678535,5.450001,6.0],"to":[5.398535,7.25,10.0],"faces":{"east":{"uv":[6.1875,4.625,6.4375,4.75],"tintindex":0,"rotation":0,"texture":"#8"},"south":{"uv":[3.375,7.75,3.5,7.875],"tintindex":0,"rotation":0,"texture":"#8"},"north":{"uv":[7.75,3.125,7.875,3.2375],"tintindex":0,"rotation":0,"texture":"#8"},"west":{"uv":[6.1875,5.125,6.4375,5.25],"tintindex":0,"rotation":0,"texture":"#8"},"up":{"uv":[6.125,6.4375,6.0,6.1875],"tintindex":0,"rotation":0,"texture":"#8"},"down":{"uv":[6.3125,6.1875,6.1875,6.4375],"tintindex":0,"rotation":0,"texture":"#8"}}},{"from":[4.175732,6.6770954,6.005],"to":[5.895732,8.927095,9.995],"faces":{"east":{"uv":[6.0625,4.25,6.3125,4.375],"tintindex":0,"rotation":0,"texture":"#8"},"south":{"uv":[1.25,7.75,1.375,7.875],"tintindex":0,"rotation":0,"texture":"#8"},"north":{"uv":[0.5625,7.75,0.6875,7.890625],"tintindex":0,"rotation":0,"texture":"#8"},"west":{"uv":[6.0625,4.4375,6.3125,4.5625],"tintindex":0,"rotation":0,"texture":"#8"},"up":{"uv":[4.0,6.3125,3.875,6.0625],"tintindex":0,"rotation":0,"texture":"#8"},"down":{"uv":[5.0,6.0625,4.875,6.3125],"tintindex":0,"rotation":0,"texture":"#8"}},"rotation":{"origin":[5.4657316,8.927095,8.0],"angle":-22.5,"axis":"z"}},{"from":[5.7839804,4.9446225,10.308557],"to":[6.77598,6.936622,11.300557],"faces":{"east":{"uv":[8.375,3.0,8.4375,3.125],"tintindex":0,"rotation":0,"texture":"#8"},"south":{"uv":[3.125,8.375,3.1875,8.5],"tintindex":0,"rotation":0,"texture":"#8"},"north":{"uv":[3.0,8.375,3.0625,8.5],"tintindex":0,"rotation":0,"texture":"#8"},"west":{"uv":[3.25,8.375,3.3125,8.5],"tintindex":0,"rotation":0,"texture":"#8"},"up":{"uv":[0.0625,9.1875,0.0,9.125],"tintindex":0,"rotation":0,"texture":"#8"},"down":{"uv":[9.1875,0.125,9.125,0.1875],"tintindex":0,"rotation":0,"texture":"#8"}},"rotation":{"origin":[7.77998,5.4406223,10.804557],"angle":-22.5,"axis":"z"}},{"from":[6.432126,7.2111254,10.306557],"to":[7.4281263,10.207126,11.302557],"faces":{"east":{"uv":[8.0,0.9375,8.0625,1.125],"tintindex":0,"rotation":0,"texture":"#8"},"south":{"uv":[1.0625,8.0,1.125,8.1875],"tintindex":0,"rotation":0,"texture":"#8"},"north":{"uv":[0.75,8.0,0.8125,8.1875],"tintindex":0,"rotation":0,"texture":"#8"},"west":{"uv":[1.5625,8.0,1.625,8.1875],"tintindex":0,"rotation":0,"texture":"#8"},"up":{"uv":[8.75,9.125,8.6875,9.0625],"tintindex":0,"rotation":0,"texture":"#8"},"down":{"uv":[9.125,8.75,9.0625,8.8125],"tintindex":0,"rotation":0,"texture":"#8"}}},{"from":[4.169595,1.996,6.496],"to":[6.756475,8.004,9.504],"faces":{"east":{"uv":[0.0,4.004,5.992,10.996],"tintindex":0,"rotation":0,"texture":"#0"},"south":{"uv":[0.0,4.004,5.992,10.996],"tintindex":0,"rotation":0,"texture":"#0"},"north":{"uv":[0.0,3.004,5.992,10.996],"tintindex":0,"rotation":0,"texture":"#0"},"west":{"uv":[0.0,4.004,5.992,10.996],"tintindex":0,"rotation":0,"texture":"#0"},"up":{"uv":[0.004,0.004,5.996,3.996],"tintindex":0,"rotation":0,"texture":"#0"},"down":{"uv":[0.004,0.004,5.996,3.996],"tintindex":0,"rotation":0,"texture":"#0"}}},{"from":[3.737875,2.5189996,5.819],"to":[4.6081953,6.5309997,6.831],"faces":{"east":{"uv":[7.75,4.375,7.8125,4.625],"tintindex":0,"rotation":0,"texture":"#8"},"south":{"uv":[7.75,4.6875,7.8125,4.9375],"tintindex":0,"rotation":0,"texture":"#8"},"north":{"uv":[7.75,4.0625,7.8125,4.3125],"tintindex":0,"rotation":0,"texture":"#8"},"west":{"uv":[4.75,7.75,4.8125,8.0],"tintindex":0,"rotation":0,"texture":"#8"},"up":{"uv":[9.4375,8.3125,9.375,8.25],"tintindex":0,"rotation":0,"texture":"#8"},"down":{"uv":[9.4375,8.375,9.375,8.4375],"tintindex":0,"rotation":0,"texture":"#8"}},"rotation":{"origin":[4.173035,6.5249996,6.725],"angle":22.5,"axis":"y"}},{"from":[2.8250003,4.6000004,4.9],"to":[4.8250003,5.6000004,5.9],"faces":{"east":{"uv":[9.125,3.0625,9.1875,3.125],"tintindex":0,"rotation":0,"texture":"#8"},"south":{"uv":[8.0,0.0,8.125,0.0625],"tintindex":0,"rotation":0,"texture":"#8"},"north":{"uv":[7.9375,6.5,8.0625,6.5625],"tintindex":0,"rotation":0,"texture":"#8"},"west":{"uv":[9.125,3.1875,9.1875,3.25],"tintindex":0,"rotation":0,"texture":"#8"},"up":{"uv":[8.1875,1.8125,8.0,1.75],"tintindex":0,"rotation":0,"texture":"#8"},"down":{"uv":[3.0625,8.0,2.875,8.0625],"tintindex":0,"rotation":0,"texture":"#8"}}},{"from":[4.477417,5.3233066,4.896],"to":[6.485418,6.331307,5.9040003],"faces":{"east":{"uv":[9.0625,8.125,9.125,8.1875],"tintindex":0,"rotation":0,"texture":"#8"},"south":{"uv":[8.375,2.25,8.5,2.3125],"tintindex":0,"rotation":0,"texture":"#8"},"north":{"uv":[8.375,0.125,8.5,0.1875],"tintindex":0,"rotation":0,"texture":"#8"},"west":{"uv":[8.3125,9.0625,8.375,9.125],"tintindex":0,"rotation":0,"texture":"#8"},"up":{"uv":[8.5,2.4375,8.375,2.375],"tintindex":0,"rotation":0,"texture":"#8"},"down":{"uv":[8.5,2.5,8.375,2.5625],"tintindex":0,"rotation":0,"texture":"#8"}},"rotation":{"origin":[6.4814177,5.8273067,5.4],"angle":22.5,"axis":"z"}},{"from":[6.4421263,9.717125,5.111107],"to":[7.434126,10.7091255,6.1031065],"faces":{"east":{"uv":[0.6875,9.125,0.75,9.1875],"tintindex":0,"rotation":0,"texture":"#8"},"south":{"uv":[9.125,0.75,9.1875,0.8125],"tintindex":0,"rotation":0,"texture":"#8"},"north":{"uv":[9.125,0.625,9.1875,0.6875],"tintindex":0,"rotation":0,"texture":"#8"},"west":{"uv":[0.8125,9.125,0.875,9.1875],"tintindex":0,"rotation":0,"texture":"#8"},"up":{"uv":[9.1875,0.9375,9.125,0.875],"tintindex":0,"rotation":0,"texture":"#8"},"down":{"uv":[9.1875,1.0,9.125,1.0625],"tintindex":0,"rotation":0,"texture":"#8"}},"rotation":{"origin":[6.938126,10.213125,5.6071067],"angle":45.0,"axis":"x"}},{"from":[5.570535,5.450001,6.0],"to":[7.290535,7.3500004,10.0],"faces":{"east":{"uv":[6.1875,2.625,6.4375,2.75],"tintindex":0,"rotation":0,"texture":"#8"},"south":{"uv":[7.75,2.9375,7.875,3.0625],"tintindex":0,"rotation":0,"texture":"#8"},"north":{"uv":[7.75,2.75,7.875,2.86875],"tintindex":0,"rotation":0,"texture":"#8"},"west":{"uv":[6.1875,3.9375,6.4375,4.0625],"tintindex":0,"rotation":0,"texture":"#8"},"up":{"uv":[4.375,6.4375,4.25,6.1875],"tintindex":0,"rotation":0,"texture":"#8"},"down":{"uv":[4.5625,6.1875,4.4375,6.4375],"tintindex":0,"rotation":0,"texture":"#8"}}},{"from":[6.4421263,9.717125,10.111107],"to":[7.434126,10.7091255,11.103107],"faces":{"east":{"uv":[9.125,1.75,9.1875,1.8125],"tintindex":0,"rotation":0,"texture":"#8"},"south":{"uv":[9.125,1.875,9.1875,1.9375],"tintindex":0,"rotation":0,"texture":"#8"},"north":{"uv":[9.125,1.625,9.1875,1.6875],"tintindex":0,"rotation":0,"texture":"#8"},"west":{"uv":[9.125,2.25,9.1875,2.3125],"tintindex":0,"rotation":0,"texture":"#8"},"up":{"uv":[9.1875,2.875,9.125,2.8125],"tintindex":0,"rotation":0,"texture":"#8"},"down":{"uv":[9.1875,2.9375,9.125,3.0],"tintindex":0,"rotation":0,"texture":"#8"}},"rotation":{"origin":[6.938126,10.213125,10.607107],"angle":-45.0,"axis":"x"}},{"from":[6.438126,9.920233,5.6071067],"to":[7.438126,10.920233,10.607107],"faces":{"east":{"uv":[6.6875,6.125,7.0,6.1875],"tintindex":0,"rotation":0,"texture":"#8"},"south":{"uv":[9.125,1.25,9.1875,1.3125],"tintindex":0,"rotation":0,"texture":"#8"},"north":{"uv":[9.125,1.125,9.1875,1.1875],"tintindex":0,"rotation":0,"texture":"#8"},"west":{"uv":[6.75,0.5625,7.0625,0.625],"tintindex":0,"rotation":0,"texture":"#8"},"up":{"uv":[0.5625,7.0,0.5,6.6875],"tintindex":0,"rotation":0,"texture":"#8"},"down":{"uv":[2.8125,6.6875,2.75,7.0],"tintindex":0,"rotation":0,"texture":"#8"}}},{"from":[1.9000001,6.8999996,7.0],"to":[2.9,8.9,9.0],"faces":{"east":{"uv":[7.5625,2.75,7.6875,2.875],"tintindex":0,"rotation":0,"texture":"#8"},"south":{"uv":[8.875,4.6875,8.9375,4.8125],"tintindex":0,"rotation":0,"texture":"#8"},"north":{"uv":[4.6875,8.875,4.75,9.0],"tintindex":0,"rotation":0,"texture":"#8"},"west":{"uv":[7.5625,2.9375,7.6875,3.0625],"tintindex":0,"rotation":0,"texture":"#8"},"up":{"uv":[4.875,9.0,4.8125,8.875],"tintindex":0,"rotation":0,"texture":"#8"},"down":{"uv":[8.9375,4.875,8.875,5.0],"tintindex":0,"rotation":0,"texture":"#8"}},"rotation":{"origin":[2.4,7.8999996,8.0],"angle":45.0,"axis":"x"}},{"from":[5.570535,3.5125008,6.0],"to":[7.290535,5.3125,10.0],"faces":{"east":{"uv":[6.125,1.6875,6.375,1.8125],"tintindex":0,"rotation":0,"texture":"#8"},"south":{"uv":[7.75,1.4375,7.875,1.5625],"tintindex":0,"rotation":0,"texture":"#8"},"north":{"uv":[7.75,1.25,7.875,1.3625],"tintindex":0,"rotation":0,"texture":"#8"},"west":{"uv":[6.125,1.875,6.375,2.0],"tintindex":0,"rotation":0,"texture":"#8"},"up":{"uv":[5.1875,6.3125,5.0625,6.0625],"tintindex":0,"rotation":0,"texture":"#8"},"down":{"uv":[6.25,2.875,6.125,3.125],"tintindex":0,"rotation":0,"texture":"#8"}}},{"from":[2.438126,5.4985943,10.255157],"to":[6.438126,7.4985943,11.255157],"faces":{"east":{"uv":[8.625,4.125,8.6875,4.25],"tintindex":0,"rotation":0,"texture":"#8"},"south":{"uv":[4.75,4.0625,5.0,4.1875],"tintindex":0,"rotation":0,"texture":"#8"},"north":{"uv":[4.75,3.875,5.0625,4.0],"tintindex":0,"rotation":0,"texture":"#8"},"west":{"uv":[4.1875,8.625,4.25,8.75],"tintindex":0,"rotation":0,"texture":"#8"},"up":{"uv":[4.5625,6.8125,4.25,6.75],"tintindex":0,"rotation":0,"texture":"#8"},"down":{"uv":[7.0625,5.0,6.75,5.0625],"tintindex":0,"rotation":0,"texture":"#8"}}},{"from":[2.4431262,7.332324,9.399119],"to":[7.433126,10.322324,10.389119],"faces":{"east":{"uv":[8.0625,6.625,8.125,6.8125],"tintindex":0,"rotation":0,"texture":"#8"},"south":{"uv":[4.1875,3.5625,4.5,3.75],"tintindex":0,"rotation":0,"texture":"#8"},"north":{"uv":[4.1875,3.3125,4.5,3.5],"tintindex":0,"rotation":0,"texture":"#8"},"west":{"uv":[8.0625,6.875,8.125,7.0625],"tintindex":0,"rotation":0,"texture":"#8"},"up":{"uv":[6.5625,6.8125,6.25,6.75],"tintindex":0,"rotation":0,"texture":"#8"},"down":{"uv":[6.9375,6.75,6.625,6.8125],"tintindex":0,"rotation":0,"texture":"#8"}},"rotation":{"origin":[5.938126,9.577324,10.394119],"angle":-22.5,"axis":"x"}},{"from":[3.678535,2.5125008,6.0],"to":[5.398535,3.3125,10.0],"faces":{"east":{"uv":[7.75,2.125,8.0,2.1875],"tintindex":0,"rotation":0,"texture":"#8"},"south":{"uv":[8.9375,3.125,9.0625,3.1875],"tintindex":0,"rotation":0,"texture":"#8"},"north":{"uv":[3.125,8.9375,3.25,8.9875],"tintindex":0,"rotation":0,"texture":"#8"},"west":{"uv":[2.25,7.75,2.5,7.8125],"tintindex":0,"rotation":0,"texture":"#8"},"up":{"uv":[0.8125,6.4375,0.6875,6.1875],"tintindex":0,"rotation":0,"texture":"#8"},"down":{"uv":[1.0,6.1875,0.875,6.4375],"tintindex":0,"rotation":0,"texture":"#8"}}},{"from":[3.737875,2.5189996,9.394],"to":[4.6081953,6.5309997,10.405999],"faces":{"east":{"uv":[2.75,7.75,2.8125,8.0],"tintindex":0,"rotation":0,"texture":"#8"},"south":{"uv":[3.5625,7.75,3.625,8.0],"tintindex":0,"rotation":0,"texture":"#8"},"north":{"uv":[1.4375,7.75,1.5,8.0],"tintindex":0,"rotation":0,"texture":"#8"},"west":{"uv":[3.875,7.75,3.9375,8.0],"tintindex":0,"rotation":0,"texture":"#8"},"up":{"uv":[9.4375,8.0,9.375,7.9375],"tintindex":0,"rotation":0,"texture":"#8"},"down":{"uv":[8.1875,9.375,8.125,9.4375],"tintindex":0,"rotation":0,"texture":"#8"}},"rotation":{"origin":[4.173035,6.5249996,9.5],"angle":-22.5,"axis":"y"}},{"from":[4.6030345,7.424999,6.0],"to":[7.183035,9.424999,10.0],"faces":{"east":{"uv":[6.0625,5.6875,6.3125,5.8125],"tintindex":0,"rotation":0,"texture":"#8"},"south":{"uv":[6.6875,4.0625,6.875,4.1875],"tintindex":0,"rotation":0,"texture":"#8"},"north":{"uv":[0.8125,6.6875,1.0,6.8125],"tintindex":0,"rotation":0,"texture":"#8"},"west":{"uv":[1.375,6.125,1.625,6.25],"tintindex":0,"rotation":0,"texture":"#8"},"up":{"uv":[0.5625,5.0,0.375,4.75],"tintindex":0,"rotation":0,"texture":"#8"},"down":{"uv":[1.125,4.75,0.9375,5.0],"tintindex":0,"rotation":0,"texture":"#8"}}},{"from":[0.9374999,5.0000005,4.975],"to":[3.1374998,7.2000003,11.175],"faces":{"east":{"uv":[4.4375,3.125,4.8125,3.25],"tintindex":0,"rotation":0,"texture":"#8"},"south":{"uv":[7.3125,0.125,7.4375,0.25],"tintindex":0,"rotation":0,"texture":"#8"},"north":{"uv":[7.25,6.5625,7.375,6.6875],"tintindex":0,"rotation":0,"texture":"#8"},"west":{"uv":[4.5625,3.3125,4.9375,3.4375],"tintindex":0,"rotation":0,"texture":"#8"},"up":{"uv":[4.6875,3.875,4.5625,3.5],"tintindex":0,"rotation":0,"texture":"#8"},"down":{"uv":[4.6875,3.9375,4.5625,4.3125],"tintindex":0,"rotation":0,"texture":"#8"}},"rotation":{"origin":[2.3250003,5.1000004,8.075],"angle":-45.0,"axis":"z"}},{"from":[5.7879806,4.944624,4.9],"to":[6.7879806,6.944624,5.9],"faces":{"east":{"uv":[8.375,0.9375,8.4375,1.0625],"tintindex":0,"rotation":0,"texture":"#8"},"south":{"uv":[8.375,1.125,8.4375,1.25],"tintindex":0,"rotation":0,"texture":"#8"},"north":{"uv":[8.375,0.75,8.4375,0.875],"tintindex":0,"rotation":0,"texture":"#8"},"west":{"uv":[8.375,1.5,8.4375,1.625],"tintindex":0,"rotation":0,"texture":"#8"},"up":{"uv":[8.0,9.125,7.9375,9.0625],"tintindex":0,"rotation":0,"texture":"#8"},"down":{"uv":[8.125,9.0625,8.0625,9.125],"tintindex":0,"rotation":0,"texture":"#8"}},"rotation":{"origin":[7.7879806,5.444624,5.4],"angle":-22.5,"axis":"z"}},{"from":[5.570535,2.5125008,6.0],"to":[7.290535,3.3125,10.0],"faces":{"east":{"uv":[7.75,1.875,8.0,1.9375],"tintindex":0,"rotation":0,"texture":"#8"},"south":{"uv":[2.9375,8.9375,3.0625,9.0],"tintindex":0,"rotation":0,"texture":"#8"},"north":{"uv":[8.9375,2.8125,9.0625,2.8625],"tintindex":0,"rotation":0,"texture":"#8"},"west":{"uv":[7.75,2.0,8.0,2.0625],"tintindex":0,"rotation":0,"texture":"#8"},"up":{"uv":[5.5625,6.375,5.4375,6.125],"tintindex":0,"rotation":0,"texture":"#8"},"down":{"uv":[0.125,6.1875,0.0,6.4375],"tintindex":0,"rotation":0,"texture":"#8"}}},{"from":[2.7106264,5.1302333,5.967107],"to":[4.990626,9.4102335,10.2471075],"faces":{"east":{"uv":[3.8125,0.0,4.0625,0.25],"tintindex":0,"rotation":0,"texture":"#8"},"south":{"uv":[5.625,3.4375,5.75,3.6875],"tintindex":0,"rotation":0,"texture":"#8"},"north":{"uv":[2.9375,5.5625,3.0625,5.8125],"tintindex":0,"rotation":0,"texture":"#8"},"west":{"uv":[3.8125,0.3125,4.0625,0.5625],"tintindex":0,"rotation":0,"texture":"#8"},"up":{"uv":[4.25,5.875,4.125,5.625],"tintindex":0,"rotation":0,"texture":"#8"},"down":{"uv":[4.875,5.625,4.75,5.875],"tintindex":0,"rotation":0,"texture":"#8"}}},{"from":[2.438126,9.270233,6.1071067],"to":[7.438126,10.270233,10.107107],"faces":{"east":{"uv":[6.9375,2.625,7.1875,2.6875],"tintindex":0,"rotation":0,"texture":"#8"},"south":{"uv":[6.6875,6.0,7.0,6.0625],"tintindex":0,"rotation":0,"texture":"#8"},"north":{"uv":[6.6875,5.75,7.0,5.8125],"tintindex":0,"rotation":0,"texture":"#8"},"west":{"uv":[6.9375,4.125,7.1875,4.1875],"tintindex":0,"rotation":0,"texture":"#8"},"up":{"uv":[0.875,1.625,0.5625,1.375],"tintindex":0,"rotation":0,"texture":"#8"},"down":{"uv":[1.0,3.3125,0.6875,3.5625],"tintindex":0,"rotation":0,"texture":"#8"}}},{"from":[2.833,4.600001,10.314213],"to":[4.825,5.5920005,11.306213],"faces":{"east":{"uv":[3.25,9.125,3.3125,9.1875],"tintindex":0,"rotation":0,"texture":"#8"},"south":{"uv":[8.0,3.4375,8.125,3.5],"tintindex":0,"rotation":0,"texture":"#8"},"north":{"uv":[3.125,8.0,3.25,8.0625],"tintindex":0,"rotation":0,"texture":"#8"},"west":{"uv":[9.125,3.3125,9.1875,3.375],"tintindex":0,"rotation":0,"texture":"#8"},"up":{"uv":[8.1875,3.8125,8.0,3.75],"tintindex":0,"rotation":0,"texture":"#8"},"down":{"uv":[8.1875,3.875,8.0,3.9375],"tintindex":0,"rotation":0,"texture":"#8"}}},{"from":[2.4431262,7.332324,5.825094],"to":[7.433126,10.322324,6.815094],"faces":{"east":{"uv":[8.0625,5.8125,8.125,6.0],"tintindex":0,"rotation":0,"texture":"#8"},"south":{"uv":[0.3125,4.1875,0.625,4.375],"tintindex":0,"rotation":0,"texture":"#8"},"north":{"uv":[3.125,4.125,3.4375,4.3125],"tintindex":0,"rotation":0,"texture":"#8"},"west":{"uv":[5.875,8.0625,5.9375,8.25],"tintindex":0,"rotation":0,"texture":"#8"},"up":{"uv":[7.0625,1.9375,6.75,1.875],"tintindex":0,"rotation":0,"texture":"#8"},"down":{"uv":[2.6875,6.75,2.375,6.8125],"tintindex":0,"rotation":0,"texture":"#8"}},"rotation":{"origin":[5.938126,9.577324,5.820094],"angle":22.5,"axis":"x"}}],"display":{"gui":{"rotation":[30,225,0]}}}