{"textures":{"14":"modelengine:entity/fallen_ravageress","15":"modelengine:entity/fallen_defendress"},"elements":[{"from":[8.552087,5.5648646,6.3432183],"to":[9.546086,6.558865,7.3372188],"faces":{"east":{"uv":[4.5645,8.252,4.623,8.3105],"tintindex":0,"rotation":0,"texture":"#14"},"south":{"uv":[8.252,4.5645,8.3105,4.623],"tintindex":0,"rotation":0,"texture":"#14"},"north":{"uv":[8.252,4.4395,8.3105,4.498],"tintindex":0,"rotation":0,"texture":"#14"},"west":{"uv":[8.252,4.6895,8.3105,4.748],"tintindex":0,"rotation":0,"texture":"#14"},"up":{"uv":[8.3105,4.873,8.252,4.8145],"tintindex":0,"rotation":0,"texture":"#14"},"down":{"uv":[8.3105,4.9395,8.252,4.998],"tintindex":0,"rotation":0,"texture":"#14"}},"rotation":{"origin":[9.0,6.1109505,6.786952],"angle":-45.0,"axis":"z"}},{"from":[9.456913,5.567865,6.8462186],"to":[11.444914,6.555865,7.8342185],"faces":{"east":{"uv":[6.4395,8.252,6.498,8.3105],"tintindex":0,"rotation":0,"texture":"#14"},"south":{"uv":[7.877,1.127,7.998,1.1855],"tintindex":0,"rotation":0,"texture":"#14"},"north":{"uv":[7.877,1.002,7.998,1.0605],"tintindex":0,"rotation":0,"texture":"#14"},"west":{"uv":[8.252,6.502,8.3105,6.5605],"tintindex":0,"rotation":0,"texture":"#14"},"up":{"uv":[1.373,7.9355,1.252,7.877],"tintindex":0,"rotation":0,"texture":"#14"},"down":{"uv":[7.998,1.252,7.877,1.3105],"tintindex":0,"rotation":0,"texture":"#14"}},"rotation":{"origin":[10.0,6.1109505,7.286952],"angle":45.0,"axis":"z"}},{"from":[6.4539137,5.5648646,6.3432183],"to":[7.447914,6.558865,7.3372188],"faces":{"east":{"uv":[8.252,5.0645,8.3105,5.123],"tintindex":0,"rotation":0,"texture":"#14"},"south":{"uv":[8.252,5.1895,8.3105,5.248],"tintindex":0,"rotation":0,"texture":"#14"},"north":{"uv":[5.0645,8.252,5.123,8.3105],"tintindex":0,"rotation":0,"texture":"#14"},"west":{"uv":[8.252,5.877,8.3105,5.9355],"tintindex":0,"rotation":0,"texture":"#14"},"up":{"uv":[8.3105,6.0605,8.252,6.002],"tintindex":0,"rotation":0,"texture":"#14"},"down":{"uv":[6.123,8.252,6.0645,8.3105],"tintindex":0,"rotation":0,"texture":"#14"}},"rotation":{"origin":[7.0,6.1109505,6.786952],"angle":45.0,"axis":"z"}},{"from":[5.993,5.327427,6.8332186],"to":[10.007,6.341427,7.8472185],"faces":{"east":{"uv":[8.252,6.252,8.3105,6.3105],"tintindex":0,"rotation":0,"texture":"#14"},"south":{"uv":[5.127,7.002,5.373,7.0605],"tintindex":0,"rotation":0,"texture":"#14"},"north":{"uv":[2.9395,7.002,3.1855,7.0605],"tintindex":0,"rotation":0,"texture":"#14"},"west":{"uv":[8.252,6.377,8.3105,6.4355],"tintindex":0,"rotation":0,"texture":"#14"},"up":{"uv":[5.6855,7.0605,5.4395,7.002],"tintindex":0,"rotation":0,"texture":"#14"},"down":{"uv":[6.4355,7.002,6.1895,7.0605],"tintindex":0,"rotation":0,"texture":"#14"}}},{"from":[5.0,6.334427,6.8402185],"to":[11.0,9.334427,7.8402185],"faces":{"east":{"uv":[5.9395,7.5645,5.998,7.748],"tintindex":0,"rotation":0,"texture":"#14"},"south":{"uv":[4.002,0.877,4.373,1.0605],"tintindex":0,"rotation":0,"texture":"#14"},"north":{"uv":[3.9395,3.877,4.3105,4.0605],"tintindex":0,"rotation":0,"texture":"#14"},"west":{"uv":[7.5645,6.002,7.623,6.1855],"tintindex":0,"rotation":0,"texture":"#14"},"up":{"uv":[6.623,3.748,6.252,3.6895],"tintindex":0,"rotation":0,"texture":"#14"},"down":{"uv":[6.623,3.8145,6.252,3.873],"tintindex":0,"rotation":0,"texture":"#14"}}},{"from":[8.078827,6.3285217,5.7778454],"to":[10.078827,8.328522,6.7778454],"faces":{"east":{"uv":[3.375,8.375,3.4375,8.5],"tintindex":0,"rotation":0,"texture":"#15"},"south":{"uv":[7.0,6.875,7.125,7.0],"tintindex":0,"rotation":0,"texture":"#15"},"north":{"uv":[7.0,4.5,7.125,4.625],"tintindex":0,"rotation":0,"texture":"#15"},"west":{"uv":[3.625,8.375,3.6875,8.5],"tintindex":0,"rotation":0,"texture":"#15"},"up":{"uv":[8.5,3.75,8.375,3.6875],"tintindex":0,"rotation":0,"texture":"#15"},"down":{"uv":[8.5,3.8125,8.375,3.875],"tintindex":0,"rotation":0,"texture":"#15"}},"rotation":{"origin":[8.0,8.407349,7.1624804],"angle":-45.0,"axis":"z"}},{"from":[4.4573345,6.329427,6.526724],"to":[5.4673347,9.339427,7.536724],"faces":{"east":{"uv":[6.4395,2.752,6.498,2.9355],"tintindex":0,"rotation":0,"texture":"#14"},"south":{"uv":[3.0645,7.4395,3.123,7.623],"tintindex":0,"rotation":0,"texture":"#14"},"north":{"uv":[3.627,4.8145,3.6855,4.998],"tintindex":0,"rotation":0,"texture":"#14"},"west":{"uv":[3.502,7.4395,3.5605,7.623],"tintindex":0,"rotation":0,"texture":"#14"},"up":{"uv":[2.5605,8.123,2.502,8.0645],"tintindex":0,"rotation":0,"texture":"#14"},"down":{"uv":[8.123,2.502,8.0645,2.5605],"tintindex":0,"rotation":0,"texture":"#14"}},"rotation":{"origin":[5.0,6.903845,6.9940586],"angle":45.0,"axis":"y"}},{"from":[3.2,5.346019,7.126275],"to":[12.8,8.946019,9.726275],"faces":{"east":{"uv":[0.6895,4.9395,0.873,5.1855],"tintindex":0,"rotation":0,"texture":"#14"},"south":{"uv":[2.6895,1.252,3.3105,1.498],"tintindex":0,"rotation":0,"texture":"#14"},"north":{"uv":[2.6895,0.9395,3.3105,1.1855],"tintindex":0,"rotation":0,"texture":"#14"},"west":{"uv":[1.252,4.9395,1.4355,5.1855],"tintindex":0,"rotation":0,"texture":"#14"},"up":{"uv":[3.4355,1.8105,2.8145,1.5645],"tintindex":0,"rotation":0,"texture":"#14"},"down":{"uv":[3.4355,1.9395,2.8145,2.123],"tintindex":0,"rotation":0,"texture":"#14"}}},{"from":[4.5550866,5.567865,6.8462186],"to":[6.543086,6.555865,7.8342185],"faces":{"east":{"uv":[8.252,6.627,8.3105,6.6855],"tintindex":0,"rotation":0,"texture":"#14"},"south":{"uv":[7.877,2.002,7.998,2.0605],"tintindex":0,"rotation":0,"texture":"#14"},"north":{"uv":[7.877,1.377,7.998,1.4355],"tintindex":0,"rotation":0,"texture":"#14"},"west":{"uv":[8.252,6.752,8.3105,6.8105],"tintindex":0,"rotation":0,"texture":"#14"},"up":{"uv":[7.998,2.1855,7.877,2.127],"tintindex":0,"rotation":0,"texture":"#14"},"down":{"uv":[7.998,2.252,7.877,2.3105],"tintindex":0,"rotation":0,"texture":"#14"}},"rotation":{"origin":[6.0,6.1109505,7.286952],"angle":-45.0,"axis":"z"}},{"from":[10.532665,6.329427,6.526724],"to":[11.5426655,9.339427,7.536724],"faces":{"east":{"uv":[7.4395,6.752,7.498,6.9355],"tintindex":0,"rotation":0,"texture":"#14"},"south":{"uv":[6.8145,7.4395,6.873,7.623],"tintindex":0,"rotation":0,"texture":"#14"},"north":{"uv":[6.502,7.4395,6.5605,7.623],"tintindex":0,"rotation":0,"texture":"#14"},"west":{"uv":[7.1895,7.4395,7.248,7.623],"tintindex":0,"rotation":0,"texture":"#14"},"up":{"uv":[8.1855,6.8105,8.127,6.752],"tintindex":0,"rotation":0,"texture":"#14"},"down":{"uv":[6.873,8.127,6.8145,8.1855],"tintindex":0,"rotation":0,"texture":"#14"}},"rotation":{"origin":[11.0,6.903845,6.9940586],"angle":-45.0,"axis":"y"}},{"from":[7.005,4.776927,7.9452186],"to":[8.995,7.766927,9.935219],"faces":{"east":{"uv":[4.252,0.627,4.373,0.8105],"tintindex":0,"rotation":0,"texture":"#14"},"south":{"uv":[4.377,5.0645,4.498,5.248],"tintindex":0,"rotation":0,"texture":"#14"},"north":{"uv":[4.0645,3.252,4.1855,3.4355],"tintindex":0,"rotation":0,"texture":"#14"},"west":{"uv":[5.5645,6.127,5.6855,6.3105],"tintindex":0,"rotation":0,"texture":"#14"},"up":{"uv":[7.0605,0.6855,6.9395,0.5645],"tintindex":0,"rotation":0,"texture":"#14"},"down":{"uv":[7.0605,0.752,6.9395,0.873],"tintindex":0,"rotation":0,"texture":"#14"}}},{"from":[7.0,5.334427,6.3402185],"to":[9.0,9.334427,7.3402185],"faces":{"east":{"uv":[6.9395,6.8145,6.998,7.0605],"tintindex":0,"rotation":0,"texture":"#14"},"south":{"uv":[2.8145,5.8145,2.9355,6.0605],"tintindex":0,"rotation":0,"texture":"#14"},"north":{"uv":[0.127,5.8145,0.248,6.0605],"tintindex":0,"rotation":0,"texture":"#14"},"west":{"uv":[0.127,7.002,0.1855,7.248],"tintindex":0,"rotation":0,"texture":"#14"},"up":{"uv":[5.9355,7.873,5.8145,7.8145],"tintindex":0,"rotation":0,"texture":"#14"},"down":{"uv":[7.9355,6.002,7.8145,6.0605],"tintindex":0,"rotation":0,"texture":"#14"}}}],"display":{"gui":{"rotation":[30,225,0]}}}