{"textures":{"8":"modelengine:entity/fallendefender_dead"},"elements":[{"from":[8.725298,7.5249996,5.47472],"to":[9.425298,8.925,5.61528],"faces":{"east":{"uv":[3.8125,0.625,3.875,0.6875],"tintindex":0,"rotation":0,"texture":"#8"},"south":{"uv":[0.1875,4.625,0.25,4.6875],"tintindex":0,"rotation":0,"texture":"#8"},"north":{"uv":[0.3125,9.0625,0.375,9.1875],"tintindex":0,"rotation":0,"texture":"#8"},"west":{"uv":[5.125,4.5,5.1875,4.5625],"tintindex":0,"rotation":0,"texture":"#8"},"up":{"uv":[0.0625,5.75,0.0,5.6875],"tintindex":0,"rotation":0,"texture":"#8"},"down":{"uv":[4.6875,5.75,4.625,5.8125],"tintindex":0,"rotation":0,"texture":"#8"}}},{"from":[4.5,8.0,6.0],"to":[7.5,9.0,10.0],"faces":{"east":{"uv":[6.8125,5.5,7.0625,5.5625],"tintindex":0,"rotation":0,"texture":"#8"},"south":{"uv":[6.0625,5.875,6.25,5.9375],"tintindex":0,"rotation":0,"texture":"#8"},"north":{"uv":[6.0625,0.375,6.25,0.4375],"tintindex":0,"rotation":0,"texture":"#8"},"west":{"uv":[2.125,6.875,2.375,6.9375],"tintindex":0,"rotation":0,"texture":"#8"},"up":{"uv":[4.625,0.5625,4.4375,0.3125],"tintindex":0,"rotation":0,"texture":"#8"},"down":{"uv":[1.125,4.4375,0.9375,4.6875],"tintindex":0,"rotation":0,"texture":"#8"}}},{"from":[6.5,6.0,6.075],"to":[9.5,8.0,9.925],"faces":{"east":{"uv":[5.25,0.1875,5.5,0.3125],"tintindex":0,"rotation":0,"texture":"#8"},"south":{"uv":[0.8125,6.5,1.0,6.625],"tintindex":0,"rotation":0,"texture":"#8"},"north":{"uv":[1.625,4.125,1.8125,4.25],"tintindex":0,"rotation":0,"texture":"#8"},"west":{"uv":[5.25,0.375,5.5,0.5],"tintindex":0,"rotation":0,"texture":"#8"},"up":{"uv":[2.375,3.75,2.1875,3.5],"tintindex":0,"rotation":0,"texture":"#8"},"down":{"uv":[3.75,4.375,3.5625,4.625],"tintindex":0,"rotation":0,"texture":"#8"}}},{"from":[3.42,8.1825,5.92],"to":[12.58,10.342501,10.08],"faces":{"east":{"uv":[5.6875,1.5625,5.9375,1.6875],"tintindex":0,"rotation":0,"texture":"#8"},"south":{"uv":[3.875,3.125,4.375,3.25],"tintindex":0,"rotation":0,"texture":"#8"},"north":{"uv":[3.875,1.5625,4.375,1.6875],"tintindex":0,"rotation":0,"texture":"#8"},"west":{"uv":[3.125,5.6875,3.375,5.8125],"tintindex":0,"rotation":0,"texture":"#8"},"up":{"uv":[1.5,3.0,1.0,2.75],"tintindex":0,"rotation":0,"texture":"#8"},"down":{"uv":[3.25,1.1875,2.75,1.4375],"tintindex":0,"rotation":0,"texture":"#8"}}},{"from":[8.5,9.0,6.15],"to":[10.5,11.0,9.85],"faces":{"east":{"uv":[5.25,3.875,5.5,4.0],"tintindex":0,"rotation":0,"texture":"#8"},"south":{"uv":[6.875,0.3125,7.0,0.4375],"tintindex":0,"rotation":0,"texture":"#8"},"north":{"uv":[6.8125,5.3125,6.9375,5.4375],"tintindex":0,"rotation":0,"texture":"#8"},"west":{"uv":[5.25,4.0625,5.5,4.1875],"tintindex":0,"rotation":0,"texture":"#8"},"up":{"uv":[2.75,5.5,2.625,5.25],"tintindex":0,"rotation":0,"texture":"#8"},"down":{"uv":[5.375,4.25,5.25,4.5],"tintindex":0,"rotation":0,"texture":"#8"}}},{"from":[3.34,7.415,5.54],"to":[12.66,8.735,10.36],"faces":{"east":{"uv":[6.6875,3.8125,7.0,3.875],"tintindex":0,"rotation":0,"texture":"#8"},"south":{"uv":[5.1875,2.3125,5.6875,2.375],"tintindex":0,"rotation":0,"texture":"#8"},"north":{"uv":[5.125,1.625,5.625,1.6875],"tintindex":0,"rotation":0,"texture":"#8"},"west":{"uv":[6.6875,5.625,7.0,5.6875],"tintindex":0,"rotation":0,"texture":"#8"},"up":{"uv":[2.75,1.9375,2.25,1.625],"tintindex":0,"rotation":0,"texture":"#8"},"down":{"uv":[2.75,2.0,2.25,2.3125],"tintindex":0,"rotation":0,"texture":"#8"}}},{"from":[6.763961,16.856853,6.01],"to":[8.263961,17.856853,9.64],"faces":{"east":{"uv":[7.1875,1.625,7.4375,1.6875],"tintindex":0,"rotation":0,"texture":"#8"},"south":{"uv":[9.1875,0.25,9.25,0.3125],"tintindex":0,"rotation":0,"texture":"#8"},"north":{"uv":[0.25,9.1875,0.34375,9.25],"tintindex":0,"rotation":0,"texture":"#8"},"west":{"uv":[2.5625,7.1875,2.8125,7.25],"tintindex":0,"rotation":0,"texture":"#8"},"up":{"uv":[2.0625,7.4375,2.0,7.1875],"tintindex":0,"rotation":0,"texture":"#8"},"down":{"uv":[2.9375,7.1875,2.875,7.4375],"tintindex":0,"rotation":0,"texture":"#8"}},"rotation":{"origin":[17.36396,17.656855,9.49],"angle":45.0,"axis":"z"}},{"from":[4.254,10.796892,6.004],"to":[4.746,11.996,9.996],"faces":{"east":{"uv":[5.0,6.875,4.75,6.9375],"tintindex":0,"rotation":0,"texture":"#8"},"south":{"uv":[1.5,9.0625,1.4375,9.125],"tintindex":0,"rotation":0,"texture":"#8"},"north":{"uv":[1.375,9.0625,1.3125,9.125],"tintindex":0,"rotation":0,"texture":"#8"},"west":{"uv":[4.5,6.875,4.25,6.9375],"tintindex":0,"rotation":0,"texture":"#8"},"up":{"uv":[2.625,7.125,2.6875,6.875],"tintindex":0,"rotation":0,"texture":"#8"},"down":{"uv":[3.0625,6.875,3.125,7.125],"tintindex":0,"rotation":0,"texture":"#8"}},"rotation":{"origin":[4.25,11.5,8.0],"angle":-45.0,"axis":"z"}},{"from":[12.58,10.342501,10.08],"to":[3.42,8.1825,5.92],"faces":{"east":{"uv":[3.125,5.8125,3.375,5.6875],"tintindex":0,"rotation":0,"texture":"#8"},"south":{"uv":[3.875,1.6875,4.375,1.5625],"tintindex":0,"rotation":0,"texture":"#8"},"north":{"uv":[3.875,3.25,4.375,3.125],"tintindex":0,"rotation":0,"texture":"#8"},"west":{"uv":[5.6875,1.6875,5.9375,1.5625],"tintindex":0,"rotation":0,"texture":"#8"},"up":{"uv":[2.75,1.1875,3.25,1.4375],"tintindex":0,"rotation":0,"texture":"#8"},"down":{"uv":[1.0,3.0,1.5,2.75],"tintindex":0,"rotation":0,"texture":"#8"}}},{"from":[6.7187176,7.3044996,5.4785],"to":[7.212218,7.7980003,5.6115],"faces":{"east":{"uv":[8.1875,9.0,8.25,9.0625],"tintindex":0,"rotation":0,"texture":"#8"},"south":{"uv":[9.0,8.5,9.0625,8.5625],"tintindex":0,"rotation":0,"texture":"#8"},"north":{"uv":[9.0,8.0,9.030844,8.030844],"tintindex":0,"rotation":0,"texture":"#8"},"west":{"uv":[8.8125,9.0,8.875,9.0625],"tintindex":0,"rotation":0,"texture":"#8"},"up":{"uv":[9.125,0.0625,9.0625,0.0],"tintindex":0,"rotation":0,"texture":"#8"},"down":{"uv":[0.25,9.0625,0.1875,9.125],"tintindex":0,"rotation":0,"texture":"#8"}},"rotation":{"origin":[6.9392176,7.5249996,5.2825003],"angle":-45.0,"axis":"z"}},{"from":[4.5,11.0,6.0],"to":[5.5,12.0,10.0],"faces":{"east":{"uv":[6.25,6.875,6.5,6.9375],"tintindex":0,"rotation":0,"texture":"#8"},"south":{"uv":[1.6875,9.0625,1.75,9.125],"tintindex":0,"rotation":0,"texture":"#8"},"north":{"uv":[1.5625,9.0625,1.625,9.125],"tintindex":0,"rotation":0,"texture":"#8"},"west":{"uv":[6.5625,6.875,6.8125,6.9375],"tintindex":0,"rotation":0,"texture":"#8"},"up":{"uv":[6.9375,7.125,6.875,6.875],"tintindex":0,"rotation":0,"texture":"#8"},"down":{"uv":[0.0625,6.9375,0.0,7.1875],"tintindex":0,"rotation":0,"texture":"#8"}}},{"from":[8.503,12.795893,10.203],"to":[9.497,13.789892,11.197],"faces":{"east":{"uv":[9.125,7.125,9.1875,7.1875],"tintindex":0,"rotation":0,"texture":"#8"},"south":{"uv":[7.1875,9.125,7.25,9.1875],"tintindex":0,"rotation":0,"texture":"#8"},"north":{"uv":[9.125,7.0,9.1875,7.0625],"tintindex":0,"rotation":0,"texture":"#8"},"west":{"uv":[9.125,7.25,9.1875,7.3125],"tintindex":0,"rotation":0,"texture":"#8"},"up":{"uv":[7.375,9.1875,7.3125,9.125],"tintindex":0,"rotation":0,"texture":"#8"},"down":{"uv":[9.1875,7.375,9.125,7.4375],"tintindex":0,"rotation":0,"texture":"#8"}},"rotation":{"origin":[9.0,13.292892,10.7],"angle":45.0,"axis":"z"}},{"from":[6.7187176,8.7045,5.4785],"to":[7.212218,9.198,5.6115],"faces":{"east":{"uv":[9.0,6.625,9.0625,6.6875],"tintindex":0,"rotation":0,"texture":"#8"},"south":{"uv":[9.0,6.75,9.0625,6.8125],"tintindex":0,"rotation":0,"texture":"#8"},"north":{"uv":[6.5625,9.0,6.5933437,9.030844],"tintindex":0,"rotation":0,"texture":"#8"},"west":{"uv":[9.0,7.0,9.0625,7.0625],"tintindex":0,"rotation":0,"texture":"#8"},"up":{"uv":[9.0625,7.3125,9.0,7.25],"tintindex":0,"rotation":0,"texture":"#8"},"down":{"uv":[9.0625,7.875,9.0,7.9375],"tintindex":0,"rotation":0,"texture":"#8"}},"rotation":{"origin":[6.9392176,8.925,5.2825003],"angle":-45.0,"axis":"z"}},{"from":[8.818718,7.3044996,5.4785],"to":[9.312218,7.7980003,5.6115],"faces":{"east":{"uv":[9.0,4.5625,9.0625,4.625],"tintindex":0,"rotation":0,"texture":"#8"},"south":{"uv":[9.0,4.6875,9.0625,4.75],"tintindex":0,"rotation":0,"texture":"#8"},"north":{"uv":[9.0,4.4375,9.030844,4.4683437],"tintindex":0,"rotation":0,"texture":"#8"},"west":{"uv":[9.0,4.8125,9.0625,4.875],"tintindex":0,"rotation":0,"texture":"#8"},"up":{"uv":[5.0,9.0625,4.9375,9.0],"tintindex":0,"rotation":0,"texture":"#8"},"down":{"uv":[9.0625,4.9375,9.0,5.0],"tintindex":0,"rotation":0,"texture":"#8"}},"rotation":{"origin":[9.039218,7.5249996,5.2825003],"angle":-45.0,"axis":"z"}},{"from":[11.25,9.0,6.0],"to":[12.25,11.0,10.0],"faces":{"east":{"uv":[5.25,1.125,5.5,1.25],"tintindex":0,"rotation":0,"texture":"#8"},"south":{"uv":[8.3125,2.0625,8.375,2.1875],"tintindex":0,"rotation":0,"texture":"#8"},"north":{"uv":[1.375,5.9375,1.4375,6.0625],"tintindex":0,"rotation":0,"texture":"#8"},"west":{"uv":[5.25,3.125,5.5,3.25],"tintindex":0,"rotation":0,"texture":"#8"},"up":{"uv":[2.0625,3.125,2.0,2.875],"tintindex":0,"rotation":0,"texture":"#8"},"down":{"uv":[0.625,4.4375,0.5625,4.6875],"tintindex":0,"rotation":0,"texture":"#8"}}},{"from":[9.0,8.0,6.0],"to":[12.0,9.0,10.0],"faces":{"east":{"uv":[6.8125,4.75,7.0625,4.8125],"tintindex":0,"rotation":0,"texture":"#8"},"south":{"uv":[5.625,3.75,5.8125,3.8125],"tintindex":0,"rotation":0,"texture":"#8"},"north":{"uv":[1.0,4.0,1.1875,4.0625],"tintindex":0,"rotation":0,"texture":"#8"},"west":{"uv":[6.8125,4.875,7.0625,4.9375],"tintindex":0,"rotation":0,"texture":"#8"},"up":{"uv":[4.625,0.25,4.4375,0.0],"tintindex":0,"rotation":0,"texture":"#8"},"down":{"uv":[0.5,4.4375,0.3125,4.6875],"tintindex":0,"rotation":0,"texture":"#8"}}},{"from":[6.995,9.995,10.195],"to":[9.005,14.005,11.205],"faces":{"east":{"uv":[5.3125,7.0625,5.375,7.3125],"tintindex":0,"rotation":0,"texture":"#8"},"south":{"uv":[1.3125,5.4375,1.4375,5.6875],"tintindex":0,"rotation":0,"texture":"#8"},"north":{"uv":[0.625,5.4375,0.75,5.6875],"tintindex":0,"rotation":0,"texture":"#8"},"west":{"uv":[7.0625,5.875,7.125,6.125],"tintindex":0,"rotation":0,"texture":"#8"},"up":{"uv":[8.5625,4.0,8.4375,3.9375],"tintindex":0,"rotation":0,"texture":"#8"},"down":{"uv":[8.5625,4.0625,8.4375,4.125],"tintindex":0,"rotation":0,"texture":"#8"}}},{"from":[7.736039,16.856853,6.01],"to":[9.236039,17.856853,9.64],"faces":{"east":{"uv":[7.4375,4.25,7.6875,4.3125],"tintindex":0,"rotation":0,"texture":"#8"},"south":{"uv":[8.1875,9.25,8.25,9.3125],"tintindex":0,"rotation":0,"texture":"#8"},"north":{"uv":[9.25,8.0,9.34375,8.0625],"tintindex":0,"rotation":0,"texture":"#8"},"west":{"uv":[7.4375,4.375,7.6875,4.4375],"tintindex":0,"rotation":0,"texture":"#8"},"up":{"uv":[4.9375,7.6875,4.875,7.4375],"tintindex":0,"rotation":0,"texture":"#8"},"down":{"uv":[7.5,5.0,7.4375,5.25],"tintindex":0,"rotation":0,"texture":"#8"}},"rotation":{"origin":[-1.3639612,17.656855,9.49],"angle":-45.0,"axis":"z"}},{"from":[6.503,12.795893,10.203],"to":[7.497,13.789892,11.197],"faces":{"east":{"uv":[9.125,7.625,9.1875,7.6875],"tintindex":0,"rotation":0,"texture":"#8"},"south":{"uv":[9.125,7.75,9.1875,7.8125],"tintindex":0,"rotation":0,"texture":"#8"},"north":{"uv":[9.125,7.5,9.1875,7.5625],"tintindex":0,"rotation":0,"texture":"#8"},"west":{"uv":[9.125,7.875,9.1875,7.9375],"tintindex":0,"rotation":0,"texture":"#8"},"up":{"uv":[9.1875,8.0625,9.125,8.0],"tintindex":0,"rotation":0,"texture":"#8"},"down":{"uv":[8.25,9.125,8.1875,9.1875],"tintindex":0,"rotation":0,"texture":"#8"}},"rotation":{"origin":[7.0,13.292892,10.7],"angle":-45.0,"axis":"z"}},{"from":[6.01,7.505,9.735394],"to":[9.99,9.495,10.725393],"faces":{"east":{"uv":[2.4375,3.1875,2.5,3.3125],"tintindex":0,"rotation":0,"texture":"#8"},"south":{"uv":[5.1875,1.875,5.4375,2.0],"tintindex":0,"rotation":0,"texture":"#8"},"north":{"uv":[5.0625,0.625,5.311875,0.75],"tintindex":0,"rotation":0,"texture":"#8"},"west":{"uv":[4.875,5.4375,4.9375,5.5625],"tintindex":0,"rotation":0,"texture":"#8"},"up":{"uv":[7.0625,4.3125,6.8125,4.25],"tintindex":0,"rotation":0,"texture":"#8"},"down":{"uv":[7.0625,4.375,6.8125,4.4375],"tintindex":0,"rotation":0,"texture":"#8"}},"rotation":{"origin":[8.5,9.0,10.230393],"angle":45.0,"axis":"x"}},{"from":[11.52,12.52,10.02],"to":[4.48,10.58,5.98],"faces":{"east":{"uv":[5.6875,0.6875,5.9375,0.5625],"tintindex":0,"rotation":0,"texture":"#8"},"south":{"uv":[1.875,3.93125,2.375,3.8125],"tintindex":0,"rotation":0,"texture":"#8"},"north":{"uv":[3.875,1.5,4.375,1.375],"tintindex":0,"rotation":0,"texture":"#8"},"west":{"uv":[5.625,2.1875,5.875,2.0625],"tintindex":0,"rotation":0,"texture":"#8"},"up":{"uv":[2.75,0.875,3.25,1.125],"tintindex":0,"rotation":0,"texture":"#8"},"down":{"uv":[0.4375,3.0,0.9375,2.75],"tintindex":0,"rotation":0,"texture":"#8"}}},{"from":[6.994,7.244,5.494],"to":[9.006,9.256,5.756],"faces":{"east":{"uv":[8.3125,5.75,8.375,5.875],"tintindex":0,"rotation":0,"texture":"#8"},"south":{"uv":[2.875,6.875,3.0,7.0],"tintindex":0,"rotation":0,"texture":"#8"},"north":{"uv":[2.4375,6.875,2.5625,7.0],"tintindex":0,"rotation":0,"texture":"#8"},"west":{"uv":[5.875,8.3125,5.9375,8.4375],"tintindex":0,"rotation":0,"texture":"#8"},"up":{"uv":[4.6875,4.4375,4.5625,4.375],"tintindex":0,"rotation":0,"texture":"#8"},"down":{"uv":[5.8125,1.0,5.6875,1.0625],"tintindex":0,"rotation":0,"texture":"#8"}}},{"from":[5.5,9.0,6.15],"to":[7.5,11.0,9.85],"faces":{"east":{"uv":[5.375,4.75,5.625,4.875],"tintindex":0,"rotation":0,"texture":"#8"},"south":{"uv":[2.375,7.0625,2.5,7.1875],"tintindex":0,"rotation":0,"texture":"#8"},"north":{"uv":[1.8125,7.0625,1.9375,7.1875],"tintindex":0,"rotation":0,"texture":"#8"},"west":{"uv":[5.375,4.9375,5.625,5.0625],"tintindex":0,"rotation":0,"texture":"#8"},"up":{"uv":[4.5,5.625,4.375,5.375],"tintindex":0,"rotation":0,"texture":"#8"},"down":{"uv":[5.125,5.375,5.0,5.625],"tintindex":0,"rotation":0,"texture":"#8"}}},{"from":[7.6752977,7.2749996,5.47472],"to":[8.375298,9.174999,5.61528],"faces":{"east":{"uv":[8.3125,6.5,8.375,6.625],"tintindex":0,"rotation":0,"texture":"#8"},"south":{"uv":[8.3125,6.6875,8.375,6.8125],"tintindex":0,"rotation":0,"texture":"#8"},"north":{"uv":[8.3125,5.9375,8.35625,6.05625],"tintindex":0,"rotation":0,"texture":"#8"},"west":{"uv":[8.3125,7.9375,8.375,8.0625],"tintindex":0,"rotation":0,"texture":"#8"},"up":{"uv":[6.375,9.0625,6.3125,9.0],"tintindex":0,"rotation":0,"texture":"#8"},"down":{"uv":[6.5,9.0,6.4375,9.0625],"tintindex":0,"rotation":0,"texture":"#8"}}},{"from":[6.625298,7.5249996,5.47472],"to":[7.325298,8.925,5.61528],"faces":{"east":{"uv":[9.0625,0.375,9.125,0.4375],"tintindex":0,"rotation":0,"texture":"#8"},"south":{"uv":[9.0625,0.5,9.125,0.5625],"tintindex":0,"rotation":0,"texture":"#8"},"north":{"uv":[0.3125,9.0625,0.375,9.1875],"tintindex":0,"rotation":0,"texture":"#8"},"west":{"uv":[0.5625,9.0625,0.625,9.125],"tintindex":0,"rotation":0,"texture":"#8"},"up":{"uv":[1.0,9.125,0.9375,9.0625],"tintindex":0,"rotation":0,"texture":"#8"},"down":{"uv":[1.25,9.0625,1.1875,9.125],"tintindex":0,"rotation":0,"texture":"#8"}}},{"from":[4.48,10.58,5.98],"to":[11.52,12.52,10.02],"faces":{"east":{"uv":[5.625,2.0625,5.875,2.1875],"tintindex":0,"rotation":0,"texture":"#8"},"south":{"uv":[3.875,1.375,4.375,1.5],"tintindex":0,"rotation":0,"texture":"#8"},"north":{"uv":[1.875,3.8125,2.375,3.93125],"tintindex":0,"rotation":0,"texture":"#8"},"west":{"uv":[5.6875,0.5625,5.9375,0.6875],"tintindex":0,"rotation":0,"texture":"#8"},"up":{"uv":[0.9375,3.0,0.4375,2.75],"tintindex":0,"rotation":0,"texture":"#8"},"down":{"uv":[3.25,0.875,2.75,1.125],"tintindex":0,"rotation":0,"texture":"#8"}}},{"from":[7.768718,7.0544996,5.4785],"to":[8.2622175,7.5480003,5.6115],"faces":{"east":{"uv":[9.0,5.6875,9.0625,5.75],"tintindex":0,"rotation":0,"texture":"#8"},"south":{"uv":[9.0,5.8125,9.0625,5.875],"tintindex":0,"rotation":0,"texture":"#8"},"north":{"uv":[5.625,9.0,5.6558437,9.030844],"tintindex":0,"rotation":0,"texture":"#8"},"west":{"uv":[9.0,5.9375,9.0625,6.0],"tintindex":0,"rotation":0,"texture":"#8"},"up":{"uv":[6.25,9.0625,6.1875,9.0],"tintindex":0,"rotation":0,"texture":"#8"},"down":{"uv":[9.0625,6.25,9.0,6.3125],"tintindex":0,"rotation":0,"texture":"#8"}},"rotation":{"origin":[7.9892178,7.2749996,5.2825003],"angle":-45.0,"axis":"z"}},{"from":[8.818718,8.7045,5.4785],"to":[9.312218,9.198,5.6115],"faces":{"east":{"uv":[0.1875,6.1875,0.25,6.25],"tintindex":0,"rotation":0,"texture":"#8"},"south":{"uv":[6.1875,4.8125,6.25,4.875],"tintindex":0,"rotation":0,"texture":"#8"},"north":{"uv":[6.0625,3.9375,6.0933437,3.9683437],"tintindex":0,"rotation":0,"texture":"#8"},"west":{"uv":[6.3125,1.5625,6.375,1.625],"tintindex":0,"rotation":0,"texture":"#8"},"up":{"uv":[6.5625,5.4375,6.5,5.375],"tintindex":0,"rotation":0,"texture":"#8"},"down":{"uv":[9.0625,4.3125,9.0,4.375],"tintindex":0,"rotation":0,"texture":"#8"}},"rotation":{"origin":[9.039218,8.925,5.2825003],"angle":-45.0,"axis":"z"}},{"from":[7.768718,8.9545,5.4785],"to":[8.2622175,9.448,5.6115],"faces":{"east":{"uv":[5.1875,9.0,5.25,9.0625],"tintindex":0,"rotation":0,"texture":"#8"},"south":{"uv":[5.3125,9.0,5.375,9.0625],"tintindex":0,"rotation":0,"texture":"#8"},"north":{"uv":[5.0625,9.0,5.0933437,9.030844],"tintindex":0,"rotation":0,"texture":"#8"},"west":{"uv":[9.0,5.3125,9.0625,5.375],"tintindex":0,"rotation":0,"texture":"#8"},"up":{"uv":[9.0625,5.5,9.0,5.4375],"tintindex":0,"rotation":0,"texture":"#8"},"down":{"uv":[9.0625,5.5625,9.0,5.625],"tintindex":0,"rotation":0,"texture":"#8"}},"rotation":{"origin":[7.9892178,9.174999,5.2825003],"angle":-45.0,"axis":"z"}},{"from":[11.254,10.796892,6.004],"to":[11.746,11.996,9.996],"faces":{"east":{"uv":[4.25,6.875,4.5,6.9375],"tintindex":0,"rotation":0,"texture":"#8"},"south":{"uv":[1.4375,9.0625,1.5,9.125],"tintindex":0,"rotation":0,"texture":"#8"},"north":{"uv":[1.3125,9.0625,1.375,9.125],"tintindex":0,"rotation":0,"texture":"#8"},"west":{"uv":[4.75,6.875,5.0,6.9375],"tintindex":0,"rotation":0,"texture":"#8"},"up":{"uv":[2.6875,7.125,2.625,6.875],"tintindex":0,"rotation":0,"texture":"#8"},"down":{"uv":[3.125,6.875,3.0625,7.125],"tintindex":0,"rotation":0,"texture":"#8"}},"rotation":{"origin":[11.75,11.5,8.0],"angle":45.0,"axis":"z"}},{"from":[3.75,9.0,6.0],"to":[4.75,11.0,10.0],"faces":{"east":{"uv":[5.6875,4.9375,5.9375,5.0625],"tintindex":0,"rotation":0,"texture":"#8"},"south":{"uv":[8.8125,2.5625,8.875,2.6875],"tintindex":0,"rotation":0,"texture":"#8"},"north":{"uv":[8.8125,2.375,8.875,2.5],"tintindex":0,"rotation":0,"texture":"#8"},"west":{"uv":[5.6875,5.5,5.9375,5.625],"tintindex":0,"rotation":0,"texture":"#8"},"up":{"uv":[7.5,4.9375,7.4375,4.6875],"tintindex":0,"rotation":0,"texture":"#8"},"down":{"uv":[4.8125,7.4375,4.75,7.6875],"tintindex":0,"rotation":0,"texture":"#8"}}},{"from":[6.0,9.0,9.9375],"to":[10.0,14.0,10.9375],"faces":{"east":{"uv":[6.0,6.6875,6.0625,7.0],"tintindex":0,"rotation":0,"texture":"#8"},"south":{"uv":[3.3125,2.0625,3.5625,2.375],"tintindex":0,"rotation":0,"texture":"#8"},"north":{"uv":[3.3125,0.8125,3.5625,1.125],"tintindex":0,"rotation":0,"texture":"#8"},"west":{"uv":[6.125,6.6875,6.1875,7.0],"tintindex":0,"rotation":0,"texture":"#8"},"up":{"uv":[7.3125,6.25,7.0625,6.1875],"tintindex":0,"rotation":0,"texture":"#8"},"down":{"uv":[7.3125,6.3125,7.0625,6.375],"tintindex":0,"rotation":0,"texture":"#8"}}}],"display":{"gui":{"rotation":[30,225,0]}}}