{"textures":{"8":"modelengine:entity/fallendefender_dead"},"elements":[{"from":[8.165627,2.7279525,6.1],"to":[9.605625,4.1529527,9.9],"faces":{"east":{"uv":[6.1875,2.0625,5.9375,2.1875],"tintindex":0,"rotation":0,"texture":"#8"},"south":{"uv":[7.75,1.0625,7.625,1.1875],"tintindex":0,"rotation":0,"texture":"#8"},"north":{"uv":[1.1875,7.625,1.0625,7.7265625],"tintindex":0,"rotation":0,"texture":"#8"},"west":{"uv":[6.1875,1.3125,5.9375,1.4375],"tintindex":0,"rotation":0,"texture":"#8"},"up":{"uv":[3.5,6.1875,3.625,5.9375],"tintindex":0,"rotation":0,"texture":"#8"},"down":{"uv":[3.6875,5.9375,3.8125,6.1875],"tintindex":0,"rotation":0,"texture":"#8"}}},{"from":[6.3808255,3.221953,5.819],"to":[7.190426,7.233953,6.831],"faces":{"east":{"uv":[7.1875,4.6875,7.125,4.9375],"tintindex":0,"rotation":0,"texture":"#8"},"south":{"uv":[3.6875,7.125,3.625,7.375],"tintindex":0,"rotation":0,"texture":"#8"},"north":{"uv":[1.6875,7.125,1.625,7.375],"tintindex":0,"rotation":0,"texture":"#8"},"west":{"uv":[3.5625,7.125,3.5,7.375],"tintindex":0,"rotation":0,"texture":"#8"},"up":{"uv":[9.125,8.5625,9.1875,8.5],"tintindex":0,"rotation":0,"texture":"#8"},"down":{"uv":[9.125,8.625,9.1875,8.6875],"tintindex":0,"rotation":0,"texture":"#8"}},"rotation":{"origin":[6.7856255,7.227953,6.725],"angle":22.5,"axis":"y"}},{"from":[6.467226,8.45777,9.074183],"to":[9.504025,9.25377,9.870183],"faces":{"east":{"uv":[5.125,9.375,5.0625,9.4375],"tintindex":0,"rotation":0,"texture":"#8"},"south":{"uv":[7.875,6.5,7.625,6.5625],"tintindex":0,"rotation":0,"texture":"#8"},"north":{"uv":[6.5,7.625,6.25,7.6875],"tintindex":0,"rotation":0,"texture":"#8"},"west":{"uv":[9.4375,4.9375,9.375,5.0],"tintindex":0,"rotation":0,"texture":"#8"},"up":{"uv":[7.625,7.25,7.875,7.1875],"tintindex":0,"rotation":0,"texture":"#8"},"down":{"uv":[7.625,7.5,7.875,7.5625],"tintindex":0,"rotation":0,"texture":"#8"}},"rotation":{"origin":[7.9856257,8.277952,10.167157],"angle":22.5,"axis":"x"}},{"from":[6.385626,4.4279537,6.05],"to":[9.585626,5.4279537,10.05],"faces":{"east":{"uv":[3.6875,7.625,3.4375,7.6875],"tintindex":0,"rotation":0,"texture":"#8"},"south":{"uv":[7.875,2.625,7.625,2.6875],"tintindex":0,"rotation":0,"texture":"#8"},"north":{"uv":[1.5,7.625,1.25,7.6875],"tintindex":0,"rotation":0,"texture":"#8"},"west":{"uv":[7.875,2.5,7.625,2.5625],"tintindex":0,"rotation":0,"texture":"#8"},"up":{"uv":[3.25,4.0625,3.5,3.8125],"tintindex":0,"rotation":0,"texture":"#8"},"down":{"uv":[0.375,3.875,0.625,4.125],"tintindex":0,"rotation":0,"texture":"#8"}}},{"from":[6.4656253,7.377952,9.85],"to":[9.505625,9.177952,10.65],"faces":{"east":{"uv":[7.875,8.875,7.8125,9.0],"tintindex":0,"rotation":0,"texture":"#8"},"south":{"uv":[0.25,6.0,0.0,6.125],"tintindex":0,"rotation":0,"texture":"#8"},"north":{"uv":[6.1875,2.4375,5.9375,2.5625],"tintindex":0,"rotation":0,"texture":"#8"},"west":{"uv":[7.75,8.875,7.6875,9.0],"tintindex":0,"rotation":0,"texture":"#8"},"up":{"uv":[7.625,7.6875,7.875,7.625],"tintindex":0,"rotation":0,"texture":"#8"},"down":{"uv":[7.6875,0.0,7.9375,0.0625],"tintindex":0,"rotation":0,"texture":"#8"}},"rotation":{"origin":[7.9856257,8.277952,10.167157],"angle":-22.5,"axis":"x"}},{"from":[5.557119,4.280952,7.103],"to":[6.3511186,5.0749516,8.897],"faces":{"east":{"uv":[9.0,6.875,8.875,6.9375],"tintindex":0,"rotation":0,"texture":"#8"},"south":{"uv":[5.0,9.375,4.9375,9.4375],"tintindex":0,"rotation":0,"texture":"#8"},"north":{"uv":[9.4375,4.8125,9.375,4.875],"tintindex":0,"rotation":0,"texture":"#8"},"west":{"uv":[9.0,6.375,8.875,6.4375],"tintindex":0,"rotation":0,"texture":"#8"},"up":{"uv":[7.4375,9.0,7.5,8.875],"tintindex":0,"rotation":0,"texture":"#8"},"down":{"uv":[7.5625,8.875,7.625,9.0],"tintindex":0,"rotation":0,"texture":"#8"}},"rotation":{"origin":[5.9541187,4.677952,8.0],"angle":45.0,"axis":"z"}},{"from":[5.388433,2.877953,7.1],"to":[6.188433,4.6779523,8.9],"faces":{"east":{"uv":[5.5,7.625,5.375,7.75],"tintindex":0,"rotation":0,"texture":"#8"},"south":{"uv":[8.9375,5.875,8.875,6.0],"tintindex":0,"rotation":0,"texture":"#8"},"north":{"uv":[5.875,8.875,5.8125,9.0],"tintindex":0,"rotation":0,"texture":"#8"},"west":{"uv":[7.75,3.875,7.625,4.0],"tintindex":0,"rotation":0,"texture":"#8"},"up":{"uv":[5.9375,9.0,6.0,8.875],"tintindex":0,"rotation":0,"texture":"#8"},"down":{"uv":[6.0625,8.875,6.125,9.0],"tintindex":0,"rotation":0,"texture":"#8"}}},{"from":[5.557119,2.4809535,7.103],"to":[6.3511186,3.2749536,8.897],"faces":{"east":{"uv":[6.5,8.875,6.375,8.9375],"tintindex":0,"rotation":0,"texture":"#8"},"south":{"uv":[4.875,9.375,4.8125,9.4375],"tintindex":0,"rotation":0,"texture":"#8"},"north":{"uv":[9.4375,4.6875,9.375,4.75],"tintindex":0,"rotation":0,"texture":"#8"},"west":{"uv":[6.3125,8.875,6.1875,8.9375],"tintindex":0,"rotation":0,"texture":"#8"},"up":{"uv":[8.875,6.8125,8.9375,6.6875],"tintindex":0,"rotation":0,"texture":"#8"},"down":{"uv":[7.0625,8.875,7.125,9.0],"tintindex":0,"rotation":0,"texture":"#8"}},"rotation":{"origin":[5.9541187,2.8779535,8.0],"angle":45.0,"axis":"z"}},{"from":[9.538433,1.0279531,5.0],"to":[10.538433,3.0279531,6.0],"faces":{"east":{"uv":[8.5,6.6875,8.4375,6.8125],"tintindex":0,"rotation":0,"texture":"#8"},"south":{"uv":[8.5,6.5,8.4375,6.625],"tintindex":0,"rotation":0,"texture":"#8"},"north":{"uv":[1.9375,8.4375,1.875,8.5625],"tintindex":0,"rotation":0,"texture":"#8"},"west":{"uv":[2.375,8.4375,2.3125,8.5625],"tintindex":0,"rotation":0,"texture":"#8"},"up":{"uv":[0.375,9.25,0.4375,9.1875],"tintindex":0,"rotation":0,"texture":"#8"},"down":{"uv":[9.1875,0.375,9.25,0.4375],"tintindex":0,"rotation":0,"texture":"#8"}},"rotation":{"origin":[10.038433,2.0279531,5.5],"angle":45.0,"axis":"z"}},{"from":[6.405626,2.7279525,6.1],"to":[7.845626,4.1529527,9.9],"faces":{"east":{"uv":[6.1875,0.75,5.9375,0.875],"tintindex":0,"rotation":0,"texture":"#8"},"south":{"uv":[0.875,7.625,0.75,7.75],"tintindex":0,"rotation":0,"texture":"#8"},"north":{"uv":[7.75,0.3125,7.625,0.4140625],"tintindex":0,"rotation":0,"texture":"#8"},"west":{"uv":[6.125,5.3125,5.875,5.4375],"tintindex":0,"rotation":0,"texture":"#8"},"up":{"uv":[2.0625,6.1875,2.1875,5.9375],"tintindex":0,"rotation":0,"texture":"#8"},"down":{"uv":[3.3125,5.9375,3.4375,6.1875],"tintindex":0,"rotation":0,"texture":"#8"}}},{"from":[5.195933,2.9479525,7.32],"to":[5.5559325,4.3079524,8.68],"faces":{"east":{"uv":[7.75,3.4375,7.625,3.5625],"tintindex":0,"rotation":0,"texture":"#8"},"south":{"uv":[5.5625,8.875,5.5,9.0],"tintindex":0,"rotation":0,"texture":"#8"},"north":{"uv":[8.9375,5.3125,8.875,5.4375],"tintindex":0,"rotation":0,"texture":"#8"},"west":{"uv":[1.6875,7.625,1.5625,7.75],"tintindex":0,"rotation":0,"texture":"#8"},"up":{"uv":[8.875,5.625,8.9375,5.5],"tintindex":0,"rotation":0,"texture":"#8"},"down":{"uv":[8.875,5.6875,8.9375,5.8125],"tintindex":0,"rotation":0,"texture":"#8"}},"rotation":{"origin":[5.3759327,3.6279526,8.0],"angle":45.0,"axis":"x"}},{"from":[6.3256254,5.602953,6.0],"to":[7.925626,7.2029533,10.0],"faces":{"east":{"uv":[6.125,4.0625,5.875,4.1875],"tintindex":0,"rotation":0,"texture":"#8"},"south":{"uv":[7.6875,5.8125,7.5625,5.9375],"tintindex":0,"rotation":0,"texture":"#8"},"north":{"uv":[5.875,7.5625,5.75,7.6625],"tintindex":0,"rotation":0,"texture":"#8"},"west":{"uv":[6.125,2.6875,5.875,2.8125],"tintindex":0,"rotation":0,"texture":"#8"},"up":{"uv":[4.3125,6.125,4.4375,5.875],"tintindex":0,"rotation":0,"texture":"#8"},"down":{"uv":[4.5,5.875,4.625,6.125],"tintindex":0,"rotation":0,"texture":"#8"}}},{"from":[7.275626,7.7529535,10.1625],"to":[8.675626,9.152953,10.5625],"faces":{"east":{"uv":[8.125,8.875,8.0625,9.0],"tintindex":0,"rotation":0,"texture":"#8"},"south":{"uv":[2.0625,7.6875,1.9375,7.8125],"tintindex":0,"rotation":0,"texture":"#8"},"north":{"uv":[6.6875,7.625,6.5625,7.75],"tintindex":0,"rotation":0,"texture":"#8"},"west":{"uv":[8.0,8.875,7.9375,9.0],"tintindex":0,"rotation":0,"texture":"#8"},"up":{"uv":[8.875,8.1875,9.0,8.125],"tintindex":0,"rotation":0,"texture":"#8"},"down":{"uv":[8.9375,0.125,9.0625,0.1875],"tintindex":0,"rotation":0,"texture":"#8"}},"rotation":{"origin":[7.9856257,9.365454,10.3625],"angle":-22.5,"axis":"x"}},{"from":[6.467226,7.1849794,10.346974],"to":[9.504025,7.980979,11.142974],"faces":{"east":{"uv":[5.25,9.375,5.1875,9.4375],"tintindex":0,"rotation":0,"texture":"#8"},"south":{"uv":[7.9375,0.625,7.6875,0.6875],"tintindex":0,"rotation":0,"texture":"#8"},"north":{"uv":[7.9375,0.5,7.6875,0.5625],"tintindex":0,"rotation":0,"texture":"#8"},"west":{"uv":[9.4375,5.0625,9.375,5.125],"tintindex":0,"rotation":0,"texture":"#8"},"up":{"uv":[7.6875,0.8125,7.9375,0.75],"tintindex":0,"rotation":0,"texture":"#8"},"down":{"uv":[7.6875,0.875,7.9375,0.9375],"tintindex":0,"rotation":0,"texture":"#8"}},"rotation":{"origin":[7.9856257,8.277952,10.167157],"angle":22.5,"axis":"x"}},{"from":[9.538433,1.0279531,6.0],"to":[10.538433,2.0279531,7.0],"faces":{"east":{"uv":[1.125,9.1875,1.0625,9.25],"tintindex":0,"rotation":0,"texture":"#8"},"south":{"uv":[1.0,9.1875,0.9375,9.25],"tintindex":0,"rotation":0,"texture":"#8"},"north":{"uv":[0.5625,9.1875,0.5,9.25],"tintindex":0,"rotation":0,"texture":"#8"},"west":{"uv":[9.25,0.5,9.1875,0.5625],"tintindex":0,"rotation":0,"texture":"#8"},"up":{"uv":[1.1875,9.25,1.25,9.1875],"tintindex":0,"rotation":0,"texture":"#8"},"down":{"uv":[1.3125,9.1875,1.375,9.25],"tintindex":0,"rotation":0,"texture":"#8"}},"rotation":{"origin":[10.038433,2.0279531,5.5],"angle":45.0,"axis":"z"}},{"from":[6.038433,-0.27204704,6.0],"to":[10.038433,3.727953,10.0],"faces":{"east":{"uv":[1.8125,3.5,1.5625,3.75],"tintindex":0,"rotation":0,"texture":"#8"},"south":{"uv":[1.5,3.5,1.25,3.75],"tintindex":0,"rotation":0,"texture":"#8"},"north":{"uv":[2.875,3.375,2.625,3.625],"tintindex":0,"rotation":0,"texture":"#8"},"west":{"uv":[3.1875,3.4375,2.9375,3.6875],"tintindex":0,"rotation":0,"texture":"#8"},"up":{"uv":[1.875,3.75,2.125,3.5],"tintindex":0,"rotation":0,"texture":"#8"},"down":{"uv":[3.25,3.5,3.5,3.75],"tintindex":0,"rotation":0,"texture":"#8"}}},{"from":[6.3808255,3.221953,9.394],"to":[7.190426,7.233953,10.405999],"faces":{"east":{"uv":[1.5625,7.125,1.5,7.375],"tintindex":0,"rotation":0,"texture":"#8"},"south":{"uv":[1.25,7.125,1.1875,7.375],"tintindex":0,"rotation":0,"texture":"#8"},"north":{"uv":[7.0625,7.0625,7.0,7.3125],"tintindex":0,"rotation":0,"texture":"#8"},"west":{"uv":[1.125,7.125,1.0625,7.375],"tintindex":0,"rotation":0,"texture":"#8"},"up":{"uv":[9.125,8.3125,9.1875,8.25],"tintindex":0,"rotation":0,"texture":"#8"},"down":{"uv":[9.125,8.375,9.1875,8.4375],"tintindex":0,"rotation":0,"texture":"#8"}},"rotation":{"origin":[6.7856255,7.227953,9.5],"angle":-22.5,"axis":"y"}},{"from":[8.085626,5.602953,6.0],"to":[9.685625,7.2029533,10.0],"faces":{"east":{"uv":[6.125,5.125,5.875,5.25],"tintindex":0,"rotation":0,"texture":"#8"},"south":{"uv":[7.6875,6.875,7.5625,7.0],"tintindex":0,"rotation":0,"texture":"#8"},"north":{"uv":[7.6875,6.6875,7.5625,6.7875],"tintindex":0,"rotation":0,"texture":"#8"},"west":{"uv":[5.1875,5.875,4.9375,6.0],"tintindex":0,"rotation":0,"texture":"#8"},"up":{"uv":[5.875,5.9375,6.0,5.6875],"tintindex":0,"rotation":0,"texture":"#8"},"down":{"uv":[1.1875,5.9375,1.3125,6.1875],"tintindex":0,"rotation":0,"texture":"#8"}}}],"display":{"gui":{"rotation":[30,225,0]}}}