{"textures":{"8":"modelengine:entity/fallendefender_dead"},"elements":[{"from":[2.288126,5.2485943,4.9590564],"to":[6.288126,7.2485943,5.9590564],"faces":{"east":{"uv":[8.625,3.0,8.6875,3.125],"tintindex":0,"rotation":0,"texture":"#8"},"south":{"uv":[4.75,2.4375,5.0625,2.5625],"tintindex":0,"rotation":0,"texture":"#8"},"north":{"uv":[4.6875,2.8125,4.9375,2.9375],"tintindex":0,"rotation":0,"texture":"#8"},"west":{"uv":[8.625,3.9375,8.6875,4.0625],"tintindex":0,"rotation":0,"texture":"#8"},"up":{"uv":[3.1875,6.8125,2.875,6.75],"tintindex":0,"rotation":0,"texture":"#8"},"down":{"uv":[7.0625,3.5,6.75,3.5625],"tintindex":0,"rotation":0,"texture":"#8"}}},{"from":[6.292126,9.467125,5.111107],"to":[7.284126,10.4591255,6.1031065],"faces":{"east":{"uv":[0.6875,9.125,0.75,9.1875],"tintindex":0,"rotation":0,"texture":"#8"},"south":{"uv":[9.125,0.75,9.1875,0.8125],"tintindex":0,"rotation":0,"texture":"#8"},"north":{"uv":[9.125,0.625,9.1875,0.6875],"tintindex":0,"rotation":0,"texture":"#8"},"west":{"uv":[0.8125,9.125,0.875,9.1875],"tintindex":0,"rotation":0,"texture":"#8"},"up":{"uv":[9.1875,0.9375,9.125,0.875],"tintindex":0,"rotation":0,"texture":"#8"},"down":{"uv":[9.1875,1.0,9.125,1.0625],"tintindex":0,"rotation":0,"texture":"#8"}},"rotation":{"origin":[6.788126,9.963125,5.6071067],"angle":45.0,"axis":"x"}},{"from":[4.327417,5.0733066,4.896],"to":[6.3354177,6.081307,5.9040003],"faces":{"east":{"uv":[9.0625,8.125,9.125,8.1875],"tintindex":0,"rotation":0,"texture":"#8"},"south":{"uv":[8.375,2.25,8.5,2.3125],"tintindex":0,"rotation":0,"texture":"#8"},"north":{"uv":[8.375,0.125,8.5,0.1875],"tintindex":0,"rotation":0,"texture":"#8"},"west":{"uv":[8.3125,9.0625,8.375,9.125],"tintindex":0,"rotation":0,"texture":"#8"},"up":{"uv":[8.5,2.4375,8.375,2.375],"tintindex":0,"rotation":0,"texture":"#8"},"down":{"uv":[8.5,2.5,8.375,2.5625],"tintindex":0,"rotation":0,"texture":"#8"}},"rotation":{"origin":[6.3314176,5.5773067,5.4],"angle":22.5,"axis":"z"}},{"from":[2.288126,9.020233,6.1071067],"to":[7.288126,10.020233,10.107107],"faces":{"east":{"uv":[6.9375,2.625,7.1875,2.6875],"tintindex":0,"rotation":0,"texture":"#8"},"south":{"uv":[6.6875,6.0,7.0,6.0625],"tintindex":0,"rotation":0,"texture":"#8"},"north":{"uv":[6.6875,5.75,7.0,5.8125],"tintindex":0,"rotation":0,"texture":"#8"},"west":{"uv":[6.9375,4.125,7.1875,4.1875],"tintindex":0,"rotation":0,"texture":"#8"},"up":{"uv":[0.875,1.625,0.5625,1.375],"tintindex":0,"rotation":0,"texture":"#8"},"down":{"uv":[1.0,3.3125,0.6875,3.5625],"tintindex":0,"rotation":0,"texture":"#8"}}},{"from":[2.6750002,4.3500004,4.9],"to":[4.675,5.3500004,5.9],"faces":{"east":{"uv":[9.125,3.0625,9.1875,3.125],"tintindex":0,"rotation":0,"texture":"#8"},"south":{"uv":[8.0,0.0,8.1875,0.0625],"tintindex":0,"rotation":0,"texture":"#8"},"north":{"uv":[7.9375,6.5,8.0625,6.5625],"tintindex":0,"rotation":0,"texture":"#8"},"west":{"uv":[9.125,3.1875,9.1875,3.25],"tintindex":0,"rotation":0,"texture":"#8"},"up":{"uv":[8.1875,1.8125,8.0,1.75],"tintindex":0,"rotation":0,"texture":"#8"},"down":{"uv":[3.0625,8.0,2.875,8.0625],"tintindex":0,"rotation":0,"texture":"#8"}}},{"from":[2.293126,7.082324,9.399119],"to":[7.283126,10.072324,10.389119],"faces":{"east":{"uv":[8.0625,6.625,8.125,6.8125],"tintindex":0,"rotation":0,"texture":"#8"},"south":{"uv":[4.1875,3.5625,4.5,3.75],"tintindex":0,"rotation":0,"texture":"#8"},"north":{"uv":[4.1875,3.3125,4.5,3.5],"tintindex":0,"rotation":0,"texture":"#8"},"west":{"uv":[8.0625,6.875,8.125,7.0625],"tintindex":0,"rotation":0,"texture":"#8"},"up":{"uv":[6.5625,6.8125,6.25,6.75],"tintindex":0,"rotation":0,"texture":"#8"},"down":{"uv":[6.9375,6.75,6.625,6.8125],"tintindex":0,"rotation":0,"texture":"#8"}},"rotation":{"origin":[5.788126,9.327324,10.394119],"angle":-22.5,"axis":"x"}},{"from":[3.8423924,2.0189996,5.819],"to":[4.651993,6.0309997,6.831],"faces":{"east":{"uv":[4.125,7.6875,4.0625,7.9375],"tintindex":0,"rotation":0,"texture":"#8"},"south":{"uv":[3.3125,7.6875,3.25,7.9375],"tintindex":0,"rotation":0,"texture":"#8"},"north":{"uv":[3.0625,7.6875,3.0,7.9375],"tintindex":0,"rotation":0,"texture":"#8"},"west":{"uv":[3.1875,7.6875,3.125,7.9375],"tintindex":0,"rotation":0,"texture":"#8"},"up":{"uv":[5.5,9.4375,5.5625,9.375],"tintindex":0,"rotation":0,"texture":"#8"},"down":{"uv":[9.375,5.5625,9.4375,5.625],"tintindex":0,"rotation":0,"texture":"#8"}},"rotation":{"origin":[4.2471924,6.0249996,6.725],"angle":22.5,"axis":"y"}},{"from":[5.5471926,2.0125008,6.0],"to":[7.1471925,2.8125,10.0],"faces":{"east":{"uv":[7.8125,3.3125,7.5625,3.375],"tintindex":0,"rotation":0,"texture":"#8"},"south":{"uv":[5.25,8.875,5.125,8.9375],"tintindex":0,"rotation":0,"texture":"#8"},"north":{"uv":[5.0625,8.875,4.9375,8.925],"tintindex":0,"rotation":0,"texture":"#8"},"west":{"uv":[7.75,6.375,7.5,6.4375],"tintindex":0,"rotation":0,"texture":"#8"},"up":{"uv":[5.875,1.25,6.0,1.0],"tintindex":0,"rotation":0,"texture":"#8"},"down":{"uv":[2.9375,5.875,3.0625,6.125],"tintindex":0,"rotation":0,"texture":"#8"}}},{"from":[2.293126,7.082324,5.825094],"to":[7.283126,10.072324,6.815094],"faces":{"east":{"uv":[8.0625,5.8125,8.125,6.0],"tintindex":0,"rotation":0,"texture":"#8"},"south":{"uv":[0.3125,4.1875,0.625,4.375],"tintindex":0,"rotation":0,"texture":"#8"},"north":{"uv":[3.125,4.125,3.4375,4.3125],"tintindex":0,"rotation":0,"texture":"#8"},"west":{"uv":[5.875,8.0625,5.9375,8.25],"tintindex":0,"rotation":0,"texture":"#8"},"up":{"uv":[7.0625,1.9375,6.75,1.875],"tintindex":0,"rotation":0,"texture":"#8"},"down":{"uv":[2.6875,6.75,2.375,6.8125],"tintindex":0,"rotation":0,"texture":"#8"}},"rotation":{"origin":[5.788126,9.327324,5.820094],"angle":22.5,"axis":"x"}},{"from":[4.3194175,5.069307,10.300557],"to":[6.3274174,6.077307,11.308557],"faces":{"east":{"uv":[8.9375,9.0625,9.0,9.125],"tintindex":0,"rotation":0,"texture":"#8"},"south":{"uv":[8.375,2.75,8.5,2.8125],"tintindex":0,"rotation":0,"texture":"#8"},"north":{"uv":[8.375,2.625,8.5,2.6875],"tintindex":0,"rotation":0,"texture":"#8"},"west":{"uv":[9.0625,9.0625,9.125,9.125],"tintindex":0,"rotation":0,"texture":"#8"},"up":{"uv":[2.9375,8.4375,2.8125,8.375],"tintindex":0,"rotation":0,"texture":"#8"},"down":{"uv":[8.5,2.875,8.375,2.9375],"tintindex":0,"rotation":0,"texture":"#8"}},"rotation":{"origin":[6.323417,5.573307,10.804557],"angle":22.5,"axis":"z"}},{"from":[5.6339803,4.6946225,10.308557],"to":[6.62598,6.686622,11.300557],"faces":{"east":{"uv":[8.375,3.0,8.4375,3.125],"tintindex":0,"rotation":0,"texture":"#8"},"south":{"uv":[3.125,8.375,3.1875,8.5],"tintindex":0,"rotation":0,"texture":"#8"},"north":{"uv":[3.0,8.375,3.0625,8.5],"tintindex":0,"rotation":0,"texture":"#8"},"west":{"uv":[3.25,8.375,3.3125,8.5],"tintindex":0,"rotation":0,"texture":"#8"},"up":{"uv":[0.0625,9.1875,0.0,9.125],"tintindex":0,"rotation":0,"texture":"#8"},"down":{"uv":[9.1875,0.125,9.125,0.1875],"tintindex":0,"rotation":0,"texture":"#8"}},"rotation":{"origin":[7.62998,5.1906223,10.804557],"angle":-22.5,"axis":"z"}},{"from":[5.5471926,4.950001,6.0],"to":[7.1471925,6.8500004,10.0],"faces":{"east":{"uv":[6.125,0.0,5.875,0.125],"tintindex":0,"rotation":0,"texture":"#8"},"south":{"uv":[5.6875,7.5625,5.5625,7.6875],"tintindex":0,"rotation":0,"texture":"#8"},"north":{"uv":[7.6875,5.0625,7.5625,5.18125],"tintindex":0,"rotation":0,"texture":"#8"},"west":{"uv":[6.0625,1.75,5.8125,1.875],"tintindex":0,"rotation":0,"texture":"#8"},"up":{"uv":[5.4375,6.0625,5.5625,5.8125],"tintindex":0,"rotation":0,"texture":"#8"},"down":{"uv":[5.875,0.1875,6.0,0.4375],"tintindex":0,"rotation":0,"texture":"#8"}}},{"from":[1.75,6.6499996,7.0],"to":[2.75,8.65,9.0],"faces":{"east":{"uv":[7.5625,2.75,7.6875,2.875],"tintindex":0,"rotation":0,"texture":"#8"},"south":{"uv":[8.875,4.6875,8.9375,4.8125],"tintindex":0,"rotation":0,"texture":"#8"},"north":{"uv":[4.6875,8.875,4.75,9.0],"tintindex":0,"rotation":0,"texture":"#8"},"west":{"uv":[7.5625,2.9375,7.6875,3.0625],"tintindex":0,"rotation":0,"texture":"#8"},"up":{"uv":[4.875,9.0,4.8125,8.875],"tintindex":0,"rotation":0,"texture":"#8"},"down":{"uv":[8.9375,4.875,8.875,5.0],"tintindex":0,"rotation":0,"texture":"#8"}},"rotation":{"origin":[2.25,7.6499996,8.0],"angle":45.0,"axis":"x"}},{"from":[6.288126,9.670233,5.6071067],"to":[7.288126,10.670233,10.607107],"faces":{"east":{"uv":[6.6875,6.125,7.0,6.1875],"tintindex":0,"rotation":0,"texture":"#8"},"south":{"uv":[9.125,1.25,9.1875,1.3125],"tintindex":0,"rotation":0,"texture":"#8"},"north":{"uv":[9.125,1.125,9.1875,1.1875],"tintindex":0,"rotation":0,"texture":"#8"},"west":{"uv":[6.75,0.5625,7.0625,0.625],"tintindex":0,"rotation":0,"texture":"#8"},"up":{"uv":[0.5625,7.0,0.5,6.6875],"tintindex":0,"rotation":0,"texture":"#8"},"down":{"uv":[2.8125,6.6875,2.75,7.0],"tintindex":0,"rotation":0,"texture":"#8"}}},{"from":[6.282126,6.9611254,10.306557],"to":[7.2781262,9.957126,11.302557],"faces":{"east":{"uv":[8.0,0.9375,8.0625,1.125],"tintindex":0,"rotation":0,"texture":"#8"},"south":{"uv":[1.0625,8.0,1.125,8.1875],"tintindex":0,"rotation":0,"texture":"#8"},"north":{"uv":[0.75,8.0,0.8125,8.1875],"tintindex":0,"rotation":0,"texture":"#8"},"west":{"uv":[1.5625,8.0,1.625,8.1875],"tintindex":0,"rotation":0,"texture":"#8"},"up":{"uv":[8.75,9.125,8.6875,9.0625],"tintindex":0,"rotation":0,"texture":"#8"},"down":{"uv":[9.125,8.75,9.0625,8.8125],"tintindex":0,"rotation":0,"texture":"#8"}}},{"from":[3.8423924,2.0189996,9.394],"to":[4.651993,6.0309997,10.405999],"faces":{"east":{"uv":[2.9375,7.6875,2.875,7.9375],"tintindex":0,"rotation":0,"texture":"#8"},"south":{"uv":[2.1875,7.6875,2.125,7.9375],"tintindex":0,"rotation":0,"texture":"#8"},"north":{"uv":[2.6875,7.5625,2.625,7.8125],"tintindex":0,"rotation":0,"texture":"#8"},"west":{"uv":[3.8125,7.625,3.75,7.875],"tintindex":0,"rotation":0,"texture":"#8"},"up":{"uv":[9.375,5.375,9.4375,5.3125],"tintindex":0,"rotation":0,"texture":"#8"},"down":{"uv":[9.375,5.4375,9.4375,5.5],"tintindex":0,"rotation":0,"texture":"#8"}},"rotation":{"origin":[4.2471924,6.0249996,9.5],"angle":-22.5,"axis":"y"}},{"from":[5.5471926,3.0125008,6.0],"to":[7.1471925,4.8125,10.0],"faces":{"east":{"uv":[6.0,2.25,5.75,2.375],"tintindex":0,"rotation":0,"texture":"#8"},"south":{"uv":[4.0,7.5625,3.875,7.6875],"tintindex":0,"rotation":0,"texture":"#8"},"north":{"uv":[7.6875,3.125,7.5625,3.2375],"tintindex":0,"rotation":0,"texture":"#8"},"west":{"uv":[1.4375,5.75,1.1875,5.875],"tintindex":0,"rotation":0,"texture":"#8"},"up":{"uv":[0.5625,6.0,0.6875,5.75],"tintindex":0,"rotation":0,"texture":"#8"},"down":{"uv":[2.5625,5.75,2.6875,6.0],"tintindex":0,"rotation":0,"texture":"#8"}}},{"from":[2.288126,5.2485943,10.255157],"to":[6.288126,7.2485943,11.255157],"faces":{"east":{"uv":[8.625,4.125,8.6875,4.25],"tintindex":0,"rotation":0,"texture":"#8"},"south":{"uv":[4.75,4.0625,5.0,4.1875],"tintindex":0,"rotation":0,"texture":"#8"},"north":{"uv":[4.75,3.875,5.0625,4.0],"tintindex":0,"rotation":0,"texture":"#8"},"west":{"uv":[4.1875,8.625,4.25,8.75],"tintindex":0,"rotation":0,"texture":"#8"},"up":{"uv":[4.5625,6.8125,4.25,6.75],"tintindex":0,"rotation":0,"texture":"#8"},"down":{"uv":[7.0625,5.0,6.75,5.0625],"tintindex":0,"rotation":0,"texture":"#8"}}},{"from":[3.7871923,3.0125008,6.0],"to":[5.3871927,4.8125,10.0],"faces":{"east":{"uv":[6.0,4.25,5.75,4.375],"tintindex":0,"rotation":0,"texture":"#8"},"south":{"uv":[7.6875,4.5,7.5625,4.625],"tintindex":0,"rotation":0,"texture":"#8"},"north":{"uv":[7.6875,4.0625,7.5625,4.175],"tintindex":0,"rotation":0,"texture":"#8"},"west":{"uv":[3.6875,5.75,3.4375,5.875],"tintindex":0,"rotation":0,"texture":"#8"},"up":{"uv":[2.75,6.0,2.875,5.75],"tintindex":0,"rotation":0,"texture":"#8"},"down":{"uv":[3.875,5.75,4.0,6.0],"tintindex":0,"rotation":0,"texture":"#8"}}},{"from":[4.6471925,6.924999,6.0],"to":[7.0471926,8.924999,10.0],"faces":{"east":{"uv":[5.6875,4.4375,5.4375,4.5625],"tintindex":0,"rotation":0,"texture":"#8"},"south":{"uv":[6.75,0.6875,6.5625,0.8125],"tintindex":0,"rotation":0,"texture":"#8"},"north":{"uv":[6.1875,6.5,6.0,6.625],"tintindex":0,"rotation":0,"texture":"#8"},"west":{"uv":[5.6875,4.25,5.4375,4.375],"tintindex":0,"rotation":0,"texture":"#8"},"up":{"uv":[4.4375,2.875,4.625,2.625],"tintindex":0,"rotation":0,"texture":"#8"},"down":{"uv":[1.4375,4.5,1.625,4.75],"tintindex":0,"rotation":0,"texture":"#8"}}},{"from":[6.292126,9.467125,10.111107],"to":[7.284126,10.4591255,11.103107],"faces":{"east":{"uv":[9.125,1.75,9.1875,1.8125],"tintindex":0,"rotation":0,"texture":"#8"},"south":{"uv":[9.125,1.875,9.1875,1.9375],"tintindex":0,"rotation":0,"texture":"#8"},"north":{"uv":[9.125,1.625,9.1875,1.6875],"tintindex":0,"rotation":0,"texture":"#8"},"west":{"uv":[9.125,2.25,9.1875,2.3125],"tintindex":0,"rotation":0,"texture":"#8"},"up":{"uv":[9.1875,2.875,9.125,2.8125],"tintindex":0,"rotation":0,"texture":"#8"},"down":{"uv":[9.1875,2.9375,9.125,3.0],"tintindex":0,"rotation":0,"texture":"#8"}},"rotation":{"origin":[6.788126,9.963125,10.607107],"angle":-45.0,"axis":"x"}},{"from":[0.7874998,4.7500005,4.975],"to":[2.9874997,6.9500003,11.175],"faces":{"east":{"uv":[4.4375,3.125,4.8125,3.25],"tintindex":0,"rotation":0,"texture":"#8"},"south":{"uv":[7.3125,0.125,7.4375,0.25],"tintindex":0,"rotation":0,"texture":"#8"},"north":{"uv":[7.25,6.5625,7.375,6.6875],"tintindex":0,"rotation":0,"texture":"#8"},"west":{"uv":[4.5625,3.3125,4.9375,3.4375],"tintindex":0,"rotation":0,"texture":"#8"},"up":{"uv":[4.6875,3.875,4.5625,3.5],"tintindex":0,"rotation":0,"texture":"#8"},"down":{"uv":[4.6875,3.9375,4.5625,4.3125],"tintindex":0,"rotation":0,"texture":"#8"}},"rotation":{"origin":[2.1750002,4.8500004,8.075],"angle":-45.0,"axis":"z"}},{"from":[3.7871923,4.950001,6.0],"to":[5.3871927,6.75,10.0],"faces":{"east":{"uv":[0.25,5.8125,0.0,5.9375],"tintindex":0,"rotation":0,"texture":"#8"},"south":{"uv":[7.6875,4.875,7.5625,5.0],"tintindex":0,"rotation":0,"texture":"#8"},"north":{"uv":[7.6875,4.6875,7.5625,4.8],"tintindex":0,"rotation":0,"texture":"#8"},"west":{"uv":[6.0,4.4375,5.75,4.5625],"tintindex":0,"rotation":0,"texture":"#8"},"up":{"uv":[1.5,6.0625,1.625,5.8125],"tintindex":0,"rotation":0,"texture":"#8"},"down":{"uv":[5.8125,3.4375,5.9375,3.6875],"tintindex":0,"rotation":0,"texture":"#8"}}},{"from":[6.284126,6.959125,4.896],"to":[7.292126,9.967125,5.9040003],"faces":{"east":{"uv":[1.0625,6.0,1.125,6.1875],"tintindex":0,"rotation":0,"texture":"#8"},"south":{"uv":[8.0,0.4375,8.0625,0.625],"tintindex":0,"rotation":0,"texture":"#8"},"north":{"uv":[2.25,5.75,2.3125,5.9375],"tintindex":0,"rotation":0,"texture":"#8"},"west":{"uv":[8.0,0.6875,8.0625,0.875],"tintindex":0,"rotation":0,"texture":"#8"},"up":{"uv":[8.5,9.125,8.4375,9.0625],"tintindex":0,"rotation":0,"texture":"#8"},"down":{"uv":[8.625,9.0625,8.5625,9.125],"tintindex":0,"rotation":0,"texture":"#8"}}},{"from":[3.7871923,2.0125008,6.0],"to":[5.3871927,2.8125,10.0],"faces":{"east":{"uv":[7.8125,5.6875,7.5625,5.75],"tintindex":0,"rotation":0,"texture":"#8"},"south":{"uv":[5.4375,8.875,5.3125,8.9375],"tintindex":0,"rotation":0,"texture":"#8"},"north":{"uv":[9.0,5.1875,8.875,5.2375],"tintindex":0,"rotation":0,"texture":"#8"},"west":{"uv":[7.8125,5.5625,7.5625,5.625],"tintindex":0,"rotation":0,"texture":"#8"},"up":{"uv":[3.125,6.125,3.25,5.875],"tintindex":0,"rotation":0,"texture":"#8"},"down":{"uv":[5.875,3.75,6.0,4.0],"tintindex":0,"rotation":0,"texture":"#8"}}},{"from":[2.5606263,4.8802333,5.967107],"to":[4.840626,9.1602335,10.2471075],"faces":{"east":{"uv":[3.8125,0.0,4.0625,0.25],"tintindex":0,"rotation":0,"texture":"#8"},"south":{"uv":[5.625,3.4375,5.75,3.6875],"tintindex":0,"rotation":0,"texture":"#8"},"north":{"uv":[2.9375,5.5625,3.0625,5.8125],"tintindex":0,"rotation":0,"texture":"#8"},"west":{"uv":[3.8125,0.3125,4.0625,0.5625],"tintindex":0,"rotation":0,"texture":"#8"},"up":{"uv":[4.25,5.875,4.125,5.625],"tintindex":0,"rotation":0,"texture":"#8"},"down":{"uv":[4.875,5.625,4.75,5.875],"tintindex":0,"rotation":0,"texture":"#8"}}},{"from":[4.2497015,6.1770954,6.005],"to":[5.8497014,8.427095,9.995],"faces":{"east":{"uv":[5.4375,5.5,5.1875,5.625],"tintindex":0,"rotation":0,"texture":"#8"},"south":{"uv":[7.25,0.5,7.125,0.625],"tintindex":0,"rotation":0,"texture":"#8"},"north":{"uv":[7.25,0.125,7.125,0.265625],"tintindex":0,"rotation":0,"texture":"#8"},"west":{"uv":[5.75,1.75,5.5,1.875],"tintindex":0,"rotation":0,"texture":"#8"},"up":{"uv":[1.5,5.75,1.625,5.5],"tintindex":0,"rotation":0,"texture":"#8"},"down":{"uv":[5.5,5.5,5.625,5.75],"tintindex":0,"rotation":0,"texture":"#8"}},"rotation":{"origin":[5.4497013,8.427095,8.0],"angle":-22.5,"axis":"z"}},{"from":[5.6379805,4.694624,4.9],"to":[6.6379805,6.694624,5.9],"faces":{"east":{"uv":[8.375,0.9375,8.4375,1.0625],"tintindex":0,"rotation":0,"texture":"#8"},"south":{"uv":[8.375,1.125,8.4375,1.25],"tintindex":0,"rotation":0,"texture":"#8"},"north":{"uv":[8.375,0.75,8.4375,0.875],"tintindex":0,"rotation":0,"texture":"#8"},"west":{"uv":[8.375,1.5,8.4375,1.625],"tintindex":0,"rotation":0,"texture":"#8"},"up":{"uv":[8.0,9.125,7.9375,9.0625],"tintindex":0,"rotation":0,"texture":"#8"},"down":{"uv":[8.125,9.0625,8.0625,9.125],"tintindex":0,"rotation":0,"texture":"#8"}},"rotation":{"origin":[7.6379805,5.194624,5.4],"angle":-22.5,"axis":"z"}},{"from":[2.6829998,4.350001,10.314213],"to":[4.6749997,5.3420005,11.306213],"faces":{"east":{"uv":[3.25,9.125,3.3125,9.1875],"tintindex":0,"rotation":0,"texture":"#8"},"south":{"uv":[8.0,3.4375,8.125,3.5],"tintindex":0,"rotation":0,"texture":"#8"},"north":{"uv":[3.125,8.0,3.3125,8.0625],"tintindex":0,"rotation":0,"texture":"#8"},"west":{"uv":[9.125,3.3125,9.1875,3.375],"tintindex":0,"rotation":0,"texture":"#8"},"up":{"uv":[8.1875,3.8125,8.0,3.75],"tintindex":0,"rotation":0,"texture":"#8"},"down":{"uv":[8.1875,3.875,8.0,3.9375],"tintindex":0,"rotation":0,"texture":"#8"}}}],"display":{"gui":{"rotation":[30,225,0]}}}