{"textures":{"8":"modelengine:entity/fallendefender_dead"},"elements":[{"from":[7.154374,2.7279525,6.1],"to":[8.594374,4.1529527,9.9],"faces":{"east":{"uv":[5.875,5.3125,6.125,5.4375],"tintindex":0,"rotation":0,"texture":"#8"},"south":{"uv":[0.75,7.625,0.875,7.75],"tintindex":0,"rotation":0,"texture":"#8"},"north":{"uv":[7.625,0.3125,7.75,0.4140625],"tintindex":0,"rotation":0,"texture":"#8"},"west":{"uv":[5.9375,0.75,6.1875,0.875],"tintindex":0,"rotation":0,"texture":"#8"},"up":{"uv":[2.1875,6.1875,2.0625,5.9375],"tintindex":0,"rotation":0,"texture":"#8"},"down":{"uv":[3.4375,5.9375,3.3125,6.1875],"tintindex":0,"rotation":0,"texture":"#8"}}},{"from":[5.4143744,4.4279537,6.05],"to":[8.614374,5.4279537,10.05],"faces":{"east":{"uv":[7.625,2.5,7.875,2.5625],"tintindex":0,"rotation":0,"texture":"#8"},"south":{"uv":[7.625,2.625,7.875,2.6875],"tintindex":0,"rotation":0,"texture":"#8"},"north":{"uv":[1.25,7.625,1.5,7.6875],"tintindex":0,"rotation":0,"texture":"#8"},"west":{"uv":[3.4375,7.625,3.6875,7.6875],"tintindex":0,"rotation":0,"texture":"#8"},"up":{"uv":[3.5,4.0625,3.25,3.8125],"tintindex":0,"rotation":0,"texture":"#8"},"down":{"uv":[0.625,3.875,0.375,4.125],"tintindex":0,"rotation":0,"texture":"#8"}}},{"from":[5.3143744,5.602953,6.0],"to":[6.9143744,7.2029533,10.0],"faces":{"east":{"uv":[4.9375,5.875,5.1875,6.0],"tintindex":0,"rotation":0,"texture":"#8"},"south":{"uv":[7.5625,6.875,7.6875,7.0],"tintindex":0,"rotation":0,"texture":"#8"},"north":{"uv":[7.5625,6.6875,7.6875,6.7875],"tintindex":0,"rotation":0,"texture":"#8"},"west":{"uv":[5.875,5.125,6.125,5.25],"tintindex":0,"rotation":0,"texture":"#8"},"up":{"uv":[6.0,5.9375,5.875,5.6875],"tintindex":0,"rotation":0,"texture":"#8"},"down":{"uv":[1.3125,5.9375,1.1875,6.1875],"tintindex":0,"rotation":0,"texture":"#8"}}},{"from":[5.4959745,8.45777,9.074183],"to":[8.532774,9.25377,9.870183],"faces":{"east":{"uv":[9.375,4.9375,9.4375,5.0],"tintindex":0,"rotation":0,"texture":"#8"},"south":{"uv":[7.625,6.5,7.875,6.5625],"tintindex":0,"rotation":0,"texture":"#8"},"north":{"uv":[6.25,7.625,6.5,7.6875],"tintindex":0,"rotation":0,"texture":"#8"},"west":{"uv":[5.0625,9.375,5.125,9.4375],"tintindex":0,"rotation":0,"texture":"#8"},"up":{"uv":[7.875,7.25,7.625,7.1875],"tintindex":0,"rotation":0,"texture":"#8"},"down":{"uv":[7.875,7.5,7.625,7.5625],"tintindex":0,"rotation":0,"texture":"#8"}},"rotation":{"origin":[7.0143743,8.277952,10.167157],"angle":22.5,"axis":"x"}},{"from":[5.4943743,7.377952,9.85],"to":[8.534374,9.177952,10.65],"faces":{"east":{"uv":[7.6875,8.875,7.75,9.0],"tintindex":0,"rotation":0,"texture":"#8"},"south":{"uv":[0.0,6.0,0.25,6.125],"tintindex":0,"rotation":0,"texture":"#8"},"north":{"uv":[5.9375,2.4375,6.1875,2.5625],"tintindex":0,"rotation":0,"texture":"#8"},"west":{"uv":[7.8125,8.875,7.875,9.0],"tintindex":0,"rotation":0,"texture":"#8"},"up":{"uv":[7.875,7.6875,7.625,7.625],"tintindex":0,"rotation":0,"texture":"#8"},"down":{"uv":[7.9375,0.0,7.6875,0.0625],"tintindex":0,"rotation":0,"texture":"#8"}},"rotation":{"origin":[7.0143743,8.277952,10.167157],"angle":-22.5,"axis":"x"}},{"from":[6.2043743,7.7529535,10.1625],"to":[7.604374,9.152953,10.5625],"faces":{"east":{"uv":[7.9375,8.875,8.0,9.0],"tintindex":0,"rotation":0,"texture":"#8"},"south":{"uv":[1.9375,7.6875,2.0625,7.8125],"tintindex":0,"rotation":0,"texture":"#8"},"north":{"uv":[6.5625,7.625,6.6875,7.75],"tintindex":0,"rotation":0,"texture":"#8"},"west":{"uv":[8.0625,8.875,8.125,9.0],"tintindex":0,"rotation":0,"texture":"#8"},"up":{"uv":[9.0,8.1875,8.875,8.125],"tintindex":0,"rotation":0,"texture":"#8"},"down":{"uv":[9.0625,0.125,8.9375,0.1875],"tintindex":0,"rotation":0,"texture":"#8"}},"rotation":{"origin":[7.0143743,9.365454,10.3625],"angle":-22.5,"axis":"x"}},{"from":[7.809574,3.221953,5.819],"to":[8.619174,7.233953,6.831],"faces":{"east":{"uv":[3.5,7.125,3.5625,7.375],"tintindex":0,"rotation":0,"texture":"#8"},"south":{"uv":[3.625,7.125,3.6875,7.375],"tintindex":0,"rotation":0,"texture":"#8"},"north":{"uv":[1.625,7.125,1.6875,7.375],"tintindex":0,"rotation":0,"texture":"#8"},"west":{"uv":[7.125,4.6875,7.1875,4.9375],"tintindex":0,"rotation":0,"texture":"#8"},"up":{"uv":[9.1875,8.5625,9.125,8.5],"tintindex":0,"rotation":0,"texture":"#8"},"down":{"uv":[9.1875,8.625,9.125,8.6875],"tintindex":0,"rotation":0,"texture":"#8"}},"rotation":{"origin":[8.214375,7.227953,6.725],"angle":-22.5,"axis":"y"}},{"from":[7.074374,5.602953,6.0],"to":[8.674375,7.2029533,10.0],"faces":{"east":{"uv":[5.875,2.6875,6.125,2.8125],"tintindex":0,"rotation":0,"texture":"#8"},"south":{"uv":[7.5625,5.8125,7.6875,5.9375],"tintindex":0,"rotation":0,"texture":"#8"},"north":{"uv":[5.75,7.5625,5.875,7.6625],"tintindex":0,"rotation":0,"texture":"#8"},"west":{"uv":[5.875,4.0625,6.125,4.1875],"tintindex":0,"rotation":0,"texture":"#8"},"up":{"uv":[4.4375,6.125,4.3125,5.875],"tintindex":0,"rotation":0,"texture":"#8"},"down":{"uv":[4.625,5.875,4.5,6.125],"tintindex":0,"rotation":0,"texture":"#8"}}},{"from":[7.809574,3.221953,9.394],"to":[8.619174,7.233953,10.405999],"faces":{"east":{"uv":[1.0625,7.125,1.125,7.375],"tintindex":0,"rotation":0,"texture":"#8"},"south":{"uv":[1.1875,7.125,1.25,7.375],"tintindex":0,"rotation":0,"texture":"#8"},"north":{"uv":[7.0,7.0625,7.0625,7.3125],"tintindex":0,"rotation":0,"texture":"#8"},"west":{"uv":[1.5,7.125,1.5625,7.375],"tintindex":0,"rotation":0,"texture":"#8"},"up":{"uv":[9.1875,8.3125,9.125,8.25],"tintindex":0,"rotation":0,"texture":"#8"},"down":{"uv":[9.1875,8.375,9.125,8.4375],"tintindex":0,"rotation":0,"texture":"#8"}},"rotation":{"origin":[8.214375,7.227953,9.5],"angle":22.5,"axis":"y"}},{"from":[5.3943744,2.7279525,6.1],"to":[6.8343744,4.1529527,9.9],"faces":{"east":{"uv":[5.9375,1.3125,6.1875,1.4375],"tintindex":0,"rotation":0,"texture":"#8"},"south":{"uv":[7.625,1.0625,7.75,1.1875],"tintindex":0,"rotation":0,"texture":"#8"},"north":{"uv":[1.0625,7.625,1.1875,7.7265625],"tintindex":0,"rotation":0,"texture":"#8"},"west":{"uv":[5.9375,2.0625,6.1875,2.1875],"tintindex":0,"rotation":0,"texture":"#8"},"up":{"uv":[3.625,6.1875,3.5,5.9375],"tintindex":0,"rotation":0,"texture":"#8"},"down":{"uv":[3.8125,5.9375,3.6875,6.1875],"tintindex":0,"rotation":0,"texture":"#8"}}},{"from":[5.4959745,7.1849794,10.346974],"to":[8.532774,7.980979,11.142974],"faces":{"east":{"uv":[9.375,5.0625,9.4375,5.125],"tintindex":0,"rotation":0,"texture":"#8"},"south":{"uv":[7.6875,0.625,7.9375,0.6875],"tintindex":0,"rotation":0,"texture":"#8"},"north":{"uv":[7.6875,0.5,7.9375,0.5625],"tintindex":0,"rotation":0,"texture":"#8"},"west":{"uv":[5.1875,9.375,5.25,9.4375],"tintindex":0,"rotation":0,"texture":"#8"},"up":{"uv":[7.9375,0.8125,7.6875,0.75],"tintindex":0,"rotation":0,"texture":"#8"},"down":{"uv":[7.9375,0.875,7.6875,0.9375],"tintindex":0,"rotation":0,"texture":"#8"}},"rotation":{"origin":[7.0143743,8.277952,10.167157],"angle":22.5,"axis":"x"}}],"display":{"gui":{"rotation":[30,225,0]}}}