{"textures":{"0":"modelengine:entity/boneshadingdefender","8":"modelengine:entity/fallendefender_dead"},"elements":[{"from":[8.31,3.9225001,6.46],"to":[10.39,5.0025,10.54],"faces":{"east":{"uv":[7.875,7.3125,8.125,7.375],"tintindex":0,"rotation":0,"texture":"#8"},"south":{"uv":[8.9375,8.25,9.0625,8.3125],"tintindex":0,"rotation":0,"texture":"#8"},"north":{"uv":[8.9375,7.75,9.0625,7.8125],"tintindex":0,"rotation":0,"texture":"#8"},"west":{"uv":[7.625,7.875,7.875,7.9375],"tintindex":0,"rotation":0,"texture":"#8"},"up":{"uv":[6.5625,1.8125,6.4375,1.5625],"tintindex":0,"rotation":0,"texture":"#8"},"down":{"uv":[2.5,6.4375,2.375,6.6875],"tintindex":0,"rotation":0,"texture":"#8"}}},{"from":[7.25,7.2625,5.7125],"to":[8.75,8.7625,6.2125],"faces":{"east":{"uv":[8.3125,8.875,8.375,9.0],"tintindex":0,"rotation":0,"texture":"#8"},"south":{"uv":[0.375,7.75,0.5,7.875],"tintindex":0,"rotation":0,"texture":"#8"},"north":{"uv":[0.1875,7.75,0.3125,7.875],"tintindex":0,"rotation":0,"texture":"#8"},"west":{"uv":[8.9375,2.125,9.0,2.25],"tintindex":0,"rotation":0,"texture":"#8"},"up":{"uv":[9.0625,2.375,8.9375,2.3125],"tintindex":0,"rotation":0,"texture":"#8"},"down":{"uv":[2.5,8.9375,2.375,9.0],"tintindex":0,"rotation":0,"texture":"#8"}},"rotation":{"origin":[8.0,8.0125,5.9625],"angle":-45.0,"axis":"z"}},{"from":[6.5,1.0,6.5],"to":[10.25,5.0,10.5],"faces":{"east":{"uv":[3.625,2.0625,3.875,2.3125],"tintindex":0,"rotation":0,"texture":"#8"},"south":{"uv":[3.6875,1.0625,3.9375,1.3125],"tintindex":0,"rotation":0,"texture":"#8"},"north":{"uv":[3.625,0.75,3.875,1.0],"tintindex":0,"rotation":0,"texture":"#8"},"west":{"uv":[3.6875,1.75,3.9375,2.0],"tintindex":0,"rotation":0,"texture":"#8"},"up":{"uv":[3.9375,2.625,3.6875,2.375],"tintindex":0,"rotation":0,"texture":"#8"},"down":{"uv":[2.875,3.6875,2.625,3.9375],"tintindex":0,"rotation":0,"texture":"#8"}}},{"from":[7.0,7.0,6.275],"to":[9.0,9.0,7.275],"faces":{"east":{"uv":[6.9375,8.9375,7.0,9.0625],"tintindex":0,"rotation":0,"texture":"#8"},"south":{"uv":[7.875,4.0625,8.0,4.1875],"tintindex":0,"rotation":0,"texture":"#8"},"north":{"uv":[2.5,7.875,2.625,8.0],"tintindex":0,"rotation":0,"texture":"#8"},"west":{"uv":[7.1875,8.9375,7.25,9.0625],"tintindex":0,"rotation":0,"texture":"#8"},"up":{"uv":[9.0625,7.1875,8.9375,7.125],"tintindex":0,"rotation":0,"texture":"#8"},"down":{"uv":[9.0625,7.375,8.9375,7.4375],"tintindex":0,"rotation":0,"texture":"#8"}},"rotation":{"origin":[8.0,8.0,6.775],"angle":-45.0,"axis":"z"}},{"from":[8.274597,6.157282,6.004],"to":[9.266598,7.1492815,6.996],"faces":{"east":{"uv":[6.4375,9.375,6.5,9.4375],"tintindex":0,"rotation":0,"texture":"#8"},"south":{"uv":[9.375,6.4375,9.4375,6.5],"tintindex":0,"rotation":0,"texture":"#8"},"north":{"uv":[6.3125,9.375,6.375,9.4375],"tintindex":0,"rotation":0,"texture":"#8"},"west":{"uv":[6.5625,9.375,6.625,9.4375],"tintindex":0,"rotation":0,"texture":"#8"},"up":{"uv":[9.4375,6.625,9.375,6.5625],"tintindex":0,"rotation":0,"texture":"#8"},"down":{"uv":[6.75,9.375,6.6875,9.4375],"tintindex":0,"rotation":0,"texture":"#8"}},"rotation":{"origin":[8.770597,6.6532817,6.5],"angle":22.5,"axis":"z"}},{"from":[6.11,6.985,6.7850003],"to":[9.89,9.015,10.315001],"faces":{"east":{"uv":[6.5625,0.875,6.75,1.0],"tintindex":0,"rotation":0,"texture":"#8"},"south":{"uv":[5.5625,0.1875,5.8125,0.3125],"tintindex":0,"rotation":0,"texture":"#8"},"north":{"uv":[5.5625,0.0,5.8125,0.125],"tintindex":0,"rotation":0,"texture":"#8"},"west":{"uv":[1.5625,6.5625,1.75,6.6875],"tintindex":0,"rotation":0,"texture":"#8"},"up":{"uv":[1.9375,4.6875,1.6875,4.5],"tintindex":0,"rotation":0,"texture":"#8"},"down":{"uv":[2.625,4.5,2.375,4.6875],"tintindex":0,"rotation":0,"texture":"#8"}}},{"from":[8.274597,8.8507185,6.004],"to":[9.266598,9.842719,6.996],"faces":{"east":{"uv":[9.375,5.8125,9.4375,5.875],"tintindex":0,"rotation":0,"texture":"#8"},"south":{"uv":[9.375,5.9375,9.4375,6.0],"tintindex":0,"rotation":0,"texture":"#8"},"north":{"uv":[9.375,5.6875,9.4375,5.75],"tintindex":0,"rotation":0,"texture":"#8"},"west":{"uv":[6.0625,9.375,6.125,9.4375],"tintindex":0,"rotation":0,"texture":"#8"},"up":{"uv":[6.25,9.4375,6.1875,9.375],"tintindex":0,"rotation":0,"texture":"#8"},"down":{"uv":[9.4375,6.1875,9.375,6.25],"tintindex":0,"rotation":0,"texture":"#8"}},"rotation":{"origin":[8.770597,9.346719,6.5],"angle":-22.5,"axis":"z"}},{"from":[6.733402,8.8507185,6.004],"to":[7.7254014,9.842719,6.996],"faces":{"east":{"uv":[6.8125,9.375,6.875,9.4375],"tintindex":0,"rotation":0,"texture":"#8"},"south":{"uv":[9.375,6.9375,9.4375,7.0],"tintindex":0,"rotation":0,"texture":"#8"},"north":{"uv":[9.375,6.6875,9.4375,6.75],"tintindex":0,"rotation":0,"texture":"#8"},"west":{"uv":[7.0625,9.375,7.125,9.4375],"tintindex":0,"rotation":0,"texture":"#8"},"up":{"uv":[9.4375,7.125,9.375,7.0625],"tintindex":0,"rotation":0,"texture":"#8"},"down":{"uv":[7.25,9.375,7.1875,9.4375],"tintindex":0,"rotation":0,"texture":"#8"}},"rotation":{"origin":[7.2294016,9.346719,6.5],"angle":22.5,"axis":"z"}},{"from":[6.1749997,4.85,6.325],"to":[10.474999,6.15,10.625],"faces":{"east":{"uv":[7.125,3.5,7.375,3.5625],"tintindex":0,"rotation":0,"texture":"#8"},"south":{"uv":[7.125,3.875,7.375,3.9375],"tintindex":0,"rotation":0,"texture":"#8"},"north":{"uv":[7.125,3.125,7.375,3.1875],"tintindex":0,"rotation":0,"texture":"#8"},"west":{"uv":[7.125,4.0,7.375,4.0625],"tintindex":0,"rotation":0,"texture":"#8"},"up":{"uv":[3.8125,3.6875,3.5625,3.4375],"tintindex":0,"rotation":0,"texture":"#8"},"down":{"uv":[0.9375,3.625,0.6875,3.875],"tintindex":0,"rotation":0,"texture":"#8"}}},{"from":[6.5599995,4.91,6.91],"to":[9.74,8.34,10.09],"faces":{"east":{"uv":[14.5625,0.0,15.5,0.5],"tintindex":0,"rotation":0,"texture":"#0"},"south":{"uv":[14.5625,0.0,15.5,0.5],"tintindex":0,"rotation":0,"texture":"#0"},"north":{"uv":[14.5625,0.0,15.5,0.5],"tintindex":0,"rotation":0,"texture":"#0"},"west":{"uv":[14.5625,0.0,15.5,0.5],"tintindex":0,"rotation":0,"texture":"#0"},"up":{"uv":[14.5625,0.0,15.5,0.5],"tintindex":0,"rotation":0,"texture":"#0"},"down":{"uv":[14.5625,0.0,15.5,0.5],"tintindex":0,"rotation":0,"texture":"#0"}}},{"from":[7.5,6.0,6.0],"to":[8.5,10.0,7.0],"faces":{"east":{"uv":[7.125,5.3125,7.1875,5.5625],"tintindex":0,"rotation":0,"texture":"#8"},"south":{"uv":[5.4375,7.125,5.5,7.375],"tintindex":0,"rotation":0,"texture":"#8"},"north":{"uv":[7.125,5.0,7.1875,5.25],"tintindex":0,"rotation":0,"texture":"#8"},"west":{"uv":[7.125,6.5625,7.1875,6.8125],"tintindex":0,"rotation":0,"texture":"#8"},"up":{"uv":[8.875,9.1875,8.8125,9.125],"tintindex":0,"rotation":0,"texture":"#8"},"down":{"uv":[9.1875,8.875,9.125,8.9375],"tintindex":0,"rotation":0,"texture":"#8"}}},{"from":[8.31,1.9225001,6.46],"to":[10.39,3.0025,10.54],"faces":{"east":{"uv":[6.6875,7.875,6.9375,7.9375],"tintindex":0,"rotation":0,"texture":"#8"},"south":{"uv":[8.9375,7.625,9.0625,7.6875],"tintindex":0,"rotation":0,"texture":"#8"},"north":{"uv":[8.9375,7.5,9.0625,7.5625],"tintindex":0,"rotation":0,"texture":"#8"},"west":{"uv":[7.0,7.875,7.25,7.9375],"tintindex":0,"rotation":0,"texture":"#8"},"up":{"uv":[1.1875,6.6875,1.0625,6.4375],"tintindex":0,"rotation":0,"texture":"#8"},"down":{"uv":[6.5625,1.0625,6.4375,1.3125],"tintindex":0,"rotation":0,"texture":"#8"}}},{"from":[6.733402,6.157282,6.004],"to":[7.7254014,7.1492815,6.996],"faces":{"east":{"uv":[9.4375,0.25,9.5,0.3125],"tintindex":0,"rotation":0,"texture":"#8"},"south":{"uv":[0.375,9.4375,0.4375,9.5],"tintindex":0,"rotation":0,"texture":"#8"},"north":{"uv":[0.25,9.4375,0.3125,9.5],"tintindex":0,"rotation":0,"texture":"#8"},"west":{"uv":[9.4375,0.375,9.5,0.4375],"tintindex":0,"rotation":0,"texture":"#8"},"up":{"uv":[0.5625,9.5,0.5,9.4375],"tintindex":0,"rotation":0,"texture":"#8"},"down":{"uv":[9.5,0.5,9.4375,0.5625],"tintindex":0,"rotation":0,"texture":"#8"}},"rotation":{"origin":[7.2294016,6.6532817,6.5],"angle":-22.5,"axis":"z"}},{"from":[6.175,0.0,6.5],"to":[10.275,1.0,10.525],"faces":{"east":{"uv":[7.125,4.375,7.375,4.4375],"tintindex":0,"rotation":0,"texture":"#8"},"south":{"uv":[7.125,7.0625,7.375,7.125],"tintindex":0,"rotation":0,"texture":"#8"},"north":{"uv":[7.125,4.25,7.375,4.3125],"tintindex":0,"rotation":0,"texture":"#8"},"west":{"uv":[7.1875,0.0,7.4375,0.0625],"tintindex":0,"rotation":0,"texture":"#8"},"up":{"uv":[3.1875,4.0,2.9375,3.75],"tintindex":0,"rotation":0,"texture":"#8"},"down":{"uv":[3.8125,3.75,3.5625,4.0],"tintindex":0,"rotation":0,"texture":"#8"}}}],"display":{"gui":{"rotation":[30,225,0]}}}