{"textures":{"0":"modelengine:entity/boneshadingdefender","8":"modelengine:entity/fallendefender"},"elements":[{"from":[5.0,7.75,4.25],"to":[11.0,8.75,5.25],"faces":{"east":{"uv":[2.0,9.0625,2.0625,9.125],"tintindex":0,"rotation":0,"texture":"#8"},"south":{"uv":[6.25,3.8125,6.625,3.875],"tintindex":0,"rotation":0,"texture":"#8"},"north":{"uv":[5.6875,3.0,6.0625,3.0625],"tintindex":0,"rotation":0,"texture":"#8"},"west":{"uv":[2.125,9.0625,2.1875,9.125],"tintindex":0,"rotation":0,"texture":"#8"},"up":{"uv":[6.6875,0.625,6.3125,0.5625],"tintindex":0,"rotation":0,"texture":"#8"},"down":{"uv":[6.6875,3.5,6.3125,3.5625],"tintindex":0,"rotation":0,"texture":"#8"}}},{"from":[7.497,6.747,3.247],"to":[8.503,10.753,4.253],"faces":{"east":{"uv":[0.375,7.0,0.4375,7.25],"tintindex":0,"rotation":0,"texture":"#8"},"south":{"uv":[0.625,7.0,0.6875,7.25],"tintindex":0,"rotation":0,"texture":"#8"},"north":{"uv":[6.9375,6.25,7.0,6.5],"tintindex":0,"rotation":0,"texture":"#8"},"west":{"uv":[2.125,7.0,2.1875,7.25],"tintindex":0,"rotation":0,"texture":"#8"},"up":{"uv":[4.875,9.125,4.8125,9.0625],"tintindex":0,"rotation":0,"texture":"#8"},"down":{"uv":[9.125,5.1875,9.0625,5.25],"tintindex":0,"rotation":0,"texture":"#8"}}},{"from":[6.005,14.755,3.5175],"to":[6.995,18.745,4.5074997],"faces":{"east":{"uv":[6.375,7.0,6.4375,7.25],"tintindex":0,"rotation":0,"texture":"#8"},"south":{"uv":[6.5,7.0,6.5625,7.25],"tintindex":0,"rotation":0,"texture":"#8"},"north":{"uv":[6.25,7.0,6.3125,7.25],"tintindex":0,"rotation":0,"texture":"#8"},"west":{"uv":[7.0,6.5625,7.0625,6.8125],"tintindex":0,"rotation":0,"texture":"#8"},"up":{"uv":[9.125,6.125,9.0625,6.0625],"tintindex":0,"rotation":0,"texture":"#8"},"down":{"uv":[9.125,6.375,9.0625,6.4375],"tintindex":0,"rotation":0,"texture":"#8"}},"rotation":{"origin":[6.5,16.75,4.0125],"angle":22.5,"axis":"y"}},{"from":[4.247318,9.309763,3.6664999],"to":[6.2393174,10.301764,4.6585],"faces":{"east":{"uv":[9.1875,1.5,9.25,1.5625],"tintindex":0,"rotation":0,"texture":"#8"},"south":{"uv":[8.5,0.0,8.625,0.0625],"tintindex":0,"rotation":0,"texture":"#8"},"north":{"uv":[8.4375,8.4375,8.5625,8.5],"tintindex":0,"rotation":0,"texture":"#8"},"west":{"uv":[1.5625,9.1875,1.625,9.25],"tintindex":0,"rotation":0,"texture":"#8"},"up":{"uv":[8.625,0.4375,8.5,0.375],"tintindex":0,"rotation":0,"texture":"#8"},"down":{"uv":[8.625,0.5,8.5,0.5625],"tintindex":0,"rotation":0,"texture":"#8"}},"rotation":{"origin":[5.9807544,10.189648,4.1625],"angle":-22.5,"axis":"z"}},{"from":[3.6893687,11.499797,3.2135],"to":[4.4502664,13.345252,4.2115],"faces":{"east":{"uv":[6.75,8.5,6.8125,8.625],"tintindex":0,"rotation":0,"texture":"#8"},"south":{"uv":[6.875,8.5,6.9375,8.625],"tintindex":0,"rotation":0,"texture":"#8"},"north":{"uv":[6.625,8.5,6.6726813,8.615466],"tintindex":0,"rotation":0,"texture":"#8"},"west":{"uv":[7.1875,8.5,7.25,8.625],"tintindex":0,"rotation":0,"texture":"#8"},"up":{"uv":[2.875,9.25,2.8125,9.1875],"tintindex":0,"rotation":0,"texture":"#8"},"down":{"uv":[3.0,9.1875,2.9375,9.25],"tintindex":0,"rotation":0,"texture":"#8"}}},{"from":[8.9605,10.248,3.2105],"to":[11.964499,12.252,4.2145],"faces":{"east":{"uv":[7.4375,8.5,7.5,8.625],"tintindex":0,"rotation":0,"texture":"#8"},"south":{"uv":[6.25,6.5625,6.4375,6.6875],"tintindex":0,"rotation":0,"texture":"#8"},"north":{"uv":[6.5625,4.3125,6.75,4.4375],"tintindex":0,"rotation":0,"texture":"#8"},"west":{"uv":[8.5,7.5,8.5625,7.625],"tintindex":0,"rotation":0,"texture":"#8"},"up":{"uv":[8.25,1.9375,8.0625,1.875],"tintindex":0,"rotation":0,"texture":"#8"},"down":{"uv":[8.25,2.0,8.0625,2.0625],"tintindex":0,"rotation":0,"texture":"#8"}},"rotation":{"origin":[9.0,11.75,3.7125],"angle":22.5,"axis":"z"}},{"from":[5.004552,13.810206,12.255],"to":[6.9945517,16.800207,13.245],"faces":{"east":{"uv":[5.0,8.0625,5.0625,8.25],"tintindex":0,"rotation":0,"texture":"#8"},"south":{"uv":[4.625,6.5625,4.75,6.75],"tintindex":0,"rotation":0,"texture":"#8"},"north":{"uv":[4.0625,6.5625,4.1875,6.75],"tintindex":0,"rotation":0,"texture":"#8"},"west":{"uv":[5.125,8.0625,5.1875,8.25],"tintindex":0,"rotation":0,"texture":"#8"},"up":{"uv":[8.6875,2.5625,8.5625,2.5],"tintindex":0,"rotation":0,"texture":"#8"},"down":{"uv":[2.6875,8.5625,2.5625,8.625],"tintindex":0,"rotation":0,"texture":"#8"}}},{"from":[4.230279,11.703662,12.25],"to":[4.9906454,13.546422,13.245],"faces":{"east":{"uv":[1.125,8.625,1.1875,8.75],"tintindex":0,"rotation":0,"texture":"#8"},"south":{"uv":[8.625,1.3125,8.6875,1.4375],"tintindex":0,"rotation":0,"texture":"#8"},"north":{"uv":[8.625,1.0,8.673148,1.1157974],"tintindex":0,"rotation":0,"texture":"#8"},"west":{"uv":[8.625,1.5,8.6875,1.625],"tintindex":0,"rotation":0,"texture":"#8"},"up":{"uv":[9.25,6.125,9.1875,6.0625],"tintindex":0,"rotation":0,"texture":"#8"},"down":{"uv":[9.25,6.3125,9.1875,6.375],"tintindex":0,"rotation":0,"texture":"#8"}}},{"from":[9.254999,16.529999,5.23],"to":[11.295,17.57,7.27],"faces":{"east":{"uv":[4.0,8.5625,4.125,8.625],"tintindex":0,"rotation":0,"texture":"#8"},"south":{"uv":[4.375,8.5625,4.5,8.625],"tintindex":0,"rotation":0,"texture":"#8"},"north":{"uv":[8.5625,3.8125,8.6875,3.875],"tintindex":0,"rotation":0,"texture":"#8"},"west":{"uv":[4.5625,8.5625,4.6875,8.625],"tintindex":0,"rotation":0,"texture":"#8"},"up":{"uv":[1.875,7.375,1.75,7.25],"tintindex":0,"rotation":0,"texture":"#8"},"down":{"uv":[2.5,7.25,2.375,7.375],"tintindex":0,"rotation":0,"texture":"#8"}},"rotation":{"origin":[10.775,17.25,7.25],"angle":-45.0,"axis":"z"}},{"from":[12.0,16.75,12.25],"to":[4.0,8.75,4.25],"faces":{"east":{"uv":[0.5625,1.6875,1.0625,2.1875],"tintindex":0,"rotation":0,"texture":"#8"},"south":{"uv":[1.125,1.6875,1.625,2.1875],"tintindex":0,"rotation":0,"texture":"#8"},"west":{"uv":[1.6875,1.6875,2.1875,2.1875],"tintindex":0,"rotation":0,"texture":"#8"},"up":{"uv":[0.5,2.4375,0.0,1.9375],"tintindex":0,"rotation":0,"texture":"#8"},"down":{"uv":[2.5625,0.0,2.0625,0.5],"tintindex":0,"rotation":0,"texture":"#8"}}},{"from":[4.0612974,12.813282,12.25],"to":[7.0612974,13.813282,13.25],"faces":{"east":{"uv":[4.25,9.1875,4.3125,9.25],"tintindex":0,"rotation":0,"texture":"#8"},"south":{"uv":[8.0625,4.625,8.25,4.6875],"tintindex":0,"rotation":0,"texture":"#8"},"north":{"uv":[8.0625,4.5,8.25,4.5625],"tintindex":0,"rotation":0,"texture":"#8"},"west":{"uv":[4.375,9.1875,4.4375,9.25],"tintindex":0,"rotation":0,"texture":"#8"},"up":{"uv":[4.9375,8.125,4.75,8.0625],"tintindex":0,"rotation":0,"texture":"#8"},"down":{"uv":[8.25,4.75,8.0625,4.8125],"tintindex":0,"rotation":0,"texture":"#8"}},"rotation":{"origin":[7.023797,11.950783,12.75],"angle":-22.5,"axis":"z"}},{"from":[2.6625,13.737499,5.25],"to":[3.6625,14.737499,6.25],"faces":{"east":{"uv":[9.0625,3.9375,9.125,4.0],"tintindex":0,"rotation":0,"texture":"#8"},"south":{"uv":[4.3125,9.0625,4.375,9.125],"tintindex":0,"rotation":0,"texture":"#8"},"north":{"uv":[3.8125,9.0625,3.875,9.125],"tintindex":0,"rotation":0,"texture":"#8"},"west":{"uv":[4.4375,9.0625,4.5,9.125],"tintindex":0,"rotation":0,"texture":"#8"},"up":{"uv":[4.625,9.125,4.5625,9.0625],"tintindex":0,"rotation":0,"texture":"#8"},"down":{"uv":[4.75,9.0625,4.6875,9.125],"tintindex":0,"rotation":0,"texture":"#8"}}},{"from":[3.4605,11.660499,4.2105002],"to":[4.4645,13.664498,8.214499],"faces":{"east":{"uv":[5.5625,5.125,5.8125,5.25],"tintindex":0,"rotation":0,"texture":"#8"},"south":{"uv":[3.0625,8.5625,3.125,8.6875],"tintindex":0,"rotation":0,"texture":"#8"},"north":{"uv":[2.9375,8.5625,3.0,8.6875],"tintindex":0,"rotation":0,"texture":"#8"},"west":{"uv":[5.5625,5.3125,5.8125,5.4375],"tintindex":0,"rotation":0,"texture":"#8"},"up":{"uv":[0.1875,7.5,0.125,7.25],"tintindex":0,"rotation":0,"texture":"#8"},"down":{"uv":[0.3125,7.25,0.25,7.5],"tintindex":0,"rotation":0,"texture":"#8"}},"rotation":{"origin":[3.4625,11.75,9.25],"angle":-22.5,"axis":"x"}},{"from":[8.426203,8.150782,12.25],"to":[10.426203,10.150782,13.25],"faces":{"east":{"uv":[8.5625,8.0,8.625,8.125],"tintindex":0,"rotation":0,"texture":"#8"},"south":{"uv":[7.25,5.4375,7.375,5.5625],"tintindex":0,"rotation":0,"texture":"#8"},"north":{"uv":[7.25,5.25,7.375,5.375],"tintindex":0,"rotation":0,"texture":"#8"},"west":{"uv":[8.4375,8.5625,8.5,8.6875],"tintindex":0,"rotation":0,"texture":"#8"},"up":{"uv":[8.6875,6.8125,8.5625,6.75],"tintindex":0,"rotation":0,"texture":"#8"},"down":{"uv":[8.6875,7.125,8.5625,7.1875],"tintindex":0,"rotation":0,"texture":"#8"}},"rotation":{"origin":[8.463703,9.650782,12.75],"angle":22.5,"axis":"z"}},{"from":[9.732233,8.196445,3.6625],"to":[11.732233,10.196445,4.6625004],"faces":{"east":{"uv":[2.8125,8.5,2.875,8.625],"tintindex":0,"rotation":0,"texture":"#8"},"south":{"uv":[5.9375,7.1875,6.0625,7.3125],"tintindex":0,"rotation":0,"texture":"#8"},"north":{"uv":[7.1875,5.875,7.3125,6.0],"tintindex":0,"rotation":0,"texture":"#8"},"west":{"uv":[8.5,3.0,8.5625,3.125],"tintindex":0,"rotation":0,"texture":"#8"},"up":{"uv":[8.625,1.75,8.5,1.6875],"tintindex":0,"rotation":0,"texture":"#8"},"down":{"uv":[8.625,3.4375,8.5,3.5],"tintindex":0,"rotation":0,"texture":"#8"}}},{"from":[3.4291725,8.963587,3.6735],"to":[4.4151726,10.949587,4.6595],"faces":{"east":{"uv":[2.0625,8.5,2.0,8.625],"tintindex":0,"rotation":0,"texture":"#8"},"south":{"uv":[1.8125,8.5,1.75,8.625],"tintindex":0,"rotation":0,"texture":"#8"},"north":{"uv":[8.5625,1.5,8.5,1.625],"tintindex":0,"rotation":0,"texture":"#8"},"west":{"uv":[1.6875,8.5,1.625,8.625],"tintindex":0,"rotation":0,"texture":"#8"},"up":{"uv":[2.0625,9.25,2.125,9.1875],"tintindex":0,"rotation":0,"texture":"#8"},"down":{"uv":[9.1875,2.125,9.25,2.1875],"tintindex":0,"rotation":0,"texture":"#8"}}},{"from":[9.005,14.755,3.5175],"to":[9.995,18.745,4.5074997],"faces":{"east":{"uv":[4.75,7.0,4.8125,7.25],"tintindex":0,"rotation":0,"texture":"#8"},"south":{"uv":[4.875,7.0,4.9375,7.25],"tintindex":0,"rotation":0,"texture":"#8"},"north":{"uv":[4.5,7.0,4.5625,7.25],"tintindex":0,"rotation":0,"texture":"#8"},"west":{"uv":[7.0,5.125,7.0625,5.375],"tintindex":0,"rotation":0,"texture":"#8"},"up":{"uv":[5.9375,9.125,5.875,9.0625],"tintindex":0,"rotation":0,"texture":"#8"},"down":{"uv":[6.0625,9.0625,6.0,9.125],"tintindex":0,"rotation":0,"texture":"#8"}},"rotation":{"origin":[9.5,16.75,4.0125],"angle":-22.5,"axis":"y"}},{"from":[11.549734,11.499797,3.2135],"to":[12.310631,13.345252,4.2115],"faces":{"east":{"uv":[7.6875,8.5,7.75,8.625],"tintindex":0,"rotation":0,"texture":"#8"},"south":{"uv":[7.8125,8.5,7.875,8.625],"tintindex":0,"rotation":0,"texture":"#8"},"north":{"uv":[7.5625,8.5,7.6101813,8.615466],"tintindex":0,"rotation":0,"texture":"#8"},"west":{"uv":[7.9375,8.5,8.0,8.625],"tintindex":0,"rotation":0,"texture":"#8"},"up":{"uv":[3.125,9.25,3.0625,9.1875],"tintindex":0,"rotation":0,"texture":"#8"},"down":{"uv":[3.4375,9.1875,3.375,9.25],"tintindex":0,"rotation":0,"texture":"#8"}}},{"from":[5.005,14.755,3.5175],"to":[5.995,17.745,4.5074997],"faces":{"east":{"uv":[1.375,8.0625,1.4375,8.25],"tintindex":0,"rotation":0,"texture":"#8"},"south":{"uv":[2.5,8.0625,2.5625,8.25],"tintindex":0,"rotation":0,"texture":"#8"},"north":{"uv":[0.5,8.0625,0.5625,8.25],"tintindex":0,"rotation":0,"texture":"#8"},"west":{"uv":[2.625,8.0625,2.6875,8.25],"tintindex":0,"rotation":0,"texture":"#8"},"up":{"uv":[9.25,3.5,9.1875,3.4375],"tintindex":0,"rotation":0,"texture":"#8"},"down":{"uv":[3.5625,9.1875,3.5,9.25],"tintindex":0,"rotation":0,"texture":"#8"}},"rotation":{"origin":[6.5,16.75,4.0125],"angle":22.5,"axis":"y"}},{"from":[9.760682,9.309763,3.6664999],"to":[11.752683,10.301764,4.6585],"faces":{"east":{"uv":[2.1875,9.1875,2.25,9.25],"tintindex":0,"rotation":0,"texture":"#8"},"south":{"uv":[8.5,5.1875,8.625,5.25],"tintindex":0,"rotation":0,"texture":"#8"},"north":{"uv":[4.1875,8.5,4.3125,8.5625],"tintindex":0,"rotation":0,"texture":"#8"},"west":{"uv":[2.3125,9.1875,2.375,9.25],"tintindex":0,"rotation":0,"texture":"#8"},"up":{"uv":[5.8125,8.5625,5.6875,8.5],"tintindex":0,"rotation":0,"texture":"#8"},"down":{"uv":[8.625,6.125,8.5,6.1875],"tintindex":0,"rotation":0,"texture":"#8"}},"rotation":{"origin":[10.019245,10.189648,4.1625],"angle":22.5,"axis":"z"}},{"from":[12.3375,13.737499,5.25],"to":[13.3375,14.737499,6.25],"faces":{"east":{"uv":[2.4375,9.1875,2.5,9.25],"tintindex":0,"rotation":0,"texture":"#8"},"south":{"uv":[9.1875,2.5,9.25,2.5625],"tintindex":0,"rotation":0,"texture":"#8"},"north":{"uv":[9.1875,2.375,9.25,2.4375],"tintindex":0,"rotation":0,"texture":"#8"},"west":{"uv":[2.5625,9.1875,2.625,9.25],"tintindex":0,"rotation":0,"texture":"#8"},"up":{"uv":[9.25,2.6875,9.1875,2.625],"tintindex":0,"rotation":0,"texture":"#8"},"down":{"uv":[2.75,9.1875,2.6875,9.25],"tintindex":0,"rotation":0,"texture":"#8"}}},{"from":[8.426203,10.450783,12.25],"to":[11.426203,12.450783,13.25],"faces":{"east":{"uv":[8.5625,2.3125,8.625,2.4375],"tintindex":0,"rotation":0,"texture":"#8"},"south":{"uv":[6.625,1.0625,6.8125,1.1875],"tintindex":0,"rotation":0,"texture":"#8"},"north":{"uv":[6.625,0.375,6.8125,0.5],"tintindex":0,"rotation":0,"texture":"#8"},"west":{"uv":[2.4375,8.5625,2.5,8.6875],"tintindex":0,"rotation":0,"texture":"#8"},"up":{"uv":[4.5625,8.125,4.375,8.0625],"tintindex":0,"rotation":0,"texture":"#8"},"down":{"uv":[8.25,4.375,8.0625,4.4375],"tintindex":0,"rotation":0,"texture":"#8"}},"rotation":{"origin":[8.463703,11.950783,12.75],"angle":22.5,"axis":"z"}},{"from":[6.992,9.742,3.242],"to":[9.008,12.758,4.258],"faces":{"east":{"uv":[6.3125,8.0,6.375,8.1875],"tintindex":0,"rotation":0,"texture":"#8"},"south":{"uv":[3.3125,6.5625,3.4375,6.75],"tintindex":0,"rotation":0,"texture":"#8"},"north":{"uv":[2.0,6.5625,2.125,6.75],"tintindex":0,"rotation":0,"texture":"#8"},"west":{"uv":[6.4375,8.0,6.5,8.1875],"tintindex":0,"rotation":0,"texture":"#8"},"up":{"uv":[8.5625,6.0625,8.4375,6.0],"tintindex":0,"rotation":0,"texture":"#8"},"down":{"uv":[8.5625,6.25,8.4375,6.3125],"tintindex":0,"rotation":0,"texture":"#8"}}},{"from":[6.737108,6.749999,3.4017491],"to":[7.727108,10.739999,4.3917484],"faces":{"east":{"uv":[3.125,7.1875,3.1875,7.4375],"tintindex":0,"rotation":0,"texture":"#8"},"south":{"uv":[3.25,7.1875,3.3125,7.4375],"tintindex":0,"rotation":0,"texture":"#8"},"north":{"uv":[3.0,7.1875,3.0625,7.4375],"tintindex":0,"rotation":0,"texture":"#8"},"west":{"uv":[3.375,7.1875,3.4375,7.4375],"tintindex":0,"rotation":0,"texture":"#8"},"up":{"uv":[9.25,1.4375,9.1875,1.375],"tintindex":0,"rotation":0,"texture":"#8"},"down":{"uv":[1.5,9.1875,1.4375,9.25],"tintindex":0,"rotation":0,"texture":"#8"}},"rotation":{"origin":[7.232108,8.744999,3.896749],"angle":22.5,"axis":"y"}},{"from":[3.254,13.06056,8.795196],"to":[4.246,15.052561,10.787196],"faces":{"east":{"uv":[1.1875,6.9375,1.3125,7.0625],"tintindex":0,"rotation":0,"texture":"#8"},"south":{"uv":[8.3125,8.3125,8.375,8.4375],"tintindex":0,"rotation":0,"texture":"#8"},"north":{"uv":[8.3125,8.125,8.375,8.25],"tintindex":0,"rotation":0,"texture":"#8"},"west":{"uv":[6.9375,3.9375,7.0625,4.0625],"tintindex":0,"rotation":0,"texture":"#8"},"up":{"uv":[8.4375,0.5,8.375,0.375],"tintindex":0,"rotation":0,"texture":"#8"},"down":{"uv":[8.4375,0.5625,8.375,0.6875],"tintindex":0,"rotation":0,"texture":"#8"}},"rotation":{"origin":[3.75,14.0565605,9.791196],"angle":-22.5,"axis":"x"}},{"from":[6.995,14.745,3.5074997],"to":[9.005,17.755,4.5175],"faces":{"east":{"uv":[2.625,0.3125,2.6875,0.5],"tintindex":0,"rotation":0,"texture":"#8"},"south":{"uv":[6.5,3.0,6.625,3.1875],"tintindex":0,"rotation":0,"texture":"#8"},"north":{"uv":[2.9375,6.5,3.0625,6.6875],"tintindex":0,"rotation":0,"texture":"#8"},"west":{"uv":[0.8125,5.4375,0.875,5.625],"tintindex":0,"rotation":0,"texture":"#8"},"up":{"uv":[8.4375,6.1875,8.3125,6.125],"tintindex":0,"rotation":0,"texture":"#8"},"down":{"uv":[8.4375,6.875,8.3125,6.9375],"tintindex":0,"rotation":0,"texture":"#8"}}},{"from":[7.0,12.75,3.25],"to":[9.0,13.75,4.25],"faces":{"east":{"uv":[9.1875,0.0,9.25,0.0625],"tintindex":0,"rotation":0,"texture":"#8"},"south":{"uv":[8.4375,5.625,8.5625,5.6875],"tintindex":0,"rotation":0,"texture":"#8"},"north":{"uv":[8.4375,5.5,8.5625,5.5625],"tintindex":0,"rotation":0,"texture":"#8"},"west":{"uv":[0.125,9.1875,0.1875,9.25],"tintindex":0,"rotation":0,"texture":"#8"},"up":{"uv":[8.5625,5.8125,8.4375,5.75],"tintindex":0,"rotation":0,"texture":"#8"},"down":{"uv":[8.5625,5.875,8.4375,5.9375],"tintindex":0,"rotation":0,"texture":"#8"}}},{"from":[4.705,16.529999,9.23],"to":[6.745,17.57,11.27],"faces":{"east":{"uv":[4.9375,8.5625,5.0625,8.625],"tintindex":0,"rotation":0,"texture":"#8"},"south":{"uv":[8.5625,4.9375,8.6875,5.0],"tintindex":0,"rotation":0,"texture":"#8"},"north":{"uv":[4.75,8.5625,4.875,8.625],"tintindex":0,"rotation":0,"texture":"#8"},"west":{"uv":[8.5625,5.0625,8.6875,5.125],"tintindex":0,"rotation":0,"texture":"#8"},"up":{"uv":[7.375,2.6875,7.25,2.5625],"tintindex":0,"rotation":0,"texture":"#8"},"down":{"uv":[7.375,4.6875,7.25,4.8125],"tintindex":0,"rotation":0,"texture":"#8"}},"rotation":{"origin":[5.225,17.25,9.25],"angle":45.0,"axis":"z"}},{"from":[8.445204,6.749999,3.2680178],"to":[9.435204,10.739999,4.2580175],"faces":{"east":{"uv":[3.75,7.0,3.8125,7.25],"tintindex":0,"rotation":0,"texture":"#8"},"south":{"uv":[4.25,7.0,4.3125,7.25],"tintindex":0,"rotation":0,"texture":"#8"},"north":{"uv":[2.25,7.0,2.3125,7.25],"tintindex":0,"rotation":0,"texture":"#8"},"west":{"uv":[4.375,7.0,4.4375,7.25],"tintindex":0,"rotation":0,"texture":"#8"},"up":{"uv":[5.5,9.125,5.4375,9.0625],"tintindex":0,"rotation":0,"texture":"#8"},"down":{"uv":[5.8125,9.0625,5.75,9.125],"tintindex":0,"rotation":0,"texture":"#8"}},"rotation":{"origin":[8.517892,8.744999,3.396749],"angle":-22.5,"axis":"y"}},{"from":[11.584827,8.963587,3.6735],"to":[12.5708275,10.949587,4.6595],"faces":{"east":{"uv":[1.625,8.5,1.6875,8.625],"tintindex":0,"rotation":0,"texture":"#8"},"south":{"uv":[1.75,8.5,1.8125,8.625],"tintindex":0,"rotation":0,"texture":"#8"},"north":{"uv":[8.5,1.5,8.5625,1.625],"tintindex":0,"rotation":0,"texture":"#8"},"west":{"uv":[2.0,8.5,2.0625,8.625],"tintindex":0,"rotation":0,"texture":"#8"},"up":{"uv":[2.125,9.25,2.0625,9.1875],"tintindex":0,"rotation":0,"texture":"#8"},"down":{"uv":[9.25,2.125,9.1875,2.1875],"tintindex":0,"rotation":0,"texture":"#8"}}},{"from":[8.938703,12.813282,12.25],"to":[11.938703,13.813282,13.25],"faces":{"east":{"uv":[4.5,9.1875,4.5625,9.25],"tintindex":0,"rotation":0,"texture":"#8"},"south":{"uv":[8.0625,5.375,8.25,5.4375],"tintindex":0,"rotation":0,"texture":"#8"},"north":{"uv":[8.0625,4.875,8.25,4.9375],"tintindex":0,"rotation":0,"texture":"#8"},"west":{"uv":[4.625,9.1875,4.6875,9.25],"tintindex":0,"rotation":0,"texture":"#8"},"up":{"uv":[5.6875,8.125,5.5,8.0625],"tintindex":0,"rotation":0,"texture":"#8"},"down":{"uv":[8.25,5.5,8.0625,5.5625],"tintindex":0,"rotation":0,"texture":"#8"}},"rotation":{"origin":[8.976203,11.950783,12.75],"angle":22.5,"axis":"z"}},{"from":[4.0355,10.248,3.2105],"to":[7.0394998,12.252,4.2145],"faces":{"east":{"uv":[8.5,1.3125,8.5625,1.4375],"tintindex":0,"rotation":0,"texture":"#8"},"south":{"uv":[6.5625,3.625,6.75,3.75],"tintindex":0,"rotation":0,"texture":"#8"},"north":{"uv":[3.5,6.5625,3.6875,6.6875],"tintindex":0,"rotation":0,"texture":"#8"},"west":{"uv":[1.5,8.5,1.5625,8.625],"tintindex":0,"rotation":0,"texture":"#8"},"up":{"uv":[6.875,8.0625,6.6875,8.0],"tintindex":0,"rotation":0,"texture":"#8"},"down":{"uv":[7.125,8.0,6.9375,8.0625],"tintindex":0,"rotation":0,"texture":"#8"}},"rotation":{"origin":[7.0,11.75,3.7125],"angle":-22.5,"axis":"z"}},{"from":[6.005,7.755,11.955],"to":[6.995,16.745,12.945],"faces":{"east":{"uv":[3.5,5.125,3.5625,5.6875],"tintindex":0,"rotation":0,"texture":"#8"},"south":{"uv":[3.625,5.125,3.6875,5.6875],"tintindex":0,"rotation":0,"texture":"#8"},"north":{"uv":[1.1875,5.125,1.25,5.6875],"tintindex":0,"rotation":0,"texture":"#8"},"west":{"uv":[3.875,5.125,3.9375,5.6875],"tintindex":0,"rotation":0,"texture":"#8"},"up":{"uv":[5.875,9.25,5.8125,9.1875],"tintindex":0,"rotation":0,"texture":"#8"},"down":{"uv":[6.0,9.1875,5.9375,9.25],"tintindex":0,"rotation":0,"texture":"#8"}},"rotation":{"origin":[6.5,11.25,12.45],"angle":-22.5,"axis":"y"}},{"from":[6.0,16.75,4.25],"to":[10.0,17.75,12.25],"faces":{"east":{"uv":[5.5625,2.875,6.0625,2.9375],"tintindex":0,"rotation":0,"texture":"#8"},"south":{"uv":[5.0,7.1875,5.25,7.25],"tintindex":0,"rotation":0,"texture":"#8"},"north":{"uv":[7.1875,3.625,7.4375,3.6875],"tintindex":0,"rotation":0,"texture":"#8"},"west":{"uv":[5.5625,3.125,6.0625,3.1875],"tintindex":0,"rotation":0,"texture":"#8"},"up":{"uv":[2.9375,2.875,2.6875,2.375],"tintindex":0,"rotation":0,"texture":"#8"},"down":{"uv":[3.0,0.3125,2.75,0.8125],"tintindex":0,"rotation":0,"texture":"#8"}}},{"from":[10.005,14.755,3.5175],"to":[10.995,17.745,4.5074997],"faces":{"east":{"uv":[3.5625,8.0625,3.625,8.25],"tintindex":0,"rotation":0,"texture":"#8"},"south":{"uv":[3.875,8.0625,3.9375,8.25],"tintindex":0,"rotation":0,"texture":"#8"},"north":{"uv":[2.75,8.0625,2.8125,8.25],"tintindex":0,"rotation":0,"texture":"#8"},"west":{"uv":[8.0625,4.0,8.125,4.1875],"tintindex":0,"rotation":0,"texture":"#8"},"up":{"uv":[3.6875,9.25,3.625,9.1875],"tintindex":0,"rotation":0,"texture":"#8"},"down":{"uv":[3.8125,9.1875,3.75,9.25],"tintindex":0,"rotation":0,"texture":"#8"}},"rotation":{"origin":[9.5,16.75,4.0125],"angle":-22.5,"axis":"y"}},{"from":[6.998,7.748,12.248],"to":[9.002,16.752,13.252],"faces":{"east":{"uv":[2.5,5.0,2.5625,5.5625],"tintindex":0,"rotation":0,"texture":"#8"},"south":{"uv":[2.4375,3.375,2.5625,3.9375],"tintindex":0,"rotation":0,"texture":"#8"},"north":{"uv":[0.1875,3.375,0.3125,3.9375],"tintindex":0,"rotation":0,"texture":"#8"},"west":{"uv":[0.0,5.0625,0.0625,5.625],"tintindex":0,"rotation":0,"texture":"#8"},"up":{"uv":[6.3125,4.1875,6.1875,4.125],"tintindex":0,"rotation":0,"texture":"#8"},"down":{"uv":[8.375,7.6875,8.25,7.75],"tintindex":0,"rotation":0,"texture":"#8"}}},{"from":[9.005448,13.810206,12.255],"to":[10.995448,16.800207,13.245],"faces":{"east":{"uv":[5.25,8.0625,5.3125,8.25],"tintindex":0,"rotation":0,"texture":"#8"},"south":{"uv":[1.375,6.625,1.5,6.8125],"tintindex":0,"rotation":0,"texture":"#8"},"north":{"uv":[6.625,1.25,6.75,1.4375],"tintindex":0,"rotation":0,"texture":"#8"},"west":{"uv":[5.75,8.0625,5.8125,8.25],"tintindex":0,"rotation":0,"texture":"#8"},"up":{"uv":[8.6875,7.4375,8.5625,7.375],"tintindex":0,"rotation":0,"texture":"#8"},"down":{"uv":[8.6875,8.1875,8.5625,8.25],"tintindex":0,"rotation":0,"texture":"#8"}}},{"from":[3.0,11.75,7.25],"to":[4.0,14.75,10.25],"faces":{"east":{"uv":[5.0625,2.0625,5.25,2.25],"tintindex":0,"rotation":0,"texture":"#8"},"south":{"uv":[7.6875,8.0,7.75,8.1875],"tintindex":0,"rotation":0,"texture":"#8"},"north":{"uv":[7.5625,8.0,7.625,8.1875],"tintindex":0,"rotation":0,"texture":"#8"},"west":{"uv":[5.125,1.375,5.3125,1.5625],"tintindex":0,"rotation":0,"texture":"#8"},"up":{"uv":[7.875,8.1875,7.8125,8.0],"tintindex":0,"rotation":0,"texture":"#8"},"down":{"uv":[8.0,8.0,7.9375,8.1875],"tintindex":0,"rotation":0,"texture":"#8"}}},{"from":[11.009355,11.703662,12.25],"to":[11.769721,13.546422,13.245],"faces":{"east":{"uv":[1.875,8.625,1.9375,8.75],"tintindex":0,"rotation":0,"texture":"#8"},"south":{"uv":[8.625,2.0,8.6875,2.125],"tintindex":0,"rotation":0,"texture":"#8"},"north":{"uv":[8.625,1.8125,8.673148,1.9282974],"tintindex":0,"rotation":0,"texture":"#8"},"west":{"uv":[2.3125,8.625,2.375,8.75],"tintindex":0,"rotation":0,"texture":"#8"},"up":{"uv":[9.25,6.9375,9.1875,6.875],"tintindex":0,"rotation":0,"texture":"#8"},"down":{"uv":[7.0625,9.1875,7.0,9.25],"tintindex":0,"rotation":0,"texture":"#8"}}},{"from":[12.0,11.75,4.25],"to":[13.0,15.75,7.25],"faces":{"east":{"uv":[1.1875,4.4375,1.375,4.6875],"tintindex":0,"rotation":0,"texture":"#8"},"south":{"uv":[0.25,6.9375,0.3125,7.1875],"tintindex":0,"rotation":0,"texture":"#8"},"north":{"uv":[0.125,6.9375,0.1875,7.1875],"tintindex":0,"rotation":0,"texture":"#8"},"west":{"uv":[4.4375,1.375,4.625,1.625],"tintindex":0,"rotation":0,"texture":"#8"},"up":{"uv":[0.5,2.6875,0.4375,2.5],"tintindex":0,"rotation":0,"texture":"#8"},"down":{"uv":[2.1875,2.5625,2.125,2.75],"tintindex":0,"rotation":0,"texture":"#8"}}},{"from":[8.006,9.756,3.256],"to":[9.994,11.744,4.244],"faces":{"east":{"uv":[7.3125,8.4375,7.375,8.5625],"tintindex":0,"rotation":0,"texture":"#8"},"south":{"uv":[7.1875,3.25,7.3125,3.375],"tintindex":0,"rotation":0,"texture":"#8"},"north":{"uv":[7.1875,2.75,7.3125,2.875],"tintindex":0,"rotation":0,"texture":"#8"},"west":{"uv":[8.4375,7.9375,8.5,8.0625],"tintindex":0,"rotation":0,"texture":"#8"},"up":{"uv":[8.5625,7.0625,8.4375,7.0],"tintindex":0,"rotation":0,"texture":"#8"},"down":{"uv":[8.5625,7.25,8.4375,7.3125],"tintindex":0,"rotation":0,"texture":"#8"}},"rotation":{"origin":[9.0,10.25,3.75],"angle":45.0,"axis":"z"}},{"from":[4.267767,8.196445,3.6625],"to":[6.267767,10.196445,4.6625004],"faces":{"east":{"uv":[8.4375,8.125,8.5,8.25],"tintindex":0,"rotation":0,"texture":"#8"},"south":{"uv":[7.1875,4.5,7.3125,4.625],"tintindex":0,"rotation":0,"texture":"#8"},"north":{"uv":[4.0,7.1875,4.125,7.3125],"tintindex":0,"rotation":0,"texture":"#8"},"west":{"uv":[8.1875,8.4375,8.25,8.5625],"tintindex":0,"rotation":0,"texture":"#8"},"up":{"uv":[8.5625,7.75,8.4375,7.6875],"tintindex":0,"rotation":0,"texture":"#8"},"down":{"uv":[8.5625,8.3125,8.4375,8.375],"tintindex":0,"rotation":0,"texture":"#8"}}},{"from":[10.006,16.556,4.256],"to":[10.994,17.543999,12.244],"faces":{"east":{"uv":[5.375,2.4375,5.875,2.5],"tintindex":0,"rotation":0,"texture":"#8"},"south":{"uv":[7.8125,9.0625,7.875,9.125],"tintindex":0,"rotation":0,"texture":"#8"},"north":{"uv":[7.6875,9.0625,7.75,9.125],"tintindex":0,"rotation":0,"texture":"#8"},"west":{"uv":[5.375,2.5625,5.875,2.625],"tintindex":0,"rotation":0,"texture":"#8"},"up":{"uv":[0.3125,5.6875,0.25,5.1875],"tintindex":0,"rotation":0,"texture":"#8"},"down":{"uv":[2.3125,5.1875,2.25,5.6875],"tintindex":0,"rotation":0,"texture":"#8"}},"rotation":{"origin":[10.5,17.25,8.25],"angle":-22.5,"axis":"z"}},{"from":[4.0,12.75,3.25],"to":[5.0,13.75,4.25],"faces":{"east":{"uv":[3.0,9.0625,3.0625,9.125],"tintindex":0,"rotation":0,"texture":"#8"},"south":{"uv":[3.125,9.0625,3.1875,9.125],"tintindex":0,"rotation":0,"texture":"#8"},"north":{"uv":[2.875,9.0625,2.9375,9.125],"tintindex":0,"rotation":0,"texture":"#8"},"west":{"uv":[3.4375,9.0625,3.5,9.125],"tintindex":0,"rotation":0,"texture":"#8"},"up":{"uv":[3.625,9.125,3.5625,9.0625],"tintindex":0,"rotation":0,"texture":"#8"},"down":{"uv":[3.75,9.0625,3.6875,9.125],"tintindex":0,"rotation":0,"texture":"#8"}}},{"from":[12.0,11.75,7.25],"to":[13.0,14.75,10.25],"faces":{"east":{"uv":[5.125,2.4375,5.3125,2.625],"tintindex":0,"rotation":0,"texture":"#8"},"south":{"uv":[0.125,8.0625,0.1875,8.25],"tintindex":0,"rotation":0,"texture":"#8"},"north":{"uv":[0.0,8.0625,0.0625,8.25],"tintindex":0,"rotation":0,"texture":"#8"},"west":{"uv":[5.125,2.6875,5.3125,2.875],"tintindex":0,"rotation":0,"texture":"#8"},"up":{"uv":[0.3125,8.25,0.25,8.0625],"tintindex":0,"rotation":0,"texture":"#8"},"down":{"uv":[0.4375,8.0625,0.375,8.25],"tintindex":0,"rotation":0,"texture":"#8"}}},{"from":[3.0,11.75,4.25],"to":[4.0,15.75,7.25],"faces":{"east":{"uv":[2.6875,4.5625,2.875,4.8125],"tintindex":0,"rotation":0,"texture":"#8"},"south":{"uv":[6.125,7.1875,6.1875,7.4375],"tintindex":0,"rotation":0,"texture":"#8"},"north":{"uv":[4.625,7.1875,4.6875,7.4375],"tintindex":0,"rotation":0,"texture":"#8"},"west":{"uv":[2.9375,4.5625,3.125,4.8125],"tintindex":0,"rotation":0,"texture":"#8"},"up":{"uv":[7.25,8.1875,7.1875,8.0],"tintindex":0,"rotation":0,"texture":"#8"},"down":{"uv":[7.5,8.0,7.4375,8.1875],"tintindex":0,"rotation":0,"texture":"#8"}}},{"from":[11.0,12.75,3.25],"to":[12.0,13.75,4.25],"faces":{"east":{"uv":[2.5,9.0625,2.5625,9.125],"tintindex":0,"rotation":0,"texture":"#8"},"south":{"uv":[9.0625,2.5625,9.125,2.625],"tintindex":0,"rotation":0,"texture":"#8"},"north":{"uv":[9.0625,2.4375,9.125,2.5],"tintindex":0,"rotation":0,"texture":"#8"},"west":{"uv":[2.625,9.0625,2.6875,9.125],"tintindex":0,"rotation":0,"texture":"#8"},"up":{"uv":[9.125,2.75,9.0625,2.6875],"tintindex":0,"rotation":0,"texture":"#8"},"down":{"uv":[2.8125,9.0625,2.75,9.125],"tintindex":0,"rotation":0,"texture":"#8"}}},{"from":[4.7,8.974998,4.55729],"to":[11.275,10.199999,6.0822897],"faces":{"east":{"uv":[9.0125,7.5125,11.485,7.985],"tintindex":0,"rotation":270,"texture":"#0"},"south":{"uv":[9.0125,7.5125,11.485,7.985],"tintindex":0,"rotation":270,"texture":"#0"},"north":{"uv":[9.0125,7.5125,11.485,7.985],"tintindex":0,"rotation":270,"texture":"#0"},"west":{"uv":[9.0125,7.5125,11.485,7.985],"tintindex":0,"rotation":270,"texture":"#0"},"up":{"uv":[9.0125,7.5125,11.485,7.985],"tintindex":0,"rotation":270,"texture":"#0"},"down":{"uv":[9.0125,7.5125,11.485,7.985],"tintindex":0,"rotation":270,"texture":"#0"}}},{"from":[8.900001,13.2125,3.4499998],"to":[10.7,14.012499,4.25],"faces":{"east":{"uv":[4.0,9.1875,4.0625,9.25],"tintindex":0,"rotation":0,"texture":"#8"},"south":{"uv":[1.3125,8.5625,1.4375,8.625],"tintindex":0,"rotation":0,"texture":"#8"},"north":{"uv":[0.375,8.5625,0.5,8.625],"tintindex":0,"rotation":0,"texture":"#8"},"west":{"uv":[4.125,9.1875,4.1875,9.25],"tintindex":0,"rotation":0,"texture":"#8"},"up":{"uv":[2.25,8.625,2.125,8.5625],"tintindex":0,"rotation":0,"texture":"#8"},"down":{"uv":[8.6875,2.1875,8.5625,2.25],"tintindex":0,"rotation":0,"texture":"#8"}},"rotation":{"origin":[9.0,11.75,3.7125],"angle":22.5,"axis":"z"}},{"from":[11.754,13.06056,8.795196],"to":[12.746,15.052561,10.787196],"faces":{"east":{"uv":[7.1875,6.875,7.3125,7.0],"tintindex":0,"rotation":0,"texture":"#8"},"south":{"uv":[6.25,8.5,6.3125,8.625],"tintindex":0,"rotation":0,"texture":"#8"},"north":{"uv":[5.875,8.5,5.9375,8.625],"tintindex":0,"rotation":0,"texture":"#8"},"west":{"uv":[7.125,7.1875,7.25,7.3125],"tintindex":0,"rotation":0,"texture":"#8"},"up":{"uv":[6.4375,8.625,6.375,8.5],"tintindex":0,"rotation":0,"texture":"#8"},"down":{"uv":[6.5625,8.5,6.5,8.625],"tintindex":0,"rotation":0,"texture":"#8"}},"rotation":{"origin":[12.25,14.0565605,9.791196],"angle":-22.5,"axis":"x"}},{"from":[6.005,7.755,11.955],"to":[6.995,16.745,12.945],"faces":{"east":{"uv":[0.5,5.0625,0.5625,5.625],"tintindex":0,"rotation":0,"texture":"#8"},"south":{"uv":[0.9375,5.0625,1.0,5.625],"tintindex":0,"rotation":0,"texture":"#8"},"north":{"uv":[0.375,5.0625,0.4375,5.625],"tintindex":0,"rotation":0,"texture":"#8"},"west":{"uv":[1.0625,5.0625,1.125,5.625],"tintindex":0,"rotation":0,"texture":"#8"},"up":{"uv":[9.125,6.9375,9.0625,6.875],"tintindex":0,"rotation":0,"texture":"#8"},"down":{"uv":[7.125,9.0625,7.0625,9.125],"tintindex":0,"rotation":0,"texture":"#8"}},"rotation":{"origin":[6.5,11.25,12.45],"angle":-22.5,"axis":"y"}},{"from":[10.090475,9.02098,12.255],"to":[10.845841,10.858739,13.245],"faces":{"east":{"uv":[8.625,0.625,8.6875,0.75],"tintindex":0,"rotation":0,"texture":"#8"},"south":{"uv":[8.625,0.8125,8.6875,0.9375],"tintindex":0,"rotation":0,"texture":"#8"},"north":{"uv":[8.5625,8.5625,8.610335,8.677985],"tintindex":0,"rotation":0,"texture":"#8"},"west":{"uv":[0.875,8.625,0.9375,8.75],"tintindex":0,"rotation":0,"texture":"#8"},"up":{"uv":[5.5,9.25,5.4375,9.1875],"tintindex":0,"rotation":0,"texture":"#8"},"down":{"uv":[5.75,9.1875,5.6875,9.25],"tintindex":0,"rotation":0,"texture":"#8"}}},{"from":[4.0,13.75,3.25],"to":[12.0,14.75,4.25],"faces":{"east":{"uv":[9.0625,2.125,9.125,2.1875],"tintindex":0,"rotation":0,"texture":"#8"},"south":{"uv":[5.375,0.875,5.875,0.9375],"tintindex":0,"rotation":0,"texture":"#8"},"north":{"uv":[5.375,0.75,5.875,0.8125],"tintindex":0,"rotation":0,"texture":"#8"},"west":{"uv":[2.375,9.0625,2.4375,9.125],"tintindex":0,"rotation":0,"texture":"#8"},"up":{"uv":[5.875,1.375,5.375,1.3125],"tintindex":0,"rotation":0,"texture":"#8"},"down":{"uv":[5.875,1.4375,5.375,1.5],"tintindex":0,"rotation":0,"texture":"#8"}}},{"from":[11.535501,11.660499,4.2105002],"to":[12.5395,13.664498,8.214499],"faces":{"east":{"uv":[5.5625,3.875,5.8125,4.0],"tintindex":0,"rotation":0,"texture":"#8"},"south":{"uv":[8.5625,2.8125,8.625,2.9375],"tintindex":0,"rotation":0,"texture":"#8"},"north":{"uv":[8.5625,2.625,8.625,2.75],"tintindex":0,"rotation":0,"texture":"#8"},"west":{"uv":[5.5625,4.0625,5.8125,4.1875],"tintindex":0,"rotation":0,"texture":"#8"},"up":{"uv":[6.9375,7.4375,6.875,7.1875],"tintindex":0,"rotation":0,"texture":"#8"},"down":{"uv":[0.0625,7.25,0.0,7.5],"tintindex":0,"rotation":0,"texture":"#8"}},"rotation":{"origin":[12.5375,11.75,9.25],"angle":-22.5,"axis":"x"}},{"from":[5.05,7.925,5.8],"to":[10.95,8.825,11.7],"faces":{"east":{"uv":[4.3125,2.4375,4.6875,2.5],"tintindex":0,"rotation":0,"texture":"#8"},"south":{"uv":[4.125,4.3125,4.5,4.375],"tintindex":0,"rotation":0,"texture":"#8"},"north":{"uv":[2.375,4.3125,2.75,4.375],"tintindex":0,"rotation":0,"texture":"#8"},"west":{"uv":[2.8125,4.375,3.1875,4.4375],"tintindex":0,"rotation":0,"texture":"#8"},"up":{"uv":[2.625,2.75,2.25,2.375],"tintindex":0,"rotation":0,"texture":"#8"},"down":{"uv":[0.375,2.5,0.0,2.875],"tintindex":0,"rotation":0,"texture":"#8"}}},{"from":[6.006,9.756,3.256],"to":[7.994,11.744,4.244],"faces":{"east":{"uv":[1.0,8.5,1.0625,8.625],"tintindex":0,"rotation":0,"texture":"#8"},"south":{"uv":[5.75,7.1875,5.875,7.3125],"tintindex":0,"rotation":0,"texture":"#8"},"north":{"uv":[5.5625,7.1875,5.6875,7.3125],"tintindex":0,"rotation":0,"texture":"#8"},"west":{"uv":[8.5,1.0,8.5625,1.125],"tintindex":0,"rotation":0,"texture":"#8"},"up":{"uv":[1.25,8.5625,1.125,8.5],"tintindex":0,"rotation":0,"texture":"#8"},"down":{"uv":[8.625,1.1875,8.5,1.25],"tintindex":0,"rotation":0,"texture":"#8"}},"rotation":{"origin":[7.0,10.25,3.75],"angle":-45.0,"axis":"z"}},{"from":[4.0,8.75,4.25],"to":[12.0,16.75,12.25],"faces":{"east":{"uv":[0.9375,0.5625,1.4375,1.0625],"tintindex":0,"rotation":0,"texture":"#8"},"south":{"uv":[0.9375,1.125,1.4375,1.625],"tintindex":0,"rotation":0,"texture":"#8"},"north":{"uv":[0.9375,0.0,1.4375,0.5],"tintindex":0,"rotation":0,"texture":"#8"},"west":{"uv":[0.0,1.375,0.5,1.875],"tintindex":0,"rotation":0,"texture":"#8"},"up":{"uv":[2.0,0.5,1.5,0.0],"tintindex":0,"rotation":0,"texture":"#8"},"down":{"uv":[2.0,0.5625,1.5,1.0625],"tintindex":0,"rotation":0,"texture":"#8"}}},{"from":[4.573797,10.450783,12.25],"to":[7.573797,12.450783,13.25],"faces":{"east":{"uv":[8.0625,8.5,8.125,8.625],"tintindex":0,"rotation":0,"texture":"#8"},"south":{"uv":[6.5625,6.4375,6.75,6.5625],"tintindex":0,"rotation":0,"texture":"#8"},"north":{"uv":[6.5625,6.25,6.75,6.375],"tintindex":0,"rotation":0,"texture":"#8"},"west":{"uv":[8.3125,8.5,8.375,8.625],"tintindex":0,"rotation":0,"texture":"#8"},"up":{"uv":[8.25,2.1875,8.0625,2.125],"tintindex":0,"rotation":0,"texture":"#8"},"down":{"uv":[8.25,4.25,8.0625,4.3125],"tintindex":0,"rotation":0,"texture":"#8"}},"rotation":{"origin":[7.5362973,11.950783,12.75],"angle":-22.5,"axis":"z"}},{"from":[4.705,16.529999,5.23],"to":[6.745,17.57,7.27],"faces":{"east":{"uv":[5.3125,8.5625,5.4375,8.625],"tintindex":0,"rotation":0,"texture":"#8"},"south":{"uv":[5.5,8.5625,5.625,8.625],"tintindex":0,"rotation":0,"texture":"#8"},"north":{"uv":[5.125,8.5625,5.25,8.625],"tintindex":0,"rotation":0,"texture":"#8"},"west":{"uv":[6.0,8.5625,6.125,8.625],"tintindex":0,"rotation":0,"texture":"#8"},"up":{"uv":[7.375,5.0,7.25,4.875],"tintindex":0,"rotation":0,"texture":"#8"},"down":{"uv":[7.375,5.0625,7.25,5.1875],"tintindex":0,"rotation":0,"texture":"#8"}},"rotation":{"origin":[5.225,17.25,7.25],"angle":45.0,"axis":"z"}},{"from":[4.7,9.974998,4.55729],"to":[11.275,16.2,6.0822897],"faces":{"east":{"uv":[9.0125,7.5125,11.485,7.985],"tintindex":0,"rotation":270,"texture":"#0"},"south":{"uv":[9.0125,7.5125,11.485,7.985],"tintindex":0,"rotation":270,"texture":"#0"},"north":{"uv":[9.0125,7.5125,11.485,7.985],"tintindex":0,"rotation":270,"texture":"#0"},"west":{"uv":[9.0125,7.5125,11.485,7.985],"tintindex":0,"rotation":270,"texture":"#0"},"up":{"uv":[9.0125,7.5125,11.485,7.985],"tintindex":0,"rotation":270,"texture":"#0"},"down":{"uv":[9.0125,7.5125,11.485,7.985],"tintindex":0,"rotation":270,"texture":"#0"}}},{"from":[5.006,16.556,4.256],"to":[5.994,17.543999,12.244],"faces":{"east":{"uv":[5.4375,4.625,5.9375,4.6875],"tintindex":0,"rotation":0,"texture":"#8"},"south":{"uv":[9.1875,2.0,9.25,2.0625],"tintindex":0,"rotation":0,"texture":"#8"},"north":{"uv":[1.9375,9.1875,2.0,9.25],"tintindex":0,"rotation":0,"texture":"#8"},"west":{"uv":[5.5,1.9375,6.0,2.0],"tintindex":0,"rotation":0,"texture":"#8"},"up":{"uv":[2.1875,5.875,2.125,5.375],"tintindex":0,"rotation":0,"texture":"#8"},"down":{"uv":[3.8125,5.375,3.75,5.875],"tintindex":0,"rotation":0,"texture":"#8"}},"rotation":{"origin":[5.5,17.25,8.25],"angle":22.5,"axis":"z"}},{"from":[5.573797,8.150782,12.25],"to":[7.573797,10.150782,13.25],"faces":{"east":{"uv":[3.1875,8.5625,3.25,8.6875],"tintindex":0,"rotation":0,"texture":"#8"},"south":{"uv":[0.75,7.25,0.875,7.375],"tintindex":0,"rotation":0,"texture":"#8"},"north":{"uv":[7.25,0.3125,7.375,0.4375],"tintindex":0,"rotation":0,"texture":"#8"},"west":{"uv":[3.3125,8.5625,3.375,8.6875],"tintindex":0,"rotation":0,"texture":"#8"},"up":{"uv":[8.6875,3.25,8.5625,3.1875],"tintindex":0,"rotation":0,"texture":"#8"},"down":{"uv":[3.5625,8.5625,3.4375,8.625],"tintindex":0,"rotation":0,"texture":"#8"}},"rotation":{"origin":[7.5362973,9.650782,12.75],"angle":-22.5,"axis":"z"}},{"from":[6.073644,13.376871,3.4499998],"to":[7.8736444,14.17687,4.25],"faces":{"east":{"uv":[3.875,9.1875,3.9375,9.25],"tintindex":0,"rotation":0,"texture":"#8"},"south":{"uv":[0.0,8.5625,0.125,8.625],"tintindex":0,"rotation":0,"texture":"#8"},"north":{"uv":[8.5,6.875,8.625,6.9375],"tintindex":0,"rotation":0,"texture":"#8"},"west":{"uv":[9.1875,3.9375,9.25,4.0],"tintindex":0,"rotation":0,"texture":"#8"},"up":{"uv":[8.6875,0.1875,8.5625,0.125],"tintindex":0,"rotation":0,"texture":"#8"},"down":{"uv":[0.3125,8.5625,0.1875,8.625],"tintindex":0,"rotation":0,"texture":"#8"}},"rotation":{"origin":[6.9736443,13.776871,3.85],"angle":-22.5,"axis":"z"}},{"from":[9.005,7.755,11.955],"to":[9.995,16.745,12.945],"faces":{"east":{"uv":[3.25,5.0625,3.3125,5.625],"tintindex":0,"rotation":0,"texture":"#8"},"south":{"uv":[3.375,5.0625,3.4375,5.625],"tintindex":0,"rotation":0,"texture":"#8"},"north":{"uv":[3.125,5.0625,3.1875,5.625],"tintindex":0,"rotation":0,"texture":"#8"},"west":{"uv":[5.125,0.0,5.1875,0.5625],"tintindex":0,"rotation":0,"texture":"#8"},"up":{"uv":[7.5,9.125,7.4375,9.0625],"tintindex":0,"rotation":0,"texture":"#8"},"down":{"uv":[7.625,9.0625,7.5625,9.125],"tintindex":0,"rotation":0,"texture":"#8"}},"rotation":{"origin":[9.5,11.25,12.45],"angle":22.5,"axis":"y"}},{"from":[9.254999,16.529999,9.23],"to":[11.295,17.57,11.27],"faces":{"east":{"uv":[3.625,8.5625,3.75,8.625],"tintindex":0,"rotation":0,"texture":"#8"},"south":{"uv":[8.5625,3.6875,8.6875,3.75],"tintindex":0,"rotation":0,"texture":"#8"},"north":{"uv":[8.5625,3.5625,8.6875,3.625],"tintindex":0,"rotation":0,"texture":"#8"},"west":{"uv":[3.8125,8.5625,3.9375,8.625],"tintindex":0,"rotation":0,"texture":"#8"},"up":{"uv":[7.375,1.1875,7.25,1.0625],"tintindex":0,"rotation":0,"texture":"#8"},"down":{"uv":[1.4375,7.25,1.3125,7.375],"tintindex":0,"rotation":0,"texture":"#8"}},"rotation":{"origin":[10.775,17.25,9.25],"angle":-45.0,"axis":"z"}},{"from":[5.1541586,9.02098,12.255],"to":[5.909525,10.858739,13.245],"faces":{"east":{"uv":[8.5625,6.5625,8.625,6.6875],"tintindex":0,"rotation":0,"texture":"#8"},"south":{"uv":[7.0,8.5625,7.0625,8.6875],"tintindex":0,"rotation":0,"texture":"#8"},"north":{"uv":[8.5625,6.375,8.610335,6.4904847],"tintindex":0,"rotation":0,"texture":"#8"},"west":{"uv":[8.5625,7.8125,8.625,7.9375],"tintindex":0,"rotation":0,"texture":"#8"},"up":{"uv":[4.8125,9.25,4.75,9.1875],"tintindex":0,"rotation":0,"texture":"#8"},"down":{"uv":[9.25,5.1875,9.1875,5.25],"tintindex":0,"rotation":0,"texture":"#8"}}}],"display":{"gui":{"rotation":[30,225,0]}}}