{
	"credit": "Made with Blockbench",
	"texture_size": [64, 64],
	"textures": {
		"3": "modelengine:entity/ork_nil"
	},
	"elements": [
		{
			"from": [4, 7, 3],
			"to": [12, 12, 11],
			"rotation": {"angle": 0, "axis": "y", "origin": [8, 0, 7]},
			"faces": {
				"north": {"uv": [7.88125, 2.50625, 8.36875, 2.80625], "texture": "#3"},
				"east": {"uv": [7.88125, 3.31875, 8.36875, 3.61875], "texture": "#3"},
				"south": {"uv": [7.88125, 5.56875, 8.36875, 5.86875], "texture": "#3"},
				"west": {"uv": [7.88125, 5.88125, 8.36875, 6.18125], "texture": "#3"},
				"up": {"uv": [4.49375, 3.93125, 4.00625, 3.44375], "texture": "#3"},
				"down": {"uv": [6.49375, 6.56875, 6.00625, 7.05625], "texture": "#3"}
			}
		},
		{
			"from": [7, 6.69344, 2.5412],
			"to": [9, 8.69344, 3.5412],
			"rotation": {"angle": 22.5, "axis": "x", "origin": [8, 7.69344, 3.5412]},
			"faces": {
				"north": {"uv": [4.50625, 3.81875, 4.61875, 3.93125], "texture": "#3"},
				"east": {"uv": [5.88125, 3.94375, 5.93125, 4.05625], "texture": "#3"},
				"south": {"uv": [7.00625, 0.44375, 7.11875, 0.55625], "texture": "#3"},
				"west": {"uv": [6.44375, 5.81875, 6.49375, 5.93125], "texture": "#3"},
				"up": {"uv": [0.80625, 6.24375, 0.69375, 6.19375], "texture": "#3"},
				"down": {"uv": [6.30625, 1.94375, 6.19375, 1.99375], "texture": "#3"}
			}
		},
		{
			"from": [7, 6.15224, 2.64885],
			"to": [8, 7.15224, 3.64885],
			"rotation": {"angle": 45, "axis": "y", "origin": [7, 6.65224, 3.64885]},
			"faces": {
				"north": {"uv": [7.88125, 3.63125, 7.93125, 3.68125], "texture": "#3"},
				"east": {"uv": [7.94375, 3.63125, 7.99375, 3.68125], "texture": "#3"},
				"south": {"uv": [4.31875, 7.94375, 4.36875, 7.99375], "texture": "#3"},
				"west": {"uv": [4.38125, 7.94375, 4.43125, 7.99375], "texture": "#3"},
				"up": {"uv": [8.05625, 3.68125, 8.00625, 3.63125], "texture": "#3"},
				"down": {"uv": [6.74375, 8.00625, 6.69375, 8.05625], "texture": "#3"}
			}
		},
		{
			"from": [7, 6.15224, 2.23463],
			"to": [9, 7.15224, 3.23463],
			"rotation": {"angle": 0, "axis": "y", "origin": [8, 6.65224, 3.23463]},
			"faces": {
				"north": {"uv": [6.81875, 3.69375, 6.93125, 3.74375], "texture": "#3"},
				"east": {"uv": [2.44375, 7.75625, 2.49375, 7.80625], "texture": "#3"},
				"south": {"uv": [6.88125, 5.75625, 6.99375, 5.80625], "texture": "#3"},
				"west": {"uv": [7.75625, 5.31875, 7.80625, 5.36875], "texture": "#3"},
				"up": {"uv": [7.36875, 3.36875, 7.25625, 3.31875], "texture": "#3"},
				"down": {"uv": [2.86875, 7.31875, 2.75625, 7.36875], "texture": "#3"}
			}
		},
		{
			"from": [5, 6.22417, 3.15432],
			"to": [11, 8.22417, 9.15432],
			"rotation": {"angle": -22.5, "axis": "x", "origin": [8, 7.22417, 6.15432]},
			"faces": {
				"north": {"uv": [3.38125, 4.75625, 3.74375, 4.86875], "texture": "#3"},
				"east": {"uv": [5.50625, 3.94375, 5.86875, 4.05625], "texture": "#3"},
				"south": {"uv": [6.06875, 5.81875, 6.43125, 5.93125], "texture": "#3"},
				"west": {"uv": [7.25625, 1.81875, 7.61875, 1.93125], "texture": "#3"},
				"up": {"uv": [1.49375, 4.74375, 1.13125, 4.38125], "texture": "#3"},
				"down": {"uv": [4.61875, 4.88125, 4.25625, 5.24375], "texture": "#3"}
			}
		},
		{
			"from": [8, 6.15224, 2.64885],
			"to": [9, 7.15224, 3.64885],
			"rotation": {"angle": -45, "axis": "y", "origin": [9, 6.65224, 3.64885]},
			"faces": {
				"north": {"uv": [0.81875, 5.63125, 0.86875, 5.68125], "texture": "#3"},
				"east": {"uv": [7.44375, 5.69375, 7.49375, 5.74375], "texture": "#3"},
				"south": {"uv": [7.63125, 1.81875, 7.68125, 1.86875], "texture": "#3"},
				"west": {"uv": [7.69375, 5.31875, 7.74375, 5.36875], "texture": "#3"},
				"up": {"uv": [2.36875, 7.80625, 2.31875, 7.75625], "texture": "#3"},
				"down": {"uv": [2.43125, 7.75625, 2.38125, 7.80625], "texture": "#3"}
			}
		},
		{
			"from": [6.58508, 11.41351, 3],
			"to": [6.58508, 16.41351, 11],
			"rotation": {"angle": 45, "axis": "z", "origin": [6.58508, 13.41351, 7]},
			"faces": {
				"north": {"uv": [0.00625, 0.00625, 0.00625, 0.30625], "texture": "#3"},
				"east": {"uv": [7.94375, 4.06875, 8.43125, 4.36875], "texture": "#3"},
				"south": {"uv": [0.00625, 0.00625, 0.00625, 0.30625], "texture": "#3"},
				"west": {"uv": [7.94375, 4.38125, 8.43125, 4.68125], "texture": "#3"},
				"up": {"uv": [0.00625, 0.49375, 0.00625, 0.00625], "texture": "#3"},
				"down": {"uv": [0.00625, 0.00625, 0.00625, 0.49375], "texture": "#3"}
			}
		},
		{
			"from": [6, 3.90224, 5.26537],
			"to": [10, 4.90224, 5.26537],
			"rotation": {"angle": -22.5, "axis": "x", "origin": [7, 4.90224, 4.26537]},
			"faces": {
				"north": {"uv": [7.19375, 5.69375, 7.43125, 5.74375], "texture": "#3"},
				"east": {"uv": [0.00625, 0.00625, 0.00625, 0.05625], "texture": "#3"},
				"south": {"uv": [2.50625, 7.31875, 2.74375, 7.36875], "texture": "#3"},
				"west": {"uv": [0.00625, 0.00625, 0.00625, 0.05625], "texture": "#3"},
				"up": {"uv": [0.24375, 0.00625, 0.00625, 0.00625], "texture": "#3"},
				"down": {"uv": [0.24375, 0.00625, 0.00625, 0.00625], "texture": "#3"}
			}
		},
		{
			"from": [9.999, 5.05029, 5.03701],
			"to": [9.999, 6.05029, 8.03701],
			"rotation": {"angle": -22.5, "axis": "x", "origin": [9.999, 6.05029, 7.03701]},
			"faces": {
				"north": {"uv": [0.00625, 0.00625, 0.00625, 0.05625], "texture": "#3"},
				"east": {"uv": [1.94375, 6.19375, 2.11875, 6.24375], "texture": "#3"},
				"south": {"uv": [0.00625, 0.00625, 0.00625, 0.05625], "texture": "#3"},
				"west": {"uv": [0.50625, 6.88125, 0.68125, 6.93125], "texture": "#3"},
				"up": {"uv": [0.00625, 0.18125, 0.00625, 0.00625], "texture": "#3"},
				"down": {"uv": [0.00625, 0.00625, 0.00625, 0.18125], "texture": "#3"}
			}
		},
		{
			"from": [5.999, 5.30029, 4.53701],
			"to": [5.999, 6.30029, 7.53701],
			"rotation": {"angle": -22.5, "axis": "x", "origin": [9.999, 6.30029, 6.53701]},
			"faces": {
				"north": {"uv": [0.00625, 0.00625, 0.00625, 0.05625], "texture": "#3"},
				"east": {"uv": [2.94375, 7.69375, 3.11875, 7.74375], "texture": "#3"},
				"south": {"uv": [0.00625, 0.00625, 0.00625, 0.05625], "texture": "#3"},
				"west": {"uv": [2.13125, 7.75625, 2.30625, 7.80625], "texture": "#3"},
				"up": {"uv": [0.00625, 0.18125, 0.00625, 0.00625], "texture": "#3"},
				"down": {"uv": [0.00625, 0.00625, 0.00625, 0.18125], "texture": "#3"}
			}
		},
		{
			"from": [5.8195, 13.26159, 6],
			"to": [5.8195, 17.26159, 11],
			"rotation": {"angle": 22.5, "axis": "z", "origin": [5.8195, 15.26159, 7]},
			"faces": {
				"north": {"uv": [0.00625, 0.00625, 0.00625, 0.24375], "texture": "#3"},
				"east": {"uv": [8.75625, 8.38125, 9.05625, 8.61875], "texture": "#3"},
				"south": {"uv": [0.00625, 0.00625, 0.00625, 0.24375], "texture": "#3"},
				"west": {"uv": [8.75625, 8.63125, 9.05625, 8.86875], "texture": "#3"},
				"up": {"uv": [0.00625, 0.30625, 0.00625, 0.00625], "texture": "#3"},
				"down": {"uv": [0.00625, 0.00625, 0.00625, 0.30625], "texture": "#3"}
			}
		},
		{
			"from": [3.38791, 7, 7.07716],
			"to": [4.38791, 10, 10.07716],
			"rotation": {"angle": -22.5, "axis": "y", "origin": [3.88791, 8.5, 8.57716]},
			"faces": {
				"north": {"uv": [4.06875, 7.13125, 4.11875, 7.30625], "texture": "#3"},
				"east": {"uv": [5.75625, 0.31875, 5.93125, 0.49375], "texture": "#3"},
				"south": {"uv": [0.69375, 7.81875, 0.74375, 7.99375], "texture": "#3"},
				"west": {"uv": [1.94375, 6.00625, 2.11875, 6.18125], "texture": "#3"},
				"up": {"uv": [6.74375, 7.99375, 6.69375, 7.81875], "texture": "#3"},
				"down": {"uv": [4.49375, 7.94375, 4.44375, 8.11875], "texture": "#3"}
			}
		},
		{
			"from": [11.61209, 7, 7.07716],
			"to": [12.61209, 10, 10.07716],
			"rotation": {"angle": 22.5, "axis": "y", "origin": [12.11209, 8.5, 8.57716]},
			"faces": {
				"north": {"uv": [0.69375, 8.00625, 0.74375, 8.18125], "texture": "#3"},
				"east": {"uv": [4.31875, 7.75625, 4.49375, 7.93125], "texture": "#3"},
				"south": {"uv": [2.75625, 8.06875, 2.80625, 8.24375], "texture": "#3"},
				"west": {"uv": [8.94375, 2.88125, 9.11875, 3.05625], "texture": "#3"},
				"up": {"uv": [6.99375, 8.24375, 6.94375, 8.06875], "texture": "#3"},
				"down": {"uv": [5.24375, 8.19375, 5.19375, 8.36875], "texture": "#3"}
			}
		},
		{
			"from": [5, 6.1, 6],
			"to": [11, 7.1, 11],
			"rotation": {"angle": 0, "axis": "y", "origin": [7, 6.1, 5]},
			"faces": {
				"north": {"uv": [4.25625, 5.25625, 4.61875, 5.30625], "texture": "#3"},
				"east": {"uv": [6.50625, 3.69375, 6.80625, 3.74375], "texture": "#3"},
				"south": {"uv": [3.63125, 6.50625, 3.99375, 6.55625], "texture": "#3"},
				"west": {"uv": [6.56875, 5.75625, 6.86875, 5.80625], "texture": "#3"},
				"up": {"uv": [8.74375, 3.49375, 8.38125, 3.19375], "texture": "#3"},
				"down": {"uv": [8.74375, 5.44375, 8.38125, 5.74375], "texture": "#3"}
			}
		},
		{
			"from": [8, 8.88478, 2.57926],
			"to": [12, 10.88478, 3.57926],
			"rotation": {"angle": 22.5, "axis": "x", "origin": [10, 9.88478, 3.07926]},
			"faces": {
				"north": {"uv": [4.00625, 5.81875, 4.24375, 5.93125], "texture": "#3"},
				"east": {"uv": [6.25625, 7.69375, 6.30625, 7.80625], "texture": "#3"},
				"south": {"uv": [7.94375, 4.69375, 8.18125, 4.80625], "texture": "#3"},
				"west": {"uv": [7.81875, 5.56875, 7.86875, 5.68125], "texture": "#3"},
				"up": {"uv": [5.11875, 0.93125, 4.88125, 0.88125], "texture": "#3"},
				"down": {"uv": [5.99375, 3.13125, 5.75625, 3.18125], "texture": "#3"}
			}
		},
		{
			"from": [4, 8.88478, 2.57926],
			"to": [8, 10.88478, 3.57926],
			"rotation": {"angle": 22.5, "axis": "x", "origin": [6, 9.88478, 3.07926]},
			"faces": {
				"north": {"uv": [8.00625, 6.44375, 8.24375, 6.55625], "texture": "#3"},
				"east": {"uv": [8.19375, 4.69375, 8.24375, 4.80625], "texture": "#3"},
				"south": {"uv": [8.06875, 3.94375, 8.30625, 4.05625], "texture": "#3"},
				"west": {"uv": [6.63125, 8.19375, 6.68125, 8.30625], "texture": "#3"},
				"up": {"uv": [6.18125, 0.86875, 5.94375, 0.81875], "texture": "#3"},
				"down": {"uv": [3.36875, 5.94375, 3.13125, 5.99375], "texture": "#3"}
			}
		},
		{
			"from": [4, 2.5172, 2.76937],
			"to": [12, 6.5172, 11.76937],
			"rotation": {"angle": -22.5, "axis": "x", "origin": [8, 5.95649, 11.0495]},
			"faces": {
				"north": {"uv": [8.31875, 7.69375, 8.80625, 7.93125], "texture": "#3"},
				"east": {"uv": [8.13125, 0.31875, 8.68125, 0.55625], "texture": "#3"},
				"south": {"uv": [7.94375, 8.31875, 8.43125, 8.55625], "texture": "#3"},
				"west": {"uv": [8.13125, 0.56875, 8.68125, 0.80625], "texture": "#3"},
				"up": {"uv": [6.93125, 4.30625, 6.44375, 3.75625], "texture": "#3"},
				"down": {"uv": [6.99375, 0.00625, 6.50625, 0.55625], "texture": "#3"}
			}
		},
		{
			"from": [6, 6.5172, 3.76937],
			"to": [10, 7.5172, 3.76937],
			"rotation": {"angle": -22.5, "axis": "x", "origin": [8, 5.95649, 11.0495]},
			"faces": {
				"north": {"uv": [0.25625, 6.88125, 0.49375, 6.93125], "texture": "#3"},
				"east": {"uv": [0.00625, 0.00625, 0.00625, 0.05625], "texture": "#3"},
				"south": {"uv": [7.00625, 3.31875, 7.24375, 3.36875], "texture": "#3"},
				"west": {"uv": [0.00625, 0.00625, 0.00625, 0.05625], "texture": "#3"},
				"up": {"uv": [0.24375, 0.00625, 0.00625, 0.00625], "texture": "#3"},
				"down": {"uv": [0.24375, 0.00625, 0.00625, 0.00625], "texture": "#3"}
			}
		},
		{
			"from": [9.9256, 5.43137, 1.94163],
			"to": [11.9256, 10.43137, 3.94163],
			"rotation": {"angle": -22.5, "axis": "x", "origin": [8, 5.95649, 11.0495]},
			"faces": {
				"north": {"uv": [5.88125, 8.06875, 5.99375, 8.36875], "texture": "#3"},
				"east": {"uv": [8.88125, 7.88125, 8.99375, 8.18125], "texture": "#3"},
				"south": {"uv": [8.06875, 8.94375, 8.18125, 9.24375], "texture": "#3"},
				"west": {"uv": [8.19375, 8.94375, 8.30625, 9.24375], "texture": "#3"},
				"up": {"uv": [7.99375, 2.93125, 7.88125, 2.81875], "texture": "#3"},
				"down": {"uv": [8.36875, 5.44375, 8.25625, 5.55625], "texture": "#3"}
			}
		},
		{
			"from": [4.0744, 5.43137, 1.94163],
			"to": [6.0744, 10.43137, 3.94163],
			"rotation": {"angle": -22.5, "axis": "x", "origin": [8, 5.95649, 11.0495]},
			"faces": {
				"north": {"uv": [9.00625, 6.44375, 9.11875, 6.74375], "texture": "#3"},
				"east": {"uv": [9.00625, 6.75625, 9.11875, 7.05625], "texture": "#3"},
				"south": {"uv": [6.94375, 9.00625, 7.05625, 9.30625], "texture": "#3"},
				"west": {"uv": [7.06875, 9.00625, 7.18125, 9.30625], "texture": "#3"},
				"up": {"uv": [9.36875, 6.61875, 9.25625, 6.50625], "texture": "#3"},
				"down": {"uv": [9.36875, 6.63125, 9.25625, 6.74375], "texture": "#3"}
			}
		}
	],
	"gui_light": "front",
	"display": {
		"thirdperson_righthand": {
			"rotation": [58, 27, 0],
			"translation": [0, 2.75, 1.5],
			"scale": [0.8, 0.8, 0.8]
		},
		"thirdperson_lefthand": {
			"rotation": [58, 27, 0],
			"translation": [0, 2.75, 1.5],
			"scale": [0.8, 0.8, 0.8]
		},
		"firstperson_righthand": {
			"rotation": [11, 130, 0],
			"translation": [2.75, 2.75, -0.75],
			"scale": [0.8, 0.8, 0.8]
		},
		"firstperson_lefthand": {
			"rotation": [11, 130, 0],
			"translation": [2.75, 2.75, -0.75],
			"scale": [0.8, 0.8, 0.8]
		},
		"ground": {
			"rotation": [26, 0, 82],
			"translation": [0, 2, 0],
			"scale": [0.8, 0.8, 0.8]
		},
		"gui": {
			"rotation": [27, -157, 62],
			"translation": [-0.25, 1, 0],
			"scale": [0.9, 0.9, 0.9]
		},
		"head": {
			"scale": [0, 0, 0]
		},
		"fixed": {
			"translation": [0, 2.25, -4],
			"scale": [2, 2, 2]
		}
	},
	"groups": [
		{
			"name": "h_head",
			"origin": [8, 6, 9],
			"color": 0,
			"children": [
				0,
				1,
				2,
				3,
				4,
				5,
				6,
				7,
				8,
				9,
				10,
				11,
				12,
				13,
				{
					"name": "h_right_brow",
					"origin": [9, 8.86522, 2.92074],
					"color": 0,
					"children": [14]
				},
				{
					"name": "h_left_brow",
					"origin": [7, 8.86522, 2.92074],
					"color": 0,
					"children": [15]
				},
				{
					"name": "h_jaw",
					"origin": [8, 7, 11],
					"color": 0,
					"children": [
						{
							"name": "h_jaw_tooth_right",
							"origin": [11, 6, 2],
							"color": 0,
							"children": []
						},
						{
							"name": "h_jaw_tooth_left",
							"origin": [5, 6, 2],
							"color": 0,
							"children": []
						}
					]
				}
			]
		},
		16,
		17,
		18,
		19
	]
}