{"textures":{"0":"modelengine:entity/zombie_brute_texture"},"elements":[{"from":[4.854926,-0.663044,5.67824],"to":[11.254926,10.856956,13.35824],"faces":{"east":{"uv":[1.0625,8.75,1.4375,9.3125],"tintindex":0,"rotation":0,"texture":"#0"},"south":{"uv":[6.5,0.0,6.8125,0.5625],"tintindex":0,"rotation":0,"texture":"#0"},"north":{"uv":[6.5,0.0,6.8125,0.5625],"tintindex":0,"rotation":0,"texture":"#0"},"west":{"uv":[1.0625,8.75,1.4375,9.3125],"tintindex":0,"rotation":0,"texture":"#0"},"up":{"uv":[6.3125,1.8125,6.0,1.4375],"tintindex":0,"rotation":0,"texture":"#0"},"down":{"uv":[6.3125,1.8125,6.0,1.4375],"tintindex":0,"rotation":0,"texture":"#0"}},"rotation":{"origin":[10.614926,5.0969553,12.078239],"angle":-22.5,"axis":"x"}}],"display":{"gui":{"rotation":[30,225,0]}}}