{"textures":{"0":"modelengine:entity/modelfoundry_mutant_zombie_strong"},"elements":[{"from":[4.0,-5.5,3.0],"to":[14.0,11.5,13.0],"faces":{"east":{"uv":[1.4,10.3,2.4,12.0],"tintindex":0,"rotation":0,"texture":"#0"},"south":{"uv":[9.1,10.3,10.1,12.0],"tintindex":0,"rotation":0,"texture":"#0"},"north":{"uv":[3.1000001,10.1,4.1,11.8],"tintindex":0,"rotation":0,"texture":"#0"},"west":{"uv":[10.1,10.3,11.1,12.0],"tintindex":0,"rotation":0,"texture":"#0"},"up":{"uv":[14.2,5.4,13.2,4.4],"tintindex":0,"rotation":0,"texture":"#0"},"down":{"uv":[14.2,5.4,13.2,6.4],"tintindex":0,"rotation":0,"texture":"#0"}}}],"display":{"gui":{"rotation":[30,225,0]}}}