{
    "parent": "item/scifi/weapons/sniper/static",
    "gui_light": "front",
    "display": {
      "thirdperson_righthand": {
			"translation": [-0.75, 0, -5],
			"scale": [0.8, 0.8, 0.8]
		},
		"thirdperson_lefthand": {
			"rotation": [2, 0, 0],
			"translation": [-0.75, 0, -5],
			"scale": [0.8, 0.8, 0.8]
		},
      "firstperson_righthand": {
        "translation": [-8.975, 3.5, 7.75],
		"scale": [1, 1, 0.33]
      },
      "firstperson_lefthand": {
        "translation": [-8.975, 3.5, 7.75],
		"scale": [1, 1, 0.33]
      },
      "ground": {
			"scale": [0.55, 0.55, 0.55]
		},
		"gui": {
			"rotation": [90, -47.5, 90],
			"translation": [-1, -1, 0],
			"scale": [0.53, 0.53, 0.53]
		},
		"fixed": {
			"rotation": [0, 90, 0]
		}
    }
  }