{"textures":{"0":"modelengine:entity/nightharrow_wendigo_ghost_texture"},"elements":[{"from":[6.0,-2.4928894,3.6018105],"to":[10.0,8.507111,7.6018105],"faces":{"east":{"uv":[5.0,6.9375,5.25,7.625],"tintindex":0,"rotation":0,"texture":"#0"},"south":{"uv":[1.8125,6.9375,2.0625,7.625],"tintindex":0,"rotation":0,"texture":"#0"},"north":{"uv":[1.8125,6.9375,2.0625,7.625],"tintindex":0,"rotation":0,"texture":"#0"},"west":{"uv":[5.0,6.9375,5.25,7.625],"tintindex":0,"rotation":0,"texture":"#0"},"up":{"uv":[2.375,6.75,2.125,6.5],"tintindex":0,"rotation":0,"texture":"#0"},"down":{"uv":[2.375,6.75,2.125,6.5],"tintindex":0,"rotation":0,"texture":"#0"}},"rotation":{"origin":[8.0,2.00711,6.6018105],"angle":22.5,"axis":"x"}}],"display":{"gui":{"rotation":[30,225,0]}}}