{"textures":{"0":"modelengine:entity/nightharrow_wendigo_ghost_texture"},"elements":[{"from":[5.0,5.5,0.44343376],"to":[11.0,8.5,9.443434],"faces":{"east":{"uv":[8.3125,0.0,7.75,0.1875],"tintindex":0,"rotation":0,"texture":"#0"},"south":{"uv":[8.3125,7.3125,7.9375,7.5],"tintindex":0,"rotation":0,"texture":"#0"},"north":{"uv":[8.3125,5.0625,7.9375,5.25],"tintindex":0,"rotation":0,"texture":"#0"},"west":{"uv":[8.25,7.0625,7.6875,7.25],"tintindex":0,"rotation":0,"texture":"#0"},"up":{"uv":[6.4375,3.375,6.8125,2.8125],"tintindex":0,"rotation":0,"texture":"#0"},"down":{"uv":[6.4375,5.75,6.8125,6.3125],"tintindex":0,"rotation":0,"texture":"#0"}}},{"from":[11.75,5.5,-7.556566],"to":[11.75,10.5,2.4434338],"faces":{"east":{"uv":[7.125,4.3125,6.5,4.625],"tintindex":0,"rotation":0,"texture":"#0"},"west":{"uv":[6.5,4.3125,7.125,4.625],"tintindex":0,"rotation":0,"texture":"#0"}},"rotation":{"origin":[11.0,7.5,-1.5565662],"angle":-22.5,"axis":"y"}},{"from":[4.25,5.5,-7.556566],"to":[4.25,10.5,2.4434338],"faces":{"east":{"uv":[7.125,4.3125,6.5,4.625],"tintindex":0,"rotation":0,"texture":"#0"},"west":{"uv":[6.5,4.3125,7.125,4.625],"tintindex":0,"rotation":0,"texture":"#0"}},"rotation":{"origin":[5.0,7.5,-1.5565662],"angle":22.5,"axis":"y"}},{"from":[8.0,5.5,-7.556566],"to":[8.0,10.5,2.4434338],"faces":{"east":{"uv":[7.125,4.3125,6.5,4.625],"tintindex":0,"rotation":0,"texture":"#0"},"west":{"uv":[6.5,4.3125,7.125,4.625],"tintindex":0,"rotation":0,"texture":"#0"}}}],"display":{"gui":{"rotation":[30,225,0]}}}