{
	"credit": "Made with Blockbench",
	"texture_size": [32, 32],
	"textures": {
		"0": "littleroom_airsoft:556_ammo",
		"particle": "littleroom_airsoft:556_ammo"
	},
	"elements": [
		{
			"from": [5, 6, 2],
			"to": [11, 8, 12],
			"faces": {
				"north": {"uv": [0, 6, 3, 7], "texture": "#0"},
				"east": {"uv": [0, 5, 5, 6], "texture": "#0"},
				"south": {"uv": [6, 0, 9, 1], "texture": "#0"},
				"west": {"uv": [5, 5, 10, 6], "texture": "#0"},
				"up": {"uv": [3, 5, 0, 0], "texture": "#0"},
				"down": {"uv": [6, 0, 3, 5], "texture": "#0"}
			}
		}
	],
	"display": {
		"thirdperson_righthand": {
			"rotation": [0, 70, 0],
			"translation": [0, 1, 1.5],
			"scale": [0.5, 0.5, 0.5]
		},
		"thirdperson_lefthand": {
			"rotation": [0, 70, 0],
			"translation": [0, 1, 1.5],
			"scale": [0.5, 0.5, 0.5]
		},
		"firstperson_righthand": {
			"rotation": [12, -71, 0],
			"translation": [0.75, 0, 0]
		},
		"firstperson_lefthand": {
			"rotation": [12, -71, 0],
			"translation": [0.75, 0, 0]
		},
		"ground": {
			"rotation": [24, 0, 0],
			"scale": [0.65, 0.65, 0.65]
		},
		"gui": {
			"rotation": [42, 86, 0],
			"translation": [1.25, 0.5, 0],
			"scale": [1.2, 1.2, 1.2]
		},
		"fixed": {
			"rotation": [-90, 0, 0],
			"translation": [0, 0, -2]
		}
	}
}