{
    "providers": [
	    {
      "type": "bitmap",
      "file": "item/scifi/ui/icons/stats/accuracy.png",
      "ascent": 7,
      "height": 7,
      "chars": [
        "⨀"
      ]
    },
    {
      "type": "bitmap",
      "file": "item/scifi/ui/icons/stats/control.png",
      "ascent": 7,
      "height": 7,
      "chars": [
        "⨃"
      ]
    },
    {
      "type": "bitmap",
      "file": "item/scifi/ui/icons/stats/damage.png",
      "ascent": 7,
      "height": 7,
      "chars": [
        "⨆"
      ]
    },
    {
      "type": "bitmap",
      "file": "item/scifi/ui/icons/stats/firerate.png",
      "ascent": 7,
      "height": 7,
      "chars": [
        "⨉"
      ]
    },
    {
      "type": "bitmap",
      "file": "item/scifi/ui/icons/stats/mobility.png",
      "ascent": 7,
      "height": 7,
      "chars": [
        "⨌"
      ]
    },
    {
      "type": "bitmap",
      "file": "item/scifi/ui/icons/stats/range.png",
      "ascent": 7,
      "height": 7,
      "chars": [
        "⨏"
      ]
    },
    {
      "type": "bitmap",
      "file": "item/scifi/ui/icons/stats/ammo.png",
      "ascent": 7,
      "height": 7,
      "chars": [
        "⨒"
      ]
    },
    {
      "type": "bitmap",
      "file": "item/scifi/ui/icons/stats/class.png",
      "ascent": 7,
      "height": 7,
      "chars": [
        "⨊"
      ]
    },
    {
      "type": "bitmap",
      "file": "item/scifi/ui/icons/ammo/ar.png",
      "ascent": 9,
      "height": 12,
      "chars": [
        "⨕"
      ]
    },
    {
      "type": "bitmap",
      "file": "item/scifi/ui/icons/ammo/pistol.png",
      "ascent": 9,
      "height": 12,
      "chars": [
        "⨁"
      ]
    },
    {
      "type": "bitmap",
      "file": "item/scifi/ui/icons/ammo/shotgun.png",
      "ascent": 9,
      "height": 12,
      "chars": [
        "⨄"
      ]
    },
    {
      "type": "bitmap",
      "file": "item/scifi/ui/icons/ammo/sniper.png",
      "ascent": 9,
      "height": 12,
      "chars": [
        "⨇"
      ]
    }
    ]
}