{"textures":{"11":"modelengine:entity/shieldfield1_loop"},"elements":[{"from":[8.0,-8.0,-8.0],"to":[8.0,24.0,24.0],"faces":{"east":{"uv":[3.0,13.75,0.25,15.75],"tintindex":0,"rotation":270,"texture":"#11"},"south":{"uv":[3.0,13.75,0.25,15.75],"tintindex":0,"rotation":270,"texture":"#11"},"north":{"uv":[3.0,13.75,0.25,15.75],"tintindex":0,"rotation":270,"texture":"#11"},"west":{"uv":[3.0,13.75,0.25,15.75],"tintindex":0,"rotation":270,"texture":"#11"},"up":{"uv":[3.0,13.75,0.25,15.75],"tintindex":0,"rotation":270,"texture":"#11"},"down":{"uv":[3.0,13.75,0.25,15.75],"tintindex":0,"rotation":270,"texture":"#11"}}}],"display":{"gui":{"rotation":[30,225,0]}}}