{
	"credit": "madybybananvovan",
	"texture_size": [32, 32],
	"textures": {
		"0": "item/scifi/weapons/grenadelauncher",
		"particle": "item/scifi/weapons/grenadelauncher"
	},
	"elements": [
		{
			"from": [7.25, 8.5, 6.5],
			"to": [8.75, 11, 12],
			"rotation": {"angle": 0, "axis": "y", "origin": [7, 0, 0]},
			"faces": {
				"east": {"uv": [6.75, 1.5, 4, 2.75], "texture": "#0"},
				"south": {"uv": [9, 0, 9.75, 1.25], "texture": "#0"},
				"west": {"uv": [4, 1.5, 6.75, 2.75], "texture": "#0"},
				"down": {"uv": [6.75, 6.5, 6, 9.25], "texture": "#0"}
			}
		},
		{
			"from": [8, 9.5, 12],
			"to": [8, 10, 16.875],
			"rotation": {"angle": 0, "axis": "y", "origin": [7, 0, 0]},
			"faces": {
				"east": {"uv": [12, 4, 9.5, 4.25], "texture": "#0"},
				"west": {"uv": [9.5, 4, 12, 4.25], "texture": "#0"}
			}
		},
		{
			"from": [7.75, 10, 12],
			"to": [8.25, 11, 16.875],
			"rotation": {"angle": 0, "axis": "y", "origin": [7, 0, 0]},
			"faces": {
				"east": {"uv": [10.5, 2, 8, 2.5], "texture": "#0"},
				"west": {"uv": [8, 2, 10.5, 2.5], "texture": "#0"},
				"up": {"uv": [6.75, 12, 6.5, 9.5], "texture": "#0"},
				"down": {"uv": [7.25, 9.5, 7, 12], "texture": "#0"}
			}
		},
		{
			"from": [7.75, 8.5, 12],
			"to": [8.25, 9.5, 16.875],
			"rotation": {"angle": 0, "axis": "y", "origin": [7, 0, 0]},
			"faces": {
				"east": {"uv": [10.5, 1.5, 8, 2], "texture": "#0"},
				"west": {"uv": [8, 1.5, 10.5, 2], "texture": "#0"},
				"up": {"uv": [8.75, 11.5, 8.5, 9], "texture": "#0"},
				"down": {"uv": [6.25, 9.5, 6, 12], "texture": "#0"}
			}
		},
		{
			"from": [7.25, 6.25, 16.875],
			"to": [8.75, 11.25, 17.875],
			"rotation": {"angle": 0, "axis": "y", "origin": [7, 0.75, -5]},
			"faces": {
				"north": {"uv": [7, 1.5, 7.75, 4], "texture": "#0", "cullface": "south"},
				"east": {"uv": [1.5, 8, 1, 10.5], "texture": "#0", "cullface": "south"},
				"south": {"uv": [7, 4, 7.75, 6.5], "texture": "#0", "cullface": "south"},
				"west": {"uv": [1, 8, 1.5, 10.5], "texture": "#0", "cullface": "south"},
				"up": {"uv": [10.75, 7.5, 10, 7], "texture": "#0", "cullface": "south"},
				"down": {"uv": [10.75, 7.5, 10, 8], "texture": "#0", "cullface": "south"}
			}
		},
		{
			"from": [7.5, 8, 6.5],
			"to": [8.5, 8.5, 12],
			"rotation": {"angle": 0, "axis": "y", "origin": [7, 0, 0]},
			"faces": {
				"east": {"uv": [12.25, 3.5, 9.5, 3.75], "texture": "#0"},
				"south": {"uv": [1, 10.5, 1.5, 10.75], "texture": "#0"},
				"west": {"uv": [9.5, 3.5, 12.25, 3.75], "texture": "#0"},
				"down": {"uv": [6, 7, 5.5, 9.75], "texture": "#0"}
			}
		},
		{
			"from": [7.25, 7, 6.5],
			"to": [8.75, 8, 8.5],
			"rotation": {"angle": 0, "axis": "y", "origin": [7, 0, 0]},
			"faces": {
				"east": {"uv": [4, 4.5, 3, 5], "texture": "#0"},
				"south": {"uv": [10, 1, 10.75, 1.5], "texture": "#0"},
				"west": {"uv": [3, 4.5, 4, 5], "texture": "#0"},
				"up": {"uv": [5.25, 10, 4.5, 9], "texture": "#0"},
				"down": {"uv": [9.75, 7, 9, 8], "texture": "#0"}
			}
		},
		{
			"from": [7.25, 9.5, -3.5],
			"to": [8.75, 11, 3],
			"rotation": {"angle": 0, "axis": "y", "origin": [7, 0, 0]},
			"faces": {
				"north": {"uv": [9.5, 5.5, 10.25, 6.25], "texture": "#0", "cullface": "north"},
				"east": {"uv": [4.25, 6.5, 1, 7.25], "texture": "#0"},
				"west": {"uv": [1, 6.5, 4.25, 7.25], "texture": "#0"}
			}
		},
		{
			"from": [7.25, 7, -3.5],
			"to": [8.75, 8, 3],
			"rotation": {"angle": 0, "axis": "y", "origin": [7, 0, 0]},
			"faces": {
				"north": {"uv": [10, 9.5, 10.75, 10], "texture": "#0", "cullface": "north"},
				"east": {"uv": [3.25, 7.5, 0, 8], "texture": "#0"},
				"west": {"uv": [0, 7.5, 3.25, 8], "texture": "#0"},
				"down": {"uv": [6.75, 3, 6, 6.25], "texture": "#0"}
			}
		},
		{
			"from": [6.5, 4, 3],
			"to": [9.5, 5.5, 6.5],
			"rotation": {"angle": 0, "axis": "y", "origin": [7, -1.5, 7]},
			"faces": {
				"north": {"uv": [8, 2.5, 9.5, 3.25], "texture": "#0"},
				"south": {"uv": [8, 3.5, 9.5, 4.25], "texture": "#0"},
				"down": {"uv": [5.5, 3, 4, 4.75], "texture": "#0"}
			}
		},
		{
			"from": [6.5, 8.5, 3],
			"to": [9.5, 10, 6.5],
			"rotation": {"angle": 0, "axis": "y", "origin": [7, 15.5, 7]},
			"faces": {
				"north": {"uv": [8, 4.5, 9.5, 5.25], "texture": "#0"},
				"south": {"uv": [8, 5.5, 9.5, 6.25], "texture": "#0"},
				"up": {"uv": [6, 6.75, 4.5, 5], "texture": "#0"}
			}
		},
		{
			"from": [5.09099, 8.28033, 3.0025],
			"to": [7.21231, 9.78033, 6.4975],
			"rotation": {"angle": 45, "axis": "z", "origin": [6.59099, 9.03033, 4.75]},
			"faces": {
				"north": {"uv": [1.5, 9.5, 2.5, 10.25], "texture": "#0"},
				"south": {"uv": [2.5, 9.5, 3.5, 10.25], "texture": "#0"},
				"up": {"uv": [5.5, 8.75, 4.5, 7], "texture": "#0"}
			}
		},
		{
			"from": [5.09099, 4.21967, 3.0025],
			"to": [7.21231, 5.71967, 6.4975],
			"rotation": {"angle": -45, "axis": "z", "origin": [6.59099, 4.96967, 4.75]},
			"faces": {
				"north": {"uv": [9.5, 2.5, 10.5, 3.25], "texture": "#0"},
				"south": {"uv": [3.5, 9.5, 4.5, 10.25], "texture": "#0"},
				"down": {"uv": [8, 6.5, 7, 8.25], "texture": "#0"}
			}
		},
		{
			"from": [5, 5.5, 3],
			"to": [11, 8.5, 6.5],
			"rotation": {"angle": 0, "axis": "y", "origin": [7, -1.5, 7]},
			"faces": {
				"north": {"uv": [0, 0, 3, 1.5], "texture": "#0"},
				"east": {"uv": [4.25, 5, 2.5, 6.5], "texture": "#0"},
				"south": {"uv": [0, 1.5, 3, 3], "texture": "#0"},
				"west": {"uv": [2.5, 5, 4.25, 6.5], "texture": "#0"}
			}
		},
		{
			"from": [7.5, 6.5, 10.5],
			"to": [8.5, 8, 12],
			"rotation": {"angle": 0, "axis": "y", "origin": [7, 0, -2]},
			"faces": {
				"north": {"uv": [7.5, 9.5, 8, 10.25], "texture": "#0"},
				"east": {"uv": [10.25, 4.5, 9.5, 5.25], "texture": "#0"},
				"south": {"uv": [4.5, 10, 5, 10.75], "texture": "#0"},
				"west": {"uv": [9.5, 4.5, 10.25, 5.25], "texture": "#0"},
				"down": {"uv": [5.5, 10, 5, 10.75], "texture": "#0"}
			}
		},
		{
			"from": [7.5025, 4.25, 10.81066],
			"to": [8.4975, 7.25, 12.31066],
			"rotation": {"angle": -45, "axis": "x", "origin": [8, 6.5, 11.56066]},
			"faces": {
				"north": {"uv": [8, 9, 8.5, 10.5], "texture": "#0"},
				"east": {"uv": [2.25, 8, 1.5, 9.5], "texture": "#0"},
				"south": {"uv": [9, 8, 9.5, 9.5], "texture": "#0"},
				"west": {"uv": [1.5, 8, 2.25, 9.5], "texture": "#0"},
				"down": {"uv": [6, 10, 5.5, 10.75], "texture": "#0"}
			}
		},
		{
			"from": [7.5, 4.25, 10.31066],
			"to": [8.5, 4.75, 10.81066],
			"rotation": {"angle": -45, "axis": "x", "origin": [8, 6.5, 11.56066]},
			"faces": {
				"north": {"uv": [1.5, 10.5, 2, 10.75], "texture": "#0"},
				"east": {"uv": [2.5, 10.5, 2.75, 10.75], "texture": "#0"},
				"south": {"uv": [10.5, 1.5, 11, 1.75], "texture": "#0"},
				"west": {"uv": [2.5, 10.5, 2.75, 10.75], "texture": "#0"},
				"up": {"uv": [2.5, 10.75, 2, 10.5], "texture": "#0"},
				"down": {"uv": [11, 2, 10.5, 2.25], "texture": "#0"}
			}
		},
		{
			"from": [7, 7.75, -3.5025],
			"to": [9.5, 10.25, 3],
			"rotation": {"angle": -45, "axis": "z", "origin": [8, 9.25, -5.5]},
			"faces": {
				"north": {"uv": [7.5, 0, 8.75, 1.25], "texture": "#0", "cullface": "north"},
				"east": {"uv": [2.25, 6.25, 1, 3], "rotation": 90, "texture": "#0"},
				"west": {"uv": [4, 0, 7.25, 1.25], "texture": "#0"},
				"up": {"uv": [4, 1.25, 7.25, 0], "rotation": 90, "texture": "#0"},
				"down": {"uv": [2.25, 3, 1, 6.25], "texture": "#0"}
			}
		},
		{
			"from": [7.25, 10, 3],
			"to": [8.75, 11, 6.5],
			"rotation": {"angle": 0, "axis": "y", "origin": [7, 0, 0]},
			"faces": {
				"east": {"uv": [4.25, 9, 2.5, 9.5], "texture": "#0"},
				"west": {"uv": [2.5, 9, 4.25, 9.5], "texture": "#0"}
			}
		},
		{
			"from": [7, 11, -1.5],
			"to": [9, 11.375, 7],
			"rotation": {"angle": 0, "axis": "y", "origin": [7, 0, 0]},
			"faces": {
				"east": {"uv": [12.25, 6.5, 8, 6.75], "texture": "#0"},
				"west": {"uv": [8, 6.5, 12.25, 6.75], "texture": "#0"},
				"up": {"uv": [1, 7.25, 0, 3], "texture": "#0"},
				"down": {"uv": [4, 0, 3, 4.25], "texture": "#0"}
			}
		},
		{
			"from": [7, 11, 9],
			"to": [9, 11.375, 12],
			"rotation": {"angle": 0, "axis": "y", "origin": [7, 0, 0]},
			"faces": {
				"east": {"uv": [10.5, 10, 9, 10.25], "texture": "#0"},
				"south": {"uv": [0, 10.5, 1, 10.75], "texture": "#0"},
				"west": {"uv": [9, 10, 10.5, 10.25], "texture": "#0"},
				"up": {"uv": [4.5, 9, 3.5, 7.5], "texture": "#0"},
				"down": {"uv": [1, 8, 0, 9.5], "texture": "#0"}
			}
		},
		{
			"from": [7, 10.8125, -3.5025],
			"to": [9, 11.8125, -1.5],
			"rotation": {"angle": 0, "axis": "y", "origin": [7, 0, -3]},
			"faces": {
				"north": {"uv": [9.5, 8, 10.5, 8.5], "texture": "#0", "cullface": "north"},
				"east": {"uv": [10, 9.5, 9, 10], "texture": "#0", "cullface": "north"},
				"south": {"uv": [9.5, 8.5, 10.5, 9], "texture": "#0", "cullface": "north"},
				"west": {"uv": [9, 9.5, 10, 10], "texture": "#0", "cullface": "north"},
				"up": {"uv": [3.5, 9, 2.5, 8], "texture": "#0", "cullface": "north"},
				"down": {"uv": [9, 7, 8, 8], "texture": "#0", "cullface": "north"}
			}
		},
		{
			"from": [6.5, 10.8125, -2.5],
			"to": [7.5, 14.8125, -2.5],
			"rotation": {"angle": 0, "axis": "y", "origin": [7, 0, -3]},
			"faces": {
				"north": {"uv": [2.5, 3, 3, 5], "texture": "#0", "cullface": "north"},
				"south": {"uv": [5.5, 3, 6, 5], "texture": "#0", "cullface": "north"}
			}
		},
		{
			"from": [8.78769, 4.21967, 3.0025],
			"to": [10.90901, 5.71967, 6.4975],
			"rotation": {"angle": 45, "axis": "z", "origin": [9.40901, 4.96967, 4.75]},
			"faces": {
				"north": {"uv": [10.5, 2.5, 9.5, 3.25], "texture": "#0"},
				"south": {"uv": [4.5, 9.5, 3.5, 10.25], "texture": "#0"},
				"down": {"uv": [7, 6.5, 8, 8.25], "texture": "#0"}
			}
		},
		{
			"from": [8.78769, 8.28033, 3.0025],
			"to": [10.90901, 9.78033, 6.4975],
			"rotation": {"angle": -45, "axis": "z", "origin": [9.40901, 9.03033, 4.75]},
			"faces": {
				"north": {"uv": [2.5, 9.5, 1.5, 10.25], "texture": "#0"},
				"south": {"uv": [3.5, 9.5, 2.5, 10.25], "texture": "#0"},
				"up": {"uv": [4.5, 8.75, 5.5, 7], "texture": "#0"}
			}
		},
		{
			"from": [8.5, 10.8125, -2.5],
			"to": [9.5, 14.8125, -2.5],
			"rotation": {"angle": 0, "axis": "y", "origin": [9, 0, -3]},
			"faces": {
				"north": {"uv": [3, 3, 2.5, 5], "texture": "#0", "cullface": "north"},
				"south": {"uv": [6, 3, 5.5, 5], "texture": "#0", "cullface": "north"}
			}
		},
		{
			"from": [7, 10.8125, 7],
			"to": [9, 11.8125, 9],
			"rotation": {"angle": 0, "axis": "y", "origin": [7, 0, -3]},
			"faces": {
				"north": {"uv": [9.5, 9, 10.5, 9.5], "texture": "#0"},
				"east": {"uv": [11, 0.5, 10, 1], "texture": "#0"},
				"south": {"uv": [10, 0, 11, 0.5], "texture": "#0"},
				"west": {"uv": [10, 0.5, 11, 1], "texture": "#0"},
				"up": {"uv": [9, 9, 8, 8], "texture": "#0"},
				"down": {"uv": [8, 8.5, 7, 9.5], "texture": "#0"}
			}
		}
	],
	"gui_light": "front",
	"display": {
		"thirdperson_righthand": {
			"translation": [-0.75, 0, -3.25],
			"scale": [0.8, 0.8, 0.8]
		},
		"thirdperson_lefthand": {
			"translation": [-0.75, 0, -3.25],
			"scale": [0.8, 0.8, 0.8]
		},
		"firstperson_righthand": {
			"rotation": [0, 0, 10.75],
			"translation": [-4, 2.5, -0.25]
		},
		"firstperson_lefthand": {
			"rotation": [0, 0, 10.75],
			"translation": [-4, 2.5, -0.25]
		},
		"ground": {
			"scale": [0.55, 0.55, 0.55]
		},
		"gui": {
			"rotation": [90, -47.5, 90],
			"translation": [0.25, 0, 0],
			"scale": [0.69, 0.69, 0.69]
		},
		"fixed": {
			"rotation": [0, 90, 0]
		}
	}
}