{
    "parent": "item/handheld_rod",
    "textures": {
      "layer0": "item/carrot_on_a_stick"
    },
    "overrides": [
      {"predicate": {"custom_model_data": 21},"model": "item/scifi/weapons/pistol/static"},
      {"predicate": {"custom_model_data": 22},"model": "item/scifi/weapons/smg/static"},
      {"predicate": {"custom_model_data": 23},"model": "item/scifi/weapons/shotgun/static"},
      {"predicate": {"custom_model_data": 24},"model": "item/scifi/weapons/ar/static"},
      {"predicate": {"custom_model_data": 25},"model": "item/scifi/weapons/sniper/static"},
      {"predicate": {"custom_model_data": 26},"model": "item/scifi/weapons/grenadelauncher/static"},
    
      {"predicate": {"custom_model_data": 1021},"model": "item/scifi/weapons/pistol/ads"},
      {"predicate": {"custom_model_data": 1022},"model": "item/scifi/weapons/smg/ads"},
      {"predicate": {"custom_model_data": 1023},"model": "item/scifi/weapons/shotgun/ads"},
      {"predicate": {"custom_model_data": 1024},"model": "item/scifi/weapons/ar/ads"},
      {"predicate": {"custom_model_data": 1025},"model": "item/scifi/weapons/sniper/ads"},
      {"predicate": {"custom_model_data": 1026},"model": "item/scifi/weapons/grenadelauncher/ads"},
    
      {"predicate": {"custom_model_data": 2021},"model": "item/scifi/weapons/pistol/run"},
      {"predicate": {"custom_model_data": 2022},"model": "item/scifi/weapons/smg/run"},
      {"predicate": {"custom_model_data": 2023},"model": "item/scifi/weapons/shotgun/run"},
      {"predicate": {"custom_model_data": 2024},"model": "item/scifi/weapons/ar/run"},
      {"predicate": {"custom_model_data": 2025},"model": "item/scifi/weapons/sniper/run"},
      {"predicate": {"custom_model_data": 2026},"model": "item/scifi/weapons/grenadelauncher/run"},
    
      {"predicate": {"custom_model_data": 3021},"model": "item/scifi/weapons/pistol/reload"},
      {"predicate": {"custom_model_data": 3022},"model": "item/scifi/weapons/smg/reload"},
      {"predicate": {"custom_model_data": 3023},"model": "item/scifi/weapons/shotgun/reload"},
      {"predicate": {"custom_model_data": 3024},"model": "item/scifi/weapons/ar/reload"},
      {"predicate": {"custom_model_data": 3025},"model": "item/scifi/weapons/sniper/reload"},
      {"predicate": {"custom_model_data": 3026},"model": "item/scifi/weapons/grenadelauncher/reload"}

    ]
  }