{"overrides":[{"predicate":{"custom_model_data":1},"model":"modelengine:modelfoundry_mutant_zombie_speed/left_leg"},{"predicate":{"custom_model_data":2},"model":"modelengine:modelfoundry_mutant_zombie_speed/right_leg"},{"predicate":{"custom_model_data":3},"model":"modelengine:modelfoundry_mutant_zombie_speed/body"},{"predicate":{"custom_model_data":4},"model":"modelengine:modelfoundry_mutant_zombie_speed/bone"},{"predicate":{"custom_model_data":5},"model":"modelengine:modelfoundry_mutant_zombie_speed/left_leg2"},{"predicate":{"custom_model_data":6},"model":"modelengine:modelfoundry_mutant_zombie_speed/right_leg2"},{"predicate":{"custom_model_data":7},"model":"modelengine:modelfoundry_mutant_zombie_speed/waist"},{"predicate":{"custom_model_data":8},"model":"modelengine:modelfoundry_mutant_zombie_speed/chest"},{"predicate":{"custom_model_data":9},"model":"modelengine:modelfoundry_mutant_zombie_speed/head"},{"predicate":{"custom_model_data":10},"model":"modelengine:modelfoundry_mutant_zombie_speed/right_arm"},{"predicate":{"custom_model_data":11},"model":"modelengine:modelfoundry_mutant_zombie_speed/left_arm"},{"predicate":{"custom_model_data":12},"model":"modelengine:modelfoundry_mutant_zombie_speed/mouth"},{"predicate":{"custom_model_data":13},"model":"modelengine:modelfoundry_mutant_zombie_speed/right_arm2"},{"predicate":{"custom_model_data":14},"model":"modelengine:modelfoundry_mutant_zombie_speed/left_arm2"},{"predicate":{"custom_model_data":15},"model":"modelengine:modelfoundry_mutant_zombie_strong/left_leg"},{"predicate":{"custom_model_data":16},"model":"modelengine:modelfoundry_mutant_zombie_strong/right_leg"},{"predicate":{"custom_model_data":17},"model":"modelengine:modelfoundry_mutant_zombie_strong/body"},{"predicate":{"custom_model_data":18},"model":"modelengine:modelfoundry_mutant_zombie_strong/left_leg2"},{"predicate":{"custom_model_data":19},"model":"modelengine:modelfoundry_mutant_zombie_strong/right_leg2"},{"predicate":{"custom_model_data":20},"model":"modelengine:modelfoundry_mutant_zombie_strong/waist"},{"predicate":{"custom_model_data":21},"model":"modelengine:modelfoundry_mutant_zombie_strong/chest"},{"predicate":{"custom_model_data":22},"model":"modelengine:modelfoundry_mutant_zombie_strong/head"},{"predicate":{"custom_model_data":23},"model":"modelengine:modelfoundry_mutant_zombie_strong/right_arm"},{"predicate":{"custom_model_data":24},"model":"modelengine:modelfoundry_mutant_zombie_strong/left_arm"},{"predicate":{"custom_model_data":25},"model":"modelengine:modelfoundry_mutant_zombie_strong/mouth"},{"predicate":{"custom_model_data":26},"model":"modelengine:modelfoundry_mutant_zombie_strong/right_arm2"},{"predicate":{"custom_model_data":27},"model":"modelengine:modelfoundry_mutant_zombie_strong/left_arm2"},{"predicate":{"custom_model_data":28},"model":"modelengine:modelfoundry_mutant_zombie_vfx_dagger/bone"},{"predicate":{"custom_model_data":29},"model":"modelengine:modelfoundry_mutant_zombie_vfx_hammer/octagon"},{"predicate":{"custom_model_data":30},"model":"modelengine:modelfoundry_mutant_zombie_vfx_rush/bone"},{"predicate":{"custom_model_data":31},"model":"modelengine:modelfoundry_mutant_zombie_vfx_rush/bone2"},{"predicate":{"custom_model_data":32},"model":"modelengine:modelfoundry_mutant_zombie_vfx_smash/bone"},{"predicate":{"custom_model_data":33},"model":"modelengine:modelfoundry_mutant_zombie_vfx_smash/bone2"},{"predicate":{"custom_model_data":34},"model":"modelengine:ghoul/left_leg"},{"predicate":{"custom_model_data":35},"model":"modelengine:ghoul/upper_body"},{"predicate":{"custom_model_data":36},"model":"modelengine:ghoul/right_leg"},{"predicate":{"custom_model_data":37},"model":"modelengine:ghoul/left_ankle"},{"predicate":{"custom_model_data":38},"model":"modelengine:ghoul/chest"},{"predicate":{"custom_model_data":39},"model":"modelengine:ghoul/right_ankle"},{"predicate":{"custom_model_data":40},"model":"modelengine:ghoul/left_foot"},{"predicate":{"custom_model_data":41},"model":"modelengine:ghoul/head"},{"predicate":{"custom_model_data":42},"model":"modelengine:ghoul/right_arm"},{"predicate":{"custom_model_data":43},"model":"modelengine:ghoul/left_arm"},{"predicate":{"custom_model_data":44},"model":"modelengine:ghoul/right_foot"},{"predicate":{"custom_model_data":45},"model":"modelengine:ghoul/jaw"},{"predicate":{"custom_model_data":46},"model":"modelengine:ghoul/right_wrist"},{"predicate":{"custom_model_data":47},"model":"modelengine:ghoul/left_wrist"},{"predicate":{"custom_model_data":48},"model":"modelengine:ghoul/right_finger"},{"predicate":{"custom_model_data":49},"model":"modelengine:ghoul/right_thumb"},{"predicate":{"custom_model_data":50},"model":"modelengine:ghoul/left_thumb"},{"predicate":{"custom_model_data":51},"model":"modelengine:ghoul/left_finger"},{"predicate":{"custom_model_data":52},"model":"modelengine:nightharrow_wendigo/upper_body"},{"predicate":{"custom_model_data":53},"model":"modelengine:nightharrow_wendigo/left_thigh"},{"predicate":{"custom_model_data":54},"model":"modelengine:nightharrow_wendigo/right_thigh"},{"predicate":{"custom_model_data":55},"model":"modelengine:nightharrow_wendigo/stomach"},{"predicate":{"custom_model_data":56},"model":"modelengine:nightharrow_wendigo/left_leg"},{"predicate":{"custom_model_data":57},"model":"modelengine:nightharrow_wendigo/right_leg"},{"predicate":{"custom_model_data":58},"model":"modelengine:nightharrow_wendigo/chest"},{"predicate":{"custom_model_data":59},"model":"modelengine:nightharrow_wendigo/left_ankle"},{"predicate":{"custom_model_data":60},"model":"modelengine:nightharrow_wendigo/right_ankle"},{"predicate":{"custom_model_data":61},"model":"modelengine:nightharrow_wendigo/head"},{"predicate":{"custom_model_data":62},"model":"modelengine:nightharrow_wendigo/right_arm"},{"predicate":{"custom_model_data":63},"model":"modelengine:nightharrow_wendigo/left_arm"},{"predicate":{"custom_model_data":64},"model":"modelengine:nightharrow_wendigo/right_skull"},{"predicate":{"custom_model_data":65},"model":"modelengine:nightharrow_wendigo/left_skull"},{"predicate":{"custom_model_data":66},"model":"modelengine:nightharrow_wendigo/left_foot"},{"predicate":{"custom_model_data":67},"model":"modelengine:nightharrow_wendigo/right_foot"},{"predicate":{"custom_model_data":68},"model":"modelengine:nightharrow_wendigo/jaw"},{"predicate":{"custom_model_data":69},"model":"modelengine:nightharrow_wendigo/right_wrist"},{"predicate":{"custom_model_data":70},"model":"modelengine:nightharrow_wendigo/right_shoulder"},{"predicate":{"custom_model_data":71},"model":"modelengine:nightharrow_wendigo/left_wrist"},{"predicate":{"custom_model_data":72},"model":"modelengine:nightharrow_wendigo/left_shoulder"},{"predicate":{"custom_model_data":73},"model":"modelengine:nightharrow_wendigo/right_hand"},{"predicate":{"custom_model_data":74},"model":"modelengine:nightharrow_wendigo/left_hand"},{"predicate":{"custom_model_data":75},"model":"modelengine:nightharrow_wendigo/weapon"},{"predicate":{"custom_model_data":76},"model":"modelengine:nightharrow_wendigo/right_fingers"},{"predicate":{"custom_model_data":77},"model":"modelengine:nightharrow_wendigo/left_fingers"},{"predicate":{"custom_model_data":78},"model":"modelengine:nightharrow_wendigo_ghost/upper_body"},{"predicate":{"custom_model_data":79},"model":"modelengine:nightharrow_wendigo_ghost/left_thigh"},{"predicate":{"custom_model_data":80},"model":"modelengine:nightharrow_wendigo_ghost/right_thigh"},{"predicate":{"custom_model_data":81},"model":"modelengine:nightharrow_wendigo_ghost/stomach"},{"predicate":{"custom_model_data":82},"model":"modelengine:nightharrow_wendigo_ghost/left_leg"},{"predicate":{"custom_model_data":83},"model":"modelengine:nightharrow_wendigo_ghost/right_leg"},{"predicate":{"custom_model_data":84},"model":"modelengine:nightharrow_wendigo_ghost/chest"},{"predicate":{"custom_model_data":85},"model":"modelengine:nightharrow_wendigo_ghost/left_ankle"},{"predicate":{"custom_model_data":86},"model":"modelengine:nightharrow_wendigo_ghost/right_ankle"},{"predicate":{"custom_model_data":87},"model":"modelengine:nightharrow_wendigo_ghost/head"},{"predicate":{"custom_model_data":88},"model":"modelengine:nightharrow_wendigo_ghost/right_arm"},{"predicate":{"custom_model_data":89},"model":"modelengine:nightharrow_wendigo_ghost/left_arm"},{"predicate":{"custom_model_data":90},"model":"modelengine:nightharrow_wendigo_ghost/right_skull"},{"predicate":{"custom_model_data":91},"model":"modelengine:nightharrow_wendigo_ghost/left_skull"},{"predicate":{"custom_model_data":92},"model":"modelengine:nightharrow_wendigo_ghost/left_foot"},{"predicate":{"custom_model_data":93},"model":"modelengine:nightharrow_wendigo_ghost/right_foot"},{"predicate":{"custom_model_data":94},"model":"modelengine:nightharrow_wendigo_ghost/jaw"},{"predicate":{"custom_model_data":95},"model":"modelengine:nightharrow_wendigo_ghost/right_wrist"},{"predicate":{"custom_model_data":96},"model":"modelengine:nightharrow_wendigo_ghost/right_shoulder"},{"predicate":{"custom_model_data":97},"model":"modelengine:nightharrow_wendigo_ghost/left_wrist"},{"predicate":{"custom_model_data":98},"model":"modelengine:nightharrow_wendigo_ghost/left_shoulder"},{"predicate":{"custom_model_data":99},"model":"modelengine:nightharrow_wendigo_ghost/right_hand"},{"predicate":{"custom_model_data":100},"model":"modelengine:nightharrow_wendigo_ghost/left_hand"},{"predicate":{"custom_model_data":101},"model":"modelengine:nightharrow_wendigo_ghost/weapon"},{"predicate":{"custom_model_data":102},"model":"modelengine:nightharrow_wendigo_ghost/right_fingers"},{"predicate":{"custom_model_data":103},"model":"modelengine:nightharrow_wendigo_ghost/left_fingers"},{"predicate":{"custom_model_data":104},"model":"modelengine:specter/head"},{"predicate":{"custom_model_data":105},"model":"modelengine:specter/upper_body"},{"predicate":{"custom_model_data":106},"model":"modelengine:specter/right_arm"},{"predicate":{"custom_model_data":107},"model":"modelengine:specter/left_arm"},{"predicate":{"custom_model_data":108},"model":"modelengine:specter/jaw"},{"predicate":{"custom_model_data":109},"model":"modelengine:specter/lower_body"},{"predicate":{"custom_model_data":110},"model":"modelengine:specter/right_wrist"},{"predicate":{"custom_model_data":111},"model":"modelengine:specter/left_wrist"},{"predicate":{"custom_model_data":112},"model":"modelengine:specter/cloth"},{"predicate":{"custom_model_data":113},"model":"modelengine:specter/right_fingers"},{"predicate":{"custom_model_data":114},"model":"modelengine:specter/right_thumb"},{"predicate":{"custom_model_data":115},"model":"modelengine:specter/left_thumb"},{"predicate":{"custom_model_data":116},"model":"modelengine:specter/left_fingers"},{"predicate":{"custom_model_data":117},"model":"modelengine:zombie_brute/upper_body"},{"predicate":{"custom_model_data":118},"model":"modelengine:zombie_brute/left_leg"},{"predicate":{"custom_model_data":119},"model":"modelengine:zombie_brute/right_leg"},{"predicate":{"custom_model_data":120},"model":"modelengine:zombie_brute/stomach"},{"predicate":{"custom_model_data":121},"model":"modelengine:zombie_brute/left_ankle"},{"predicate":{"custom_model_data":122},"model":"modelengine:zombie_brute/right_ankle"},{"predicate":{"custom_model_data":123},"model":"modelengine:zombie_brute/chest"},{"predicate":{"custom_model_data":124},"model":"modelengine:zombie_brute/left_foot"},{"predicate":{"custom_model_data":125},"model":"modelengine:zombie_brute/right_foot"},{"predicate":{"custom_model_data":126},"model":"modelengine:zombie_brute/head"},{"predicate":{"custom_model_data":127},"model":"modelengine:zombie_brute/right_arm"},{"predicate":{"custom_model_data":128},"model":"modelengine:zombie_brute/left_arm"},{"predicate":{"custom_model_data":129},"model":"modelengine:zombie_brute/jaw"},{"predicate":{"custom_model_data":130},"model":"modelengine:zombie_brute/right_wrist"},{"predicate":{"custom_model_data":131},"model":"modelengine:zombie_brute/left_wrist"},{"predicate":{"custom_model_data":132},"model":"modelengine:zombie_brute/right_fist"},{"predicate":{"custom_model_data":133},"model":"modelengine:zombie_brute/right_thumb"},{"predicate":{"custom_model_data":134},"model":"modelengine:zombie_brute/right_fingers"},{"predicate":{"custom_model_data":135},"model":"modelengine:defender_fire_blade/llamus"},{"predicate":{"custom_model_data":136},"model":"modelengine:defender_fireblade2/fb1"},{"predicate":{"custom_model_data":137},"model":"modelengine:defender_fireprojectile/fb1"},{"predicate":{"custom_model_data":138},"model":"modelengine:defenderstatue/core"},{"predicate":{"custom_model_data":139},"model":"modelengine:defenderstatue/left_arm"},{"predicate":{"custom_model_data":140},"model":"modelengine:defenderstatue/right_arm"},{"predicate":{"custom_model_data":141},"model":"modelengine:defenderstatue/head"},{"predicate":{"custom_model_data":142},"model":"modelengine:defenderstatue/left_forearm"},{"predicate":{"custom_model_data":143},"model":"modelengine:defenderstatue/right_forearm"},{"predicate":{"custom_model_data":144},"model":"modelengine:defenderstatue/hand"},{"predicate":{"custom_model_data":145},"model":"modelengine:defenderstatue/shield"},{"predicate":{"custom_model_data":146},"model":"modelengine:defenderstatue/svorden"},{"predicate":{"custom_model_data":147},"model":"modelengine:defendrestatue/core2"},{"predicate":{"custom_model_data":148},"model":"modelengine:defendrestatue/breastplate"},{"predicate":{"custom_model_data":149},"model":"modelengine:defendrestatue/left_arm2"},{"predicate":{"custom_model_data":150},"model":"modelengine:defendrestatue/right_arm2"},{"predicate":{"custom_model_data":151},"model":"modelengine:defendrestatue/head"},{"predicate":{"custom_model_data":152},"model":"modelengine:defendrestatue/left_forearm2"},{"predicate":{"custom_model_data":153},"model":"modelengine:defendrestatue/right_forearm2"},{"predicate":{"custom_model_data":154},"model":"modelengine:defendrestatue/hand2"},{"predicate":{"custom_model_data":155},"model":"modelengine:defendrestatue/shield"},{"predicate":{"custom_model_data":156},"model":"modelengine:defendrestatue/shieldennfx"},{"predicate":{"custom_model_data":157},"model":"modelengine:defendrestatue/svorden"},{"predicate":{"custom_model_data":158},"model":"modelengine:fallendefender/right_leg"},{"predicate":{"custom_model_data":159},"model":"modelengine:fallendefender/left_leg"},{"predicate":{"custom_model_data":160},"model":"modelengine:fallendefender/hip"},{"predicate":{"custom_model_data":161},"model":"modelengine:fallendefender/right_shin"},{"predicate":{"custom_model_data":162},"model":"modelengine:fallendefender/left_shin"},{"predicate":{"custom_model_data":163},"model":"modelengine:fallendefender/chest"},{"predicate":{"custom_model_data":164},"model":"modelengine:fallendefender/right_foot"},{"predicate":{"custom_model_data":165},"model":"modelengine:fallendefender/left_foot"},{"predicate":{"custom_model_data":166},"model":"modelengine:fallendefender/left_arm"},{"predicate":{"custom_model_data":167},"model":"modelengine:fallendefender/right_arm"},{"predicate":{"custom_model_data":168},"model":"modelengine:fallendefender/head"},{"predicate":{"custom_model_data":169},"model":"modelengine:fallendefender/left_forearm"},{"predicate":{"custom_model_data":170},"model":"modelengine:fallendefender/right_forearm"},{"predicate":{"custom_model_data":171},"model":"modelengine:fallendefender/hand"},{"predicate":{"custom_model_data":172},"model":"modelengine:fallendefender/shield"},{"predicate":{"custom_model_data":173},"model":"modelengine:fallendefender/shield2"},{"predicate":{"custom_model_data":174},"model":"modelengine:fallendefender/shieldennfx"},{"predicate":{"custom_model_data":175},"model":"modelengine:fallendefender/svorden"},{"predicate":{"custom_model_data":176},"model":"modelengine:fallendefender/sndpfx8"},{"predicate":{"custom_model_data":177},"model":"modelengine:fallendefender/sndpfx13"},{"predicate":{"custom_model_data":178},"model":"modelengine:fallendefender/sndpfx7"},{"predicate":{"custom_model_data":179},"model":"modelengine:fallendefender/sndpfx12"},{"predicate":{"custom_model_data":180},"model":"modelengine:fallendefender/sndpfx6"},{"predicate":{"custom_model_data":181},"model":"modelengine:fallendefender/sndpfx11"},{"predicate":{"custom_model_data":182},"model":"modelengine:fallendefender/sndpfx5"},{"predicate":{"custom_model_data":183},"model":"modelengine:fallendefender/sndpfx10"},{"predicate":{"custom_model_data":184},"model":"modelengine:fallendefender/sndpfx4"},{"predicate":{"custom_model_data":185},"model":"modelengine:fallendefender/sndpfx3"},{"predicate":{"custom_model_data":186},"model":"modelengine:fallendefender/sndpfx16"},{"predicate":{"custom_model_data":187},"model":"modelengine:fallendefender/sndpfx2"},{"predicate":{"custom_model_data":188},"model":"modelengine:fallendefender/sndpfx15"},{"predicate":{"custom_model_data":189},"model":"modelengine:fallendefender/sndpfx1"},{"predicate":{"custom_model_data":190},"model":"modelengine:fallendefender/sndpfx14"},{"predicate":{"custom_model_data":191},"model":"modelengine:fallendefender/sndpfx9"},{"predicate":{"custom_model_data":192},"model":"modelengine:fallendefender/sfe_frame0"},{"predicate":{"custom_model_data":193},"model":"modelengine:fallendefender/lame"},{"predicate":{"custom_model_data":194},"model":"modelengine:fallendefender/sfe_frame10"},{"predicate":{"custom_model_data":195},"model":"modelengine:fallendefender/sfe_frame9"},{"predicate":{"custom_model_data":196},"model":"modelengine:fallendefender/sfe_frame8"},{"predicate":{"custom_model_data":197},"model":"modelengine:fallendefender/sfe_frame3"},{"predicate":{"custom_model_data":198},"model":"modelengine:fallendefender/sfe_frame15"},{"predicate":{"custom_model_data":199},"model":"modelengine:fallendefender/sfe_frame2"},{"predicate":{"custom_model_data":200},"model":"modelengine:fallendefender/sfe_frame16"},{"predicate":{"custom_model_data":201},"model":"modelengine:fallendefender/sfe_frame1"},{"predicate":{"custom_model_data":202},"model":"modelengine:fallendefender/sfe_frame17"},{"predicate":{"custom_model_data":203},"model":"modelengine:fallendefender/sfe_frame18"},{"predicate":{"custom_model_data":204},"model":"modelengine:fallendefender/sfe_frame7"},{"predicate":{"custom_model_data":205},"model":"modelengine:fallendefender/sfe_frame11"},{"predicate":{"custom_model_data":206},"model":"modelengine:fallendefender/sfe_frame6"},{"predicate":{"custom_model_data":207},"model":"modelengine:fallendefender/sfe_frame12"},{"predicate":{"custom_model_data":208},"model":"modelengine:fallendefender/sfe_frame5"},{"predicate":{"custom_model_data":209},"model":"modelengine:fallendefender/sfe_frame13"},{"predicate":{"custom_model_data":210},"model":"modelengine:fallendefender/sfe_frame4"},{"predicate":{"custom_model_data":211},"model":"modelengine:fallendefender/sfe_frame14"},{"predicate":{"custom_model_data":212},"model":"modelengine:fallendefender2/svorden"},{"predicate":{"custom_model_data":213},"model":"modelengine:fallendefender2/left_shin"},{"predicate":{"custom_model_data":214},"model":"modelengine:fallendefender2/chest"},{"predicate":{"custom_model_data":215},"model":"modelengine:fallendefender2/hip"},{"predicate":{"custom_model_data":216},"model":"modelengine:fallendefender2/left_forearm"},{"predicate":{"custom_model_data":217},"model":"modelengine:fallendefender2/left_foot"},{"predicate":{"custom_model_data":218},"model":"modelengine:fallendefender2/left_arm"},{"predicate":{"custom_model_data":219},"model":"modelengine:fallendefender2/head"},{"predicate":{"custom_model_data":220},"model":"modelengine:fallendefender2/left_leg"},{"predicate":{"custom_model_data":221},"model":"modelengine:fallendefender2/right_shin"},{"predicate":{"custom_model_data":222},"model":"modelengine:fallendefender2/right_leg"},{"predicate":{"custom_model_data":223},"model":"modelengine:fallendefender2/shield"},{"predicate":{"custom_model_data":224},"model":"modelengine:fallendefender2/right_forearm"},{"predicate":{"custom_model_data":225},"model":"modelengine:fallendefender2/right_arm"},{"predicate":{"custom_model_data":226},"model":"modelengine:fallendefender2/right_foot"},{"predicate":{"custom_model_data":227},"model":"modelengine:fallendefender2/hand"},{"predicate":{"custom_model_data":228},"model":"modelengine:fallendefender3/svorden"},{"predicate":{"custom_model_data":229},"model":"modelengine:fallendefender3/left_shin"},{"predicate":{"custom_model_data":230},"model":"modelengine:fallendefender3/shield"},{"predicate":{"custom_model_data":231},"model":"modelengine:fallendefender3/chest"},{"predicate":{"custom_model_data":232},"model":"modelengine:fallendefender3/hip"},{"predicate":{"custom_model_data":233},"model":"modelengine:fallendefender3/left_forearm"},{"predicate":{"custom_model_data":234},"model":"modelengine:fallendefender3/left_foot"},{"predicate":{"custom_model_data":235},"model":"modelengine:fallendefender3/left_arm"},{"predicate":{"custom_model_data":236},"model":"modelengine:fallendefender3/head"},{"predicate":{"custom_model_data":237},"model":"modelengine:fallendefender3/left_leg"},{"predicate":{"custom_model_data":238},"model":"modelengine:fallendefender3/right_shin"},{"predicate":{"custom_model_data":239},"model":"modelengine:fallendefender3/right_leg"},{"predicate":{"custom_model_data":240},"model":"modelengine:fallendefender3/right_forearm"},{"predicate":{"custom_model_data":241},"model":"modelengine:fallendefender3/right_arm"},{"predicate":{"custom_model_data":242},"model":"modelengine:fallendefender3/right_foot"},{"predicate":{"custom_model_data":243},"model":"modelengine:fallendefender3/hand"},{"predicate":{"custom_model_data":244},"model":"modelengine:fallendefendress/fravager_chipcitums"},{"predicate":{"custom_model_data":245},"model":"modelengine:fallendefendress/right_leg"},{"predicate":{"custom_model_data":246},"model":"modelengine:fallendefendress/left_leg"},{"predicate":{"custom_model_data":247},"model":"modelengine:fallendefendress/hip"},{"predicate":{"custom_model_data":248},"model":"modelengine:fallendefendress/right_shin"},{"predicate":{"custom_model_data":249},"model":"modelengine:fallendefendress/left_shin"},{"predicate":{"custom_model_data":250},"model":"modelengine:fallendefendress/chest"},{"predicate":{"custom_model_data":251},"model":"modelengine:fallendefendress/right_foot"},{"predicate":{"custom_model_data":252},"model":"modelengine:fallendefendress/left_foot"},{"predicate":{"custom_model_data":253},"model":"modelengine:fallendefendress/breastplate"},{"predicate":{"custom_model_data":254},"model":"modelengine:fallendefendress/left_arm"},{"predicate":{"custom_model_data":255},"model":"modelengine:fallendefendress/right_arm"},{"predicate":{"custom_model_data":256},"model":"modelengine:fallendefendress/head"},{"predicate":{"custom_model_data":257},"model":"modelengine:fallendefendress/left_forearm"},{"predicate":{"custom_model_data":258},"model":"modelengine:fallendefendress/right_forearm"},{"predicate":{"custom_model_data":259},"model":"modelengine:fallendefendress/hand"},{"predicate":{"custom_model_data":260},"model":"modelengine:fallendefendress/shield"},{"predicate":{"custom_model_data":261},"model":"modelengine:fallendefendress/shield2"},{"predicate":{"custom_model_data":262},"model":"modelengine:fallendefendress/shieldennfx"},{"predicate":{"custom_model_data":263},"model":"modelengine:fallendefendress/svorden"},{"predicate":{"custom_model_data":264},"model":"modelengine:fallendefendress/sndpfx8"},{"predicate":{"custom_model_data":265},"model":"modelengine:fallendefendress/sndpfx13"},{"predicate":{"custom_model_data":266},"model":"modelengine:fallendefendress/sndpfx7"},{"predicate":{"custom_model_data":267},"model":"modelengine:fallendefendress/sndpfx12"},{"predicate":{"custom_model_data":268},"model":"modelengine:fallendefendress/sndpfx6"},{"predicate":{"custom_model_data":269},"model":"modelengine:fallendefendress/sndpfx11"},{"predicate":{"custom_model_data":270},"model":"modelengine:fallendefendress/sndpfx5"},{"predicate":{"custom_model_data":271},"model":"modelengine:fallendefendress/sndpfx10"},{"predicate":{"custom_model_data":272},"model":"modelengine:fallendefendress/sndpfx4"},{"predicate":{"custom_model_data":273},"model":"modelengine:fallendefendress/sndpfx3"},{"predicate":{"custom_model_data":274},"model":"modelengine:fallendefendress/sndpfx16"},{"predicate":{"custom_model_data":275},"model":"modelengine:fallendefendress/sndpfx2"},{"predicate":{"custom_model_data":276},"model":"modelengine:fallendefendress/sndpfx15"},{"predicate":{"custom_model_data":277},"model":"modelengine:fallendefendress/sndpfx1"},{"predicate":{"custom_model_data":278},"model":"modelengine:fallendefendress/sndpfx14"},{"predicate":{"custom_model_data":279},"model":"modelengine:fallendefendress/sndpfx9"},{"predicate":{"custom_model_data":280},"model":"modelengine:fallendefendress/sfe_frame0"},{"predicate":{"custom_model_data":281},"model":"modelengine:fallendefendress/lame"},{"predicate":{"custom_model_data":282},"model":"modelengine:fallendefendress/sfe_frame10"},{"predicate":{"custom_model_data":283},"model":"modelengine:fallendefendress/sfe_frame9"},{"predicate":{"custom_model_data":284},"model":"modelengine:fallendefendress/sfe_frame8"},{"predicate":{"custom_model_data":285},"model":"modelengine:fallendefendress/sfe_frame3"},{"predicate":{"custom_model_data":286},"model":"modelengine:fallendefendress/sfe_frame15"},{"predicate":{"custom_model_data":287},"model":"modelengine:fallendefendress/sfe_frame2"},{"predicate":{"custom_model_data":288},"model":"modelengine:fallendefendress/sfe_frame16"},{"predicate":{"custom_model_data":289},"model":"modelengine:fallendefendress/sfe_frame1"},{"predicate":{"custom_model_data":290},"model":"modelengine:fallendefendress/sfe_frame17"},{"predicate":{"custom_model_data":291},"model":"modelengine:fallendefendress/sfe_frame18"},{"predicate":{"custom_model_data":292},"model":"modelengine:fallendefendress/sfe_frame7"},{"predicate":{"custom_model_data":293},"model":"modelengine:fallendefendress/sfe_frame11"},{"predicate":{"custom_model_data":294},"model":"modelengine:fallendefendress/sfe_frame6"},{"predicate":{"custom_model_data":295},"model":"modelengine:fallendefendress/sfe_frame12"},{"predicate":{"custom_model_data":296},"model":"modelengine:fallendefendress/sfe_frame5"},{"predicate":{"custom_model_data":297},"model":"modelengine:fallendefendress/sfe_frame13"},{"predicate":{"custom_model_data":298},"model":"modelengine:fallendefendress/sfe_frame4"},{"predicate":{"custom_model_data":299},"model":"modelengine:fallendefendress/sfe_frame14"},{"predicate":{"custom_model_data":300},"model":"modelengine:fallendefendress2/fravager_chipcitums"},{"predicate":{"custom_model_data":301},"model":"modelengine:fallendefendress2/right_leg"},{"predicate":{"custom_model_data":302},"model":"modelengine:fallendefendress2/left_leg"},{"predicate":{"custom_model_data":303},"model":"modelengine:fallendefendress2/hip"},{"predicate":{"custom_model_data":304},"model":"modelengine:fallendefendress2/right_shin"},{"predicate":{"custom_model_data":305},"model":"modelengine:fallendefendress2/left_shin"},{"predicate":{"custom_model_data":306},"model":"modelengine:fallendefendress2/chest"},{"predicate":{"custom_model_data":307},"model":"modelengine:fallendefendress2/right_foot"},{"predicate":{"custom_model_data":308},"model":"modelengine:fallendefendress2/left_foot"},{"predicate":{"custom_model_data":309},"model":"modelengine:fallendefendress2/breastplate"},{"predicate":{"custom_model_data":310},"model":"modelengine:fallendefendress2/left_arm"},{"predicate":{"custom_model_data":311},"model":"modelengine:fallendefendress2/right_arm"},{"predicate":{"custom_model_data":312},"model":"modelengine:fallendefendress2/head"},{"predicate":{"custom_model_data":313},"model":"modelengine:fallendefendress2/left_forearm"},{"predicate":{"custom_model_data":314},"model":"modelengine:fallendefendress2/right_forearm"},{"predicate":{"custom_model_data":315},"model":"modelengine:fallendefendress2/hand"},{"predicate":{"custom_model_data":316},"model":"modelengine:fallendefendress2/shield"},{"predicate":{"custom_model_data":317},"model":"modelengine:fallendefendress2/shieldennfx"},{"predicate":{"custom_model_data":318},"model":"modelengine:fallendefendress2/svorden"},{"predicate":{"custom_model_data":319},"model":"modelengine:fallendefendress3/svorden"},{"predicate":{"custom_model_data":320},"model":"modelengine:fallendefendress3/left_shin"},{"predicate":{"custom_model_data":321},"model":"modelengine:fallendefendress3/shield"},{"predicate":{"custom_model_data":322},"model":"modelengine:fallendefendress3/chest"},{"predicate":{"custom_model_data":323},"model":"modelengine:fallendefendress3/hip"},{"predicate":{"custom_model_data":324},"model":"modelengine:fallendefendress3/left_forearm"},{"predicate":{"custom_model_data":325},"model":"modelengine:fallendefendress3/left_foot"},{"predicate":{"custom_model_data":326},"model":"modelengine:fallendefendress3/left_arm"},{"predicate":{"custom_model_data":327},"model":"modelengine:fallendefendress3/breastplate"},{"predicate":{"custom_model_data":328},"model":"modelengine:fallendefendress3/head"},{"predicate":{"custom_model_data":329},"model":"modelengine:fallendefendress3/left_leg"},{"predicate":{"custom_model_data":330},"model":"modelengine:fallendefendress3/right_shin"},{"predicate":{"custom_model_data":331},"model":"modelengine:fallendefendress3/right_leg"},{"predicate":{"custom_model_data":332},"model":"modelengine:fallendefendress3/right_forearm"},{"predicate":{"custom_model_data":333},"model":"modelengine:fallendefendress3/right_arm"},{"predicate":{"custom_model_data":334},"model":"modelengine:fallendefendress3/right_foot"},{"predicate":{"custom_model_data":335},"model":"modelengine:fallendefendress3/hand"},{"predicate":{"custom_model_data":336},"model":"modelengine:fdefender_shockwaveresources/rswm_4"},{"predicate":{"custom_model_data":337},"model":"modelengine:fdefender_shockwaveresources/rswm_1"},{"predicate":{"custom_model_data":338},"model":"modelengine:fdefender_shockwaveresources/rswm_2"},{"predicate":{"custom_model_data":339},"model":"modelengine:fdefender_shockwaveresources/rswm_3"},{"predicate":{"custom_model_data":340},"model":"modelengine:fdefender_shockwaveresources/rswn_3"},{"predicate":{"custom_model_data":341},"model":"modelengine:fdefender_shockwaveresources/rswn_4"},{"predicate":{"custom_model_data":342},"model":"modelengine:fdefender_shockwaveresources/rswn_1"},{"predicate":{"custom_model_data":343},"model":"modelengine:fdefender_shockwaveresources/rswn_2"},{"predicate":{"custom_model_data":344},"model":"modelengine:fdefender_shockwaveresources/rswk_1"},{"predicate":{"custom_model_data":345},"model":"modelengine:fdefender_shockwaveresources/rswk_2"},{"predicate":{"custom_model_data":346},"model":"modelengine:fdefender_shockwaveresources/rswk_3"},{"predicate":{"custom_model_data":347},"model":"modelengine:fdefender_shockwaveresources/rswk_4"},{"predicate":{"custom_model_data":348},"model":"modelengine:fdefender_shockwaveresources/rswl_1"},{"predicate":{"custom_model_data":349},"model":"modelengine:fdefender_shockwaveresources/rswl_2"},{"predicate":{"custom_model_data":350},"model":"modelengine:fdefender_shockwaveresources/rswl_3"},{"predicate":{"custom_model_data":351},"model":"modelengine:fdefender_shockwaveresources/rswl_4"},{"predicate":{"custom_model_data":352},"model":"modelengine:fdefender_shockwaveresources/rswj_1"},{"predicate":{"custom_model_data":353},"model":"modelengine:fdefender_shockwaveresources/rswj_2"},{"predicate":{"custom_model_data":354},"model":"modelengine:fdefender_shockwaveresources/rswj_3"},{"predicate":{"custom_model_data":355},"model":"modelengine:fdefender_shockwaveresources/rswj_4"},{"predicate":{"custom_model_data":356},"model":"modelengine:fdefender_shockwaveresources/rswa_4"},{"predicate":{"custom_model_data":357},"model":"modelengine:fdefender_shockwaveresources/rswa_1"},{"predicate":{"custom_model_data":358},"model":"modelengine:fdefender_shockwaveresources/rswa_2"},{"predicate":{"custom_model_data":359},"model":"modelengine:fdefender_shockwaveresources/rswa_3"},{"predicate":{"custom_model_data":360},"model":"modelengine:fdefender_shockwaveresources/rswc_2"},{"predicate":{"custom_model_data":361},"model":"modelengine:fdefender_shockwaveresources/rswc_3"},{"predicate":{"custom_model_data":362},"model":"modelengine:fdefender_shockwaveresources/rswc_4"},{"predicate":{"custom_model_data":363},"model":"modelengine:fdefender_shockwaveresources/rswc_1"},{"predicate":{"custom_model_data":364},"model":"modelengine:fdefender_shockwaveresources/rswb_3"},{"predicate":{"custom_model_data":365},"model":"modelengine:fdefender_shockwaveresources/rswb_4"},{"predicate":{"custom_model_data":366},"model":"modelengine:fdefender_shockwaveresources/rswb_1"},{"predicate":{"custom_model_data":367},"model":"modelengine:fdefender_shockwaveresources/rswb_2"},{"predicate":{"custom_model_data":368},"model":"modelengine:fdefender_shockwaveresources/rswi_1"},{"predicate":{"custom_model_data":369},"model":"modelengine:fdefender_shockwaveresources/rswi_2"},{"predicate":{"custom_model_data":370},"model":"modelengine:fdefender_shockwaveresources/rswi_3"},{"predicate":{"custom_model_data":371},"model":"modelengine:fdefender_shockwaveresources/rswi_4"},{"predicate":{"custom_model_data":372},"model":"modelengine:fdefender_shockwaveresources/rswh_1"},{"predicate":{"custom_model_data":373},"model":"modelengine:fdefender_shockwaveresources/rswh_2"},{"predicate":{"custom_model_data":374},"model":"modelengine:fdefender_shockwaveresources/rswh_3"},{"predicate":{"custom_model_data":375},"model":"modelengine:fdefender_shockwaveresources/rswh_4"},{"predicate":{"custom_model_data":376},"model":"modelengine:fdefender_shockwaveresources/rswe_4"},{"predicate":{"custom_model_data":377},"model":"modelengine:fdefender_shockwaveresources/rswe_1"},{"predicate":{"custom_model_data":378},"model":"modelengine:fdefender_shockwaveresources/rswe_2"},{"predicate":{"custom_model_data":379},"model":"modelengine:fdefender_shockwaveresources/rswe_3"},{"predicate":{"custom_model_data":380},"model":"modelengine:fdefender_shockwaveresources/rswd_1"},{"predicate":{"custom_model_data":381},"model":"modelengine:fdefender_shockwaveresources/rswd_2"},{"predicate":{"custom_model_data":382},"model":"modelengine:fdefender_shockwaveresources/rswd_3"},{"predicate":{"custom_model_data":383},"model":"modelengine:fdefender_shockwaveresources/rswd_4"},{"predicate":{"custom_model_data":384},"model":"modelengine:fdefender_shockwaveresources/rswg_2"},{"predicate":{"custom_model_data":385},"model":"modelengine:fdefender_shockwaveresources/rswg_3"},{"predicate":{"custom_model_data":386},"model":"modelengine:fdefender_shockwaveresources/rswg_4"},{"predicate":{"custom_model_data":387},"model":"modelengine:fdefender_shockwaveresources/rswg_1"},{"predicate":{"custom_model_data":388},"model":"modelengine:fdefender_shockwaveresources/rswf_3"},{"predicate":{"custom_model_data":389},"model":"modelengine:fdefender_shockwaveresources/rswf_4"},{"predicate":{"custom_model_data":390},"model":"modelengine:fdefender_shockwaveresources/rswf_1"},{"predicate":{"custom_model_data":391},"model":"modelengine:fdefender_shockwaveresources/rswf_2"},{"predicate":{"custom_model_data":392},"model":"modelengine:fdefender_sword/svorden"},{"predicate":{"custom_model_data":393},"model":"modelengine:fdexplosion_resources/ravage1"},{"predicate":{"custom_model_data":394},"model":"modelengine:fdexplosion_resources/ravage2"},{"predicate":{"custom_model_data":395},"model":"modelengine:fdexplosion_resources/ravage3"},{"predicate":{"custom_model_data":396},"model":"modelengine:fdexplosion_resources/ravage4"},{"predicate":{"custom_model_data":397},"model":"modelengine:fdexplosion_resources/ravage5"},{"predicate":{"custom_model_data":398},"model":"modelengine:fdexplosion_resources/ravage19"},{"predicate":{"custom_model_data":399},"model":"modelengine:fdexplosion_resources/ravage6"},{"predicate":{"custom_model_data":400},"model":"modelengine:fdexplosion_resources/ravage7"},{"predicate":{"custom_model_data":401},"model":"modelengine:fdexplosion_resources/ravage21"},{"predicate":{"custom_model_data":402},"model":"modelengine:fdexplosion_resources/ravage20"},{"predicate":{"custom_model_data":403},"model":"modelengine:fdexplosion_resources/ravage23"},{"predicate":{"custom_model_data":404},"model":"modelengine:fdexplosion_resources/ravage22"},{"predicate":{"custom_model_data":405},"model":"modelengine:fdexplosion_resources/ravage25"},{"predicate":{"custom_model_data":406},"model":"modelengine:fdexplosion_resources/ravage24"},{"predicate":{"custom_model_data":407},"model":"modelengine:fdexplosion_resources/ravage10"},{"predicate":{"custom_model_data":408},"model":"modelengine:fdexplosion_resources/ravage8"},{"predicate":{"custom_model_data":409},"model":"modelengine:fdexplosion_resources/ravage16"},{"predicate":{"custom_model_data":410},"model":"modelengine:fdexplosion_resources/ravage9"},{"predicate":{"custom_model_data":411},"model":"modelengine:fdexplosion_resources/ravage15"},{"predicate":{"custom_model_data":412},"model":"modelengine:fdexplosion_resources/ravage18"},{"predicate":{"custom_model_data":413},"model":"modelengine:fdexplosion_resources/ravage17"},{"predicate":{"custom_model_data":414},"model":"modelengine:fdexplosion_resources/ravage12"},{"predicate":{"custom_model_data":415},"model":"modelengine:fdexplosion_resources/ravage11"},{"predicate":{"custom_model_data":416},"model":"modelengine:fdexplosion_resources/ravage14"},{"predicate":{"custom_model_data":417},"model":"modelengine:fdexplosion_resources/ravage13"},{"predicate":{"custom_model_data":418},"model":"modelengine:fdexplosion_resources/frame3"},{"predicate":{"custom_model_data":419},"model":"modelengine:fdexplosion_resources/frame4"},{"predicate":{"custom_model_data":420},"model":"modelengine:fdexplosion_resources/frame1"},{"predicate":{"custom_model_data":421},"model":"modelengine:fdexplosion_resources/frame2"},{"predicate":{"custom_model_data":422},"model":"modelengine:fdexplosion_resources/frame7"},{"predicate":{"custom_model_data":423},"model":"modelengine:fdexplosion_resources/frame8"},{"predicate":{"custom_model_data":424},"model":"modelengine:fdexplosion_resources/frame5"},{"predicate":{"custom_model_data":425},"model":"modelengine:fdexplosion_resources/frame6"},{"predicate":{"custom_model_data":426},"model":"modelengine:fdexplosion_resources/rwsb2"},{"predicate":{"custom_model_data":427},"model":"modelengine:fdexplosion_resources/rwsb3"},{"predicate":{"custom_model_data":428},"model":"modelengine:fdexplosion_resources/rwsb1"},{"predicate":{"custom_model_data":429},"model":"modelengine:fdexplosion_resources/rwsb10"},{"predicate":{"custom_model_data":430},"model":"modelengine:fdexplosion_resources/rwsb8"},{"predicate":{"custom_model_data":431},"model":"modelengine:fdexplosion_resources/rwsb9"},{"predicate":{"custom_model_data":432},"model":"modelengine:fdexplosion_resources/rwsb6"},{"predicate":{"custom_model_data":433},"model":"modelengine:fdexplosion_resources/rwsb14"},{"predicate":{"custom_model_data":434},"model":"modelengine:fdexplosion_resources/rwsb7"},{"predicate":{"custom_model_data":435},"model":"modelengine:fdexplosion_resources/rwsb13"},{"predicate":{"custom_model_data":436},"model":"modelengine:fdexplosion_resources/rwsb4"},{"predicate":{"custom_model_data":437},"model":"modelengine:fdexplosion_resources/rwsb12"},{"predicate":{"custom_model_data":438},"model":"modelengine:fdexplosion_resources/rwsb5"},{"predicate":{"custom_model_data":439},"model":"modelengine:fdexplosion_resources/rwsb11"},{"predicate":{"custom_model_data":440},"model":"modelengine:fdexplosion_resources/firewavea8"},{"predicate":{"custom_model_data":441},"model":"modelengine:fdexplosion_resources/firewavea9"},{"predicate":{"custom_model_data":442},"model":"modelengine:fdexplosion_resources/firewavea6"},{"predicate":{"custom_model_data":443},"model":"modelengine:fdexplosion_resources/firewavea7"},{"predicate":{"custom_model_data":444},"model":"modelengine:fdexplosion_resources/firewavea4"},{"predicate":{"custom_model_data":445},"model":"modelengine:fdexplosion_resources/firewavea5"},{"predicate":{"custom_model_data":446},"model":"modelengine:fdexplosion_resources/firewavea2"},{"predicate":{"custom_model_data":447},"model":"modelengine:fdexplosion_resources/firewavea3"},{"predicate":{"custom_model_data":448},"model":"modelengine:fdexplosion_resources/firewavea1"},{"predicate":{"custom_model_data":449},"model":"modelengine:fdexplosion_resources/firewavea10"},{"predicate":{"custom_model_data":450},"model":"modelengine:fdexplosion_resources/firewavea11"},{"predicate":{"custom_model_data":451},"model":"modelengine:fdexplosion_resources/firewavea12"},{"predicate":{"custom_model_data":452},"model":"modelengine:fdexplosion_resources/firewavea13"},{"predicate":{"custom_model_data":453},"model":"modelengine:fdexplosion_resources/firewaveb9"},{"predicate":{"custom_model_data":454},"model":"modelengine:fdexplosion_resources/firewaveb7"},{"predicate":{"custom_model_data":455},"model":"modelengine:fdexplosion_resources/firewaveb8"},{"predicate":{"custom_model_data":456},"model":"modelengine:fdexplosion_resources/firewaveb5"},{"predicate":{"custom_model_data":457},"model":"modelengine:fdexplosion_resources/firewaveb6"},{"predicate":{"custom_model_data":458},"model":"modelengine:fdexplosion_resources/firewaveb3"},{"predicate":{"custom_model_data":459},"model":"modelengine:fdexplosion_resources/firewaveb4"},{"predicate":{"custom_model_data":460},"model":"modelengine:fdexplosion_resources/firewaveb1"},{"predicate":{"custom_model_data":461},"model":"modelengine:fdexplosion_resources/firewaveb2"},{"predicate":{"custom_model_data":462},"model":"modelengine:fdexplosion_resources/firewaveb10"},{"predicate":{"custom_model_data":463},"model":"modelengine:fdexplosion_resources/firewaveb11"},{"predicate":{"custom_model_data":464},"model":"modelengine:fdexplosion_resources/firewaveb12"},{"predicate":{"custom_model_data":465},"model":"modelengine:fdexplosion_resources/firewaveb13"},{"predicate":{"custom_model_data":466},"model":"modelengine:fdexplosion_resources/ravageb12"},{"predicate":{"custom_model_data":467},"model":"modelengine:fdexplosion_resources/ravageb11"},{"predicate":{"custom_model_data":468},"model":"modelengine:fdexplosion_resources/ravageb1"},{"predicate":{"custom_model_data":469},"model":"modelengine:fdexplosion_resources/ravageb10"},{"predicate":{"custom_model_data":470},"model":"modelengine:fdexplosion_resources/ravageb15"},{"predicate":{"custom_model_data":471},"model":"modelengine:fdexplosion_resources/ravageb14"},{"predicate":{"custom_model_data":472},"model":"modelengine:fdexplosion_resources/ravageb13"},{"predicate":{"custom_model_data":473},"model":"modelengine:fdexplosion_resources/ravageb7"},{"predicate":{"custom_model_data":474},"model":"modelengine:fdexplosion_resources/ravageb6"},{"predicate":{"custom_model_data":475},"model":"modelengine:fdexplosion_resources/ravageb9"},{"predicate":{"custom_model_data":476},"model":"modelengine:fdexplosion_resources/ravageb8"},{"predicate":{"custom_model_data":477},"model":"modelengine:fdexplosion_resources/ravageb3"},{"predicate":{"custom_model_data":478},"model":"modelengine:fdexplosion_resources/ravageb2"},{"predicate":{"custom_model_data":479},"model":"modelengine:fdexplosion_resources/ravageb5"},{"predicate":{"custom_model_data":480},"model":"modelengine:fdexplosion_resources/ravageb4"},{"predicate":{"custom_model_data":481},"model":"modelengine:fdexplosion_resources/rsw13"},{"predicate":{"custom_model_data":482},"model":"modelengine:fdexplosion_resources/rsw14"},{"predicate":{"custom_model_data":483},"model":"modelengine:fdexplosion_resources/rsw3"},{"predicate":{"custom_model_data":484},"model":"modelengine:fdexplosion_resources/rsw2"},{"predicate":{"custom_model_data":485},"model":"modelengine:fdexplosion_resources/rsw10"},{"predicate":{"custom_model_data":486},"model":"modelengine:fdexplosion_resources/rsw5"},{"predicate":{"custom_model_data":487},"model":"modelengine:fdexplosion_resources/rsw11"},{"predicate":{"custom_model_data":488},"model":"modelengine:fdexplosion_resources/rsw4"},{"predicate":{"custom_model_data":489},"model":"modelengine:fdexplosion_resources/rsw12"},{"predicate":{"custom_model_data":490},"model":"modelengine:fdexplosion_resources/rsw1"},{"predicate":{"custom_model_data":491},"model":"modelengine:fdexplosion_resources/rsw7"},{"predicate":{"custom_model_data":492},"model":"modelengine:fdexplosion_resources/rsw6"},{"predicate":{"custom_model_data":493},"model":"modelengine:fdexplosion_resources/rsw9"},{"predicate":{"custom_model_data":494},"model":"modelengine:fdexplosion_resources/rsw8"},{"predicate":{"custom_model_data":495},"model":"modelengine:fdexplosion_resources/ffxa6"},{"predicate":{"custom_model_data":496},"model":"modelengine:fdexplosion_resources/ffxa5"},{"predicate":{"custom_model_data":497},"model":"modelengine:fdexplosion_resources/ffxa8"},{"predicate":{"custom_model_data":498},"model":"modelengine:fdexplosion_resources/ffxa7"},{"predicate":{"custom_model_data":499},"model":"modelengine:fdexplosion_resources/ffxa2"},{"predicate":{"custom_model_data":500},"model":"modelengine:fdexplosion_resources/ffxa1"},{"predicate":{"custom_model_data":501},"model":"modelengine:fdexplosion_resources/ffxa4"},{"predicate":{"custom_model_data":502},"model":"modelengine:fdexplosion_resources/ffxa3"},{"predicate":{"custom_model_data":503},"model":"modelengine:fdexplosion_resources/ffxa13"},{"predicate":{"custom_model_data":504},"model":"modelengine:fdexplosion_resources/ffxa12"},{"predicate":{"custom_model_data":505},"model":"modelengine:fdexplosion_resources/ffxa11"},{"predicate":{"custom_model_data":506},"model":"modelengine:fdexplosion_resources/ffxa10"},{"predicate":{"custom_model_data":507},"model":"modelengine:fdexplosion_resources/ffxa9"},{"predicate":{"custom_model_data":508},"model":"modelengine:fdexplosion_resources/fb19"},{"predicate":{"custom_model_data":509},"model":"modelengine:fdexplosion_resources/fb18"},{"predicate":{"custom_model_data":510},"model":"modelengine:fdexplosion_resources/fb17"},{"predicate":{"custom_model_data":511},"model":"modelengine:fdexplosion_resources/fb16"},{"predicate":{"custom_model_data":512},"model":"modelengine:fdexplosion_resources/fb15"},{"predicate":{"custom_model_data":513},"model":"modelengine:fdexplosion_resources/fb14"},{"predicate":{"custom_model_data":514},"model":"modelengine:fdexplosion_resources/fb13"},{"predicate":{"custom_model_data":515},"model":"modelengine:fdexplosion_resources/fb12"},{"predicate":{"custom_model_data":516},"model":"modelengine:fdexplosion_resources/fb11"},{"predicate":{"custom_model_data":517},"model":"modelengine:fdexplosion_resources/fb1"},{"predicate":{"custom_model_data":518},"model":"modelengine:fdexplosion_resources/fb10"},{"predicate":{"custom_model_data":519},"model":"modelengine:fdexplosion_resources/fb20"},{"predicate":{"custom_model_data":520},"model":"modelengine:fdexplosion_resources/fb3"},{"predicate":{"custom_model_data":521},"model":"modelengine:fdexplosion_resources/fb2"},{"predicate":{"custom_model_data":522},"model":"modelengine:fdexplosion_resources/fb5"},{"predicate":{"custom_model_data":523},"model":"modelengine:fdexplosion_resources/fb4"},{"predicate":{"custom_model_data":524},"model":"modelengine:fdexplosion_resources/fb7"},{"predicate":{"custom_model_data":525},"model":"modelengine:fdexplosion_resources/fb6"},{"predicate":{"custom_model_data":526},"model":"modelengine:fdexplosion_resources/fb9"},{"predicate":{"custom_model_data":527},"model":"modelengine:fdexplosion_resources/fb8"},{"predicate":{"custom_model_data":528},"model":"modelengine:fdexplosion_resources/ffxc8"},{"predicate":{"custom_model_data":529},"model":"modelengine:fdexplosion_resources/ffxc7"},{"predicate":{"custom_model_data":530},"model":"modelengine:fdexplosion_resources/ffxc9"},{"predicate":{"custom_model_data":531},"model":"modelengine:fdexplosion_resources/ffxc4"},{"predicate":{"custom_model_data":532},"model":"modelengine:fdexplosion_resources/ffxc3"},{"predicate":{"custom_model_data":533},"model":"modelengine:fdexplosion_resources/ffxc6"},{"predicate":{"custom_model_data":534},"model":"modelengine:fdexplosion_resources/ffxc5"},{"predicate":{"custom_model_data":535},"model":"modelengine:fdexplosion_resources/ffxc11"},{"predicate":{"custom_model_data":536},"model":"modelengine:fdexplosion_resources/ffxc10"},{"predicate":{"custom_model_data":537},"model":"modelengine:fdexplosion_resources/ffxc2"},{"predicate":{"custom_model_data":538},"model":"modelengine:fdexplosion_resources/ffxc1"},{"predicate":{"custom_model_data":539},"model":"modelengine:fdexplosion_resources/ffxc15"},{"predicate":{"custom_model_data":540},"model":"modelengine:fdexplosion_resources/ffxc14"},{"predicate":{"custom_model_data":541},"model":"modelengine:fdexplosion_resources/ffxc13"},{"predicate":{"custom_model_data":542},"model":"modelengine:fdexplosion_resources/ffxc12"},{"predicate":{"custom_model_data":543},"model":"modelengine:fdexplosion_resources/ffxc17"},{"predicate":{"custom_model_data":544},"model":"modelengine:fdexplosion_resources/ffxc16"},{"predicate":{"custom_model_data":545},"model":"modelengine:fdexplosion_resources/ffxd2_9"},{"predicate":{"custom_model_data":546},"model":"modelengine:fdexplosion_resources/ffxd2_4"},{"predicate":{"custom_model_data":547},"model":"modelengine:fdexplosion_resources/ffxd2_3"},{"predicate":{"custom_model_data":548},"model":"modelengine:fdexplosion_resources/ffxd2_2"},{"predicate":{"custom_model_data":549},"model":"modelengine:fdexplosion_resources/ffxd2_10"},{"predicate":{"custom_model_data":550},"model":"modelengine:fdexplosion_resources/ffxd2_1"},{"predicate":{"custom_model_data":551},"model":"modelengine:fdexplosion_resources/ffxd2_8"},{"predicate":{"custom_model_data":552},"model":"modelengine:fdexplosion_resources/ffxd2_7"},{"predicate":{"custom_model_data":553},"model":"modelengine:fdexplosion_resources/ffxd2_6"},{"predicate":{"custom_model_data":554},"model":"modelengine:fdexplosion_resources/ffxd2_5"},{"predicate":{"custom_model_data":555},"model":"modelengine:fdexplosion_resources/ffxb7"},{"predicate":{"custom_model_data":556},"model":"modelengine:fdexplosion_resources/ffxb6"},{"predicate":{"custom_model_data":557},"model":"modelengine:fdexplosion_resources/ffxb9"},{"predicate":{"custom_model_data":558},"model":"modelengine:fdexplosion_resources/ffxb8"},{"predicate":{"custom_model_data":559},"model":"modelengine:fdexplosion_resources/ffxb3"},{"predicate":{"custom_model_data":560},"model":"modelengine:fdexplosion_resources/ffxb2"},{"predicate":{"custom_model_data":561},"model":"modelengine:fdexplosion_resources/ffxb5"},{"predicate":{"custom_model_data":562},"model":"modelengine:fdexplosion_resources/ffxb4"},{"predicate":{"custom_model_data":563},"model":"modelengine:fdexplosion_resources/ffxb12"},{"predicate":{"custom_model_data":564},"model":"modelengine:fdexplosion_resources/ffxb11"},{"predicate":{"custom_model_data":565},"model":"modelengine:fdexplosion_resources/ffxb1"},{"predicate":{"custom_model_data":566},"model":"modelengine:fdexplosion_resources/ffxb10"},{"predicate":{"custom_model_data":567},"model":"modelengine:fdexplosion_resources/ffxb16"},{"predicate":{"custom_model_data":568},"model":"modelengine:fdexplosion_resources/ffxb15"},{"predicate":{"custom_model_data":569},"model":"modelengine:fdexplosion_resources/ffxb14"},{"predicate":{"custom_model_data":570},"model":"modelengine:fdexplosion_resources/ffxb13"},{"predicate":{"custom_model_data":571},"model":"modelengine:fdexplosion_resources/ffxd9"},{"predicate":{"custom_model_data":572},"model":"modelengine:fdexplosion_resources/ffxd8"},{"predicate":{"custom_model_data":573},"model":"modelengine:fdexplosion_resources/ffxd5"},{"predicate":{"custom_model_data":574},"model":"modelengine:fdexplosion_resources/ffxd4"},{"predicate":{"custom_model_data":575},"model":"modelengine:fdexplosion_resources/ffxd7"},{"predicate":{"custom_model_data":576},"model":"modelengine:fdexplosion_resources/ffxd6"},{"predicate":{"custom_model_data":577},"model":"modelengine:fdexplosion_resources/ffxd1"},{"predicate":{"custom_model_data":578},"model":"modelengine:fdexplosion_resources/ffxd10"},{"predicate":{"custom_model_data":579},"model":"modelengine:fdexplosion_resources/ffxd3"},{"predicate":{"custom_model_data":580},"model":"modelengine:fdexplosion_resources/ffxd2"},{"predicate":{"custom_model_data":581},"model":"modelengine:fdexplosion_resources/explosionb4"},{"predicate":{"custom_model_data":582},"model":"modelengine:fdexplosion_resources/explosionb3"},{"predicate":{"custom_model_data":583},"model":"modelengine:fdexplosion_resources/explosionb2"},{"predicate":{"custom_model_data":584},"model":"modelengine:fdexplosion_resources/explosionb1"},{"predicate":{"custom_model_data":585},"model":"modelengine:fdexplosion_resources/explosionb8"},{"predicate":{"custom_model_data":586},"model":"modelengine:fdexplosion_resources/explosionb11"},{"predicate":{"custom_model_data":587},"model":"modelengine:fdexplosion_resources/explosionb7"},{"predicate":{"custom_model_data":588},"model":"modelengine:fdexplosion_resources/explosionb10"},{"predicate":{"custom_model_data":589},"model":"modelengine:fdexplosion_resources/explosionb6"},{"predicate":{"custom_model_data":590},"model":"modelengine:fdexplosion_resources/explosionb5"},{"predicate":{"custom_model_data":591},"model":"modelengine:fdexplosion_resources/explosionb12"},{"predicate":{"custom_model_data":592},"model":"modelengine:fdexplosion_resources/explosionb9"},{"predicate":{"custom_model_data":593},"model":"modelengine:fhero_fireexplosion/frame1"},{"predicate":{"custom_model_data":594},"model":"modelengine:fhero_fireffects/fb1"},{"predicate":{"custom_model_data":595},"model":"modelengine:fhero_shockwave/frame1"},{"predicate":{"custom_model_data":596},"model":"modelengine:fhero_shockwave2/frame1"},{"predicate":{"custom_model_data":597},"model":"modelengine:fhero_supershockwave/rswa_4"},{"predicate":{"custom_model_data":598},"model":"modelengine:fhero_supershockwave/rswa_1"},{"predicate":{"custom_model_data":599},"model":"modelengine:fhero_supershockwave/rswa_2"},{"predicate":{"custom_model_data":600},"model":"modelengine:fhero_supershockwave/rswa_3"},{"predicate":{"custom_model_data":601},"model":"modelengine:fhero_supershockwave_vert/rswa_4"},{"predicate":{"custom_model_data":602},"model":"modelengine:fhero_supershockwave_vert/rswa_1"},{"predicate":{"custom_model_data":603},"model":"modelengine:fhero_supershockwave_vert/rswa_2"},{"predicate":{"custom_model_data":604},"model":"modelengine:fhero_supershockwave_vert/rswa_3"},{"predicate":{"custom_model_data":605},"model":"modelengine:ravage_effectus_xd/ravage1"},{"predicate":{"custom_model_data":606},"model":"modelengine:ravager_fireblade2/fb1"},{"predicate":{"custom_model_data":607},"model":"modelengine:corruptblood_32/frame1"},{"predicate":{"custom_model_data":608},"model":"modelengine:corruptblood_64/frame1"},{"predicate":{"custom_model_data":609},"model":"modelengine:corruptblood_64_projectile/frame1"},{"predicate":{"custom_model_data":610},"model":"modelengine:corruptblood_64_splash/frame1"},{"predicate":{"custom_model_data":611},"model":"modelengine:corruptblood_64a/frame1"},{"predicate":{"custom_model_data":612},"model":"modelengine:corruptblood_64b/frame1"},{"predicate":{"custom_model_data":613},"model":"modelengine:corruptblood_64c/frame1"},{"predicate":{"custom_model_data":614},"model":"modelengine:corruptblood_64d/frame1"},{"predicate":{"custom_model_data":615},"model":"modelengine:corruptblood_resources/shocking1"},{"predicate":{"custom_model_data":616},"model":"modelengine:corruptblood_resources/shocking2"},{"predicate":{"custom_model_data":617},"model":"modelengine:corruptblood_resources/shocking3"},{"predicate":{"custom_model_data":618},"model":"modelengine:corruptblood_resources/shocking4"},{"predicate":{"custom_model_data":619},"model":"modelengine:corruptblood_resources/shocking5"},{"predicate":{"custom_model_data":620},"model":"modelengine:corruptblood_resources/shocking6"},{"predicate":{"custom_model_data":621},"model":"modelengine:corruptblood_resources/shocking7"},{"predicate":{"custom_model_data":622},"model":"modelengine:corruptblood_resources/shocking8"},{"predicate":{"custom_model_data":623},"model":"modelengine:corruptblood_resources/shocking11"},{"predicate":{"custom_model_data":624},"model":"modelengine:corruptblood_resources/shocking9"},{"predicate":{"custom_model_data":625},"model":"modelengine:corruptblood_resources/shocking12"},{"predicate":{"custom_model_data":626},"model":"modelengine:corruptblood_resources/shocking13"},{"predicate":{"custom_model_data":627},"model":"modelengine:corruptblood_resources/shocking14"},{"predicate":{"custom_model_data":628},"model":"modelengine:corruptblood_resources/shocking10"},{"predicate":{"custom_model_data":629},"model":"modelengine:corruptblood_resources/ravage1"},{"predicate":{"custom_model_data":630},"model":"modelengine:corruptblood_resources/ravage2"},{"predicate":{"custom_model_data":631},"model":"modelengine:corruptblood_resources/ravage3"},{"predicate":{"custom_model_data":632},"model":"modelengine:corruptblood_resources/ravage4"},{"predicate":{"custom_model_data":633},"model":"modelengine:corruptblood_resources/ravage5"},{"predicate":{"custom_model_data":634},"model":"modelengine:corruptblood_resources/ravage6"},{"predicate":{"custom_model_data":635},"model":"modelengine:corruptblood_resources/ravage7"},{"predicate":{"custom_model_data":636},"model":"modelengine:corruptblood_resources/ravage10"},{"predicate":{"custom_model_data":637},"model":"modelengine:corruptblood_resources/ravage8"},{"predicate":{"custom_model_data":638},"model":"modelengine:corruptblood_resources/ravage9"},{"predicate":{"custom_model_data":639},"model":"modelengine:corruptblood_resources/ravage12"},{"predicate":{"custom_model_data":640},"model":"modelengine:corruptblood_resources/ravage11"},{"predicate":{"custom_model_data":641},"model":"modelengine:corruptblood_resources/ravage14"},{"predicate":{"custom_model_data":642},"model":"modelengine:corruptblood_resources/ravage13"},{"predicate":{"custom_model_data":643},"model":"modelengine:corruptblood_resources/frame3"},{"predicate":{"custom_model_data":644},"model":"modelengine:corruptblood_resources/frame4"},{"predicate":{"custom_model_data":645},"model":"modelengine:corruptblood_resources/frame1"},{"predicate":{"custom_model_data":646},"model":"modelengine:corruptblood_resources/frame2"},{"predicate":{"custom_model_data":647},"model":"modelengine:corruptblood_resources/frame7"},{"predicate":{"custom_model_data":648},"model":"modelengine:corruptblood_resources/frame5"},{"predicate":{"custom_model_data":649},"model":"modelengine:corruptblood_resources/frame6"},{"predicate":{"custom_model_data":650},"model":"modelengine:corruptblood_resources/ffxc8"},{"predicate":{"custom_model_data":651},"model":"modelengine:corruptblood_resources/ffxc7"},{"predicate":{"custom_model_data":652},"model":"modelengine:corruptblood_resources/ffxc9"},{"predicate":{"custom_model_data":653},"model":"modelengine:corruptblood_resources/ffxc4"},{"predicate":{"custom_model_data":654},"model":"modelengine:corruptblood_resources/ffxc3"},{"predicate":{"custom_model_data":655},"model":"modelengine:corruptblood_resources/ffxc6"},{"predicate":{"custom_model_data":656},"model":"modelengine:corruptblood_resources/ffxc5"},{"predicate":{"custom_model_data":657},"model":"modelengine:corruptblood_resources/ffxc11"},{"predicate":{"custom_model_data":658},"model":"modelengine:corruptblood_resources/ffxc10"},{"predicate":{"custom_model_data":659},"model":"modelengine:corruptblood_resources/ffxc2"},{"predicate":{"custom_model_data":660},"model":"modelengine:corruptblood_resources/ffxc1"},{"predicate":{"custom_model_data":661},"model":"modelengine:corruptblood_resources/ffxc15"},{"predicate":{"custom_model_data":662},"model":"modelengine:corruptblood_resources/ffxc14"},{"predicate":{"custom_model_data":663},"model":"modelengine:corruptblood_resources/ffxc13"},{"predicate":{"custom_model_data":664},"model":"modelengine:corruptblood_resources/ffxc12"},{"predicate":{"custom_model_data":665},"model":"modelengine:corruptblood_resources/ffxc17"},{"predicate":{"custom_model_data":666},"model":"modelengine:corruptblood_resources/ffxc16"},{"predicate":{"custom_model_data":667},"model":"modelengine:corruptblood_resources/firewavea8"},{"predicate":{"custom_model_data":668},"model":"modelengine:corruptblood_resources/firewavea9"},{"predicate":{"custom_model_data":669},"model":"modelengine:corruptblood_resources/firewavea6"},{"predicate":{"custom_model_data":670},"model":"modelengine:corruptblood_resources/firewavea7"},{"predicate":{"custom_model_data":671},"model":"modelengine:corruptblood_resources/firewavea4"},{"predicate":{"custom_model_data":672},"model":"modelengine:corruptblood_resources/firewavea5"},{"predicate":{"custom_model_data":673},"model":"modelengine:corruptblood_resources/firewavea2"},{"predicate":{"custom_model_data":674},"model":"modelengine:corruptblood_resources/firewavea3"},{"predicate":{"custom_model_data":675},"model":"modelengine:corruptblood_resources/firewavea1"},{"predicate":{"custom_model_data":676},"model":"modelengine:corruptblood_resources/firewavea10"},{"predicate":{"custom_model_data":677},"model":"modelengine:corruptblood_resources/firewavea11"},{"predicate":{"custom_model_data":678},"model":"modelengine:corruptblood_resources/firewavea12"},{"predicate":{"custom_model_data":679},"model":"modelengine:corruptblood_resources/firewavea13"},{"predicate":{"custom_model_data":680},"model":"modelengine:corruptblood_resources/bspl_a10"},{"predicate":{"custom_model_data":681},"model":"modelengine:corruptblood_resources/bspl_a7"},{"predicate":{"custom_model_data":682},"model":"modelengine:corruptblood_resources/bspl_a8"},{"predicate":{"custom_model_data":683},"model":"modelengine:corruptblood_resources/bspl_a9"},{"predicate":{"custom_model_data":684},"model":"modelengine:corruptblood_resources/bspl_a3"},{"predicate":{"custom_model_data":685},"model":"modelengine:corruptblood_resources/bspl_a4"},{"predicate":{"custom_model_data":686},"model":"modelengine:corruptblood_resources/bspl_a5"},{"predicate":{"custom_model_data":687},"model":"modelengine:corruptblood_resources/bspl_a6"},{"predicate":{"custom_model_data":688},"model":"modelengine:corruptblood_resources/bspl_a1"},{"predicate":{"custom_model_data":689},"model":"modelengine:corruptblood_resources/bspl_a2"},{"predicate":{"custom_model_data":690},"model":"modelengine:corruptblood_resources/ffxb7"},{"predicate":{"custom_model_data":691},"model":"modelengine:corruptblood_resources/ffxb6"},{"predicate":{"custom_model_data":692},"model":"modelengine:corruptblood_resources/ffxb9"},{"predicate":{"custom_model_data":693},"model":"modelengine:corruptblood_resources/ffxb8"},{"predicate":{"custom_model_data":694},"model":"modelengine:corruptblood_resources/ffxb3"},{"predicate":{"custom_model_data":695},"model":"modelengine:corruptblood_resources/ffxb2"},{"predicate":{"custom_model_data":696},"model":"modelengine:corruptblood_resources/ffxb5"},{"predicate":{"custom_model_data":697},"model":"modelengine:corruptblood_resources/ffxb4"},{"predicate":{"custom_model_data":698},"model":"modelengine:corruptblood_resources/ffxb12"},{"predicate":{"custom_model_data":699},"model":"modelengine:corruptblood_resources/ffxb11"},{"predicate":{"custom_model_data":700},"model":"modelengine:corruptblood_resources/ffxb1"},{"predicate":{"custom_model_data":701},"model":"modelengine:corruptblood_resources/ffxb10"},{"predicate":{"custom_model_data":702},"model":"modelengine:corruptblood_resources/ffxb16"},{"predicate":{"custom_model_data":703},"model":"modelengine:corruptblood_resources/ffxb15"},{"predicate":{"custom_model_data":704},"model":"modelengine:corruptblood_resources/ffxb14"},{"predicate":{"custom_model_data":705},"model":"modelengine:corruptblood_resources/ffxb13"},{"predicate":{"custom_model_data":706},"model":"modelengine:corruptblood_resources/bspl_c11"},{"predicate":{"custom_model_data":707},"model":"modelengine:corruptblood_resources/bspl_c10"},{"predicate":{"custom_model_data":708},"model":"modelengine:corruptblood_resources/bspl_c13"},{"predicate":{"custom_model_data":709},"model":"modelengine:corruptblood_resources/bspl_c12"},{"predicate":{"custom_model_data":710},"model":"modelengine:corruptblood_resources/bspl_c9"},{"predicate":{"custom_model_data":711},"model":"modelengine:corruptblood_resources/bspl_c5"},{"predicate":{"custom_model_data":712},"model":"modelengine:corruptblood_resources/bspl_c6"},{"predicate":{"custom_model_data":713},"model":"modelengine:corruptblood_resources/bspl_c7"},{"predicate":{"custom_model_data":714},"model":"modelengine:corruptblood_resources/bspl_c8"},{"predicate":{"custom_model_data":715},"model":"modelengine:corruptblood_resources/bspl_c1"},{"predicate":{"custom_model_data":716},"model":"modelengine:corruptblood_resources/bspl_c2"},{"predicate":{"custom_model_data":717},"model":"modelengine:corruptblood_resources/bspl_c3"},{"predicate":{"custom_model_data":718},"model":"modelengine:corruptblood_resources/bspl_c4"},{"predicate":{"custom_model_data":719},"model":"modelengine:corruptblood_resources/dusthit9"},{"predicate":{"custom_model_data":720},"model":"modelengine:corruptblood_resources/dusthit8"},{"predicate":{"custom_model_data":721},"model":"modelengine:corruptblood_resources/dusthit7"},{"predicate":{"custom_model_data":722},"model":"modelengine:corruptblood_resources/dusthit6"},{"predicate":{"custom_model_data":723},"model":"modelengine:corruptblood_resources/dusthit5"},{"predicate":{"custom_model_data":724},"model":"modelengine:corruptblood_resources/dusthit4"},{"predicate":{"custom_model_data":725},"model":"modelengine:corruptblood_resources/dusthit3"},{"predicate":{"custom_model_data":726},"model":"modelengine:corruptblood_resources/dusthit2"},{"predicate":{"custom_model_data":727},"model":"modelengine:corruptblood_resources/dusthit10"},{"predicate":{"custom_model_data":728},"model":"modelengine:corruptblood_resources/dusthit1"},{"predicate":{"custom_model_data":729},"model":"modelengine:cpblood_dusthit/dusthit1"},{"predicate":{"custom_model_data":730},"model":"modelengine:cpblood_dustplosionmarker/frame1"},{"predicate":{"custom_model_data":731},"model":"modelengine:cpblood_ravagemarker/rswa_1"},{"predicate":{"custom_model_data":732},"model":"modelengine:cpblood_ravagemarker/rswa_4"},{"predicate":{"custom_model_data":733},"model":"modelengine:cpblood_ravagemarker/rswa_3"},{"predicate":{"custom_model_data":734},"model":"modelengine:cpblood_ravagemarker/rswa_2"},{"predicate":{"custom_model_data":735},"model":"modelengine:cpblood_shockwaveresources/rswa_4"},{"predicate":{"custom_model_data":736},"model":"modelengine:cpblood_shockwaveresources/rswa_1"},{"predicate":{"custom_model_data":737},"model":"modelengine:cpblood_shockwaveresources/rswa_2"},{"predicate":{"custom_model_data":738},"model":"modelengine:cpblood_shockwaveresources/rswa_3"},{"predicate":{"custom_model_data":739},"model":"modelengine:cpblood_shockwaveresources/rswc_2"},{"predicate":{"custom_model_data":740},"model":"modelengine:cpblood_shockwaveresources/rswc_3"},{"predicate":{"custom_model_data":741},"model":"modelengine:cpblood_shockwaveresources/rswc_4"},{"predicate":{"custom_model_data":742},"model":"modelengine:cpblood_shockwaveresources/rswc_1"},{"predicate":{"custom_model_data":743},"model":"modelengine:cpblood_shockwaveresources/rswk_1"},{"predicate":{"custom_model_data":744},"model":"modelengine:cpblood_shockwaveresources/rswk_2"},{"predicate":{"custom_model_data":745},"model":"modelengine:cpblood_shockwaveresources/rswk_3"},{"predicate":{"custom_model_data":746},"model":"modelengine:cpblood_shockwaveresources/rswk_4"},{"predicate":{"custom_model_data":747},"model":"modelengine:cpblood_shockwaveresources/rswb_3"},{"predicate":{"custom_model_data":748},"model":"modelengine:cpblood_shockwaveresources/rswb_4"},{"predicate":{"custom_model_data":749},"model":"modelengine:cpblood_shockwaveresources/rswb_1"},{"predicate":{"custom_model_data":750},"model":"modelengine:cpblood_shockwaveresources/rswb_2"},{"predicate":{"custom_model_data":751},"model":"modelengine:cpblood_shockwaveresources/rswj_1"},{"predicate":{"custom_model_data":752},"model":"modelengine:cpblood_shockwaveresources/rswj_2"},{"predicate":{"custom_model_data":753},"model":"modelengine:cpblood_shockwaveresources/rswj_3"},{"predicate":{"custom_model_data":754},"model":"modelengine:cpblood_shockwaveresources/rswj_4"},{"predicate":{"custom_model_data":755},"model":"modelengine:cpblood_shockwaveresources/rswi_1"},{"predicate":{"custom_model_data":756},"model":"modelengine:cpblood_shockwaveresources/rswi_2"},{"predicate":{"custom_model_data":757},"model":"modelengine:cpblood_shockwaveresources/rswi_3"},{"predicate":{"custom_model_data":758},"model":"modelengine:cpblood_shockwaveresources/rswi_4"},{"predicate":{"custom_model_data":759},"model":"modelengine:cpblood_shockwaveresources/rswh_1"},{"predicate":{"custom_model_data":760},"model":"modelengine:cpblood_shockwaveresources/rswh_2"},{"predicate":{"custom_model_data":761},"model":"modelengine:cpblood_shockwaveresources/rswh_3"},{"predicate":{"custom_model_data":762},"model":"modelengine:cpblood_shockwaveresources/rswh_4"},{"predicate":{"custom_model_data":763},"model":"modelengine:cpblood_shockwaveresources/rswe_4"},{"predicate":{"custom_model_data":764},"model":"modelengine:cpblood_shockwaveresources/rswe_1"},{"predicate":{"custom_model_data":765},"model":"modelengine:cpblood_shockwaveresources/rswe_2"},{"predicate":{"custom_model_data":766},"model":"modelengine:cpblood_shockwaveresources/rswe_3"},{"predicate":{"custom_model_data":767},"model":"modelengine:cpblood_shockwaveresources/rswd_1"},{"predicate":{"custom_model_data":768},"model":"modelengine:cpblood_shockwaveresources/rswd_2"},{"predicate":{"custom_model_data":769},"model":"modelengine:cpblood_shockwaveresources/rswd_3"},{"predicate":{"custom_model_data":770},"model":"modelengine:cpblood_shockwaveresources/rswd_4"},{"predicate":{"custom_model_data":771},"model":"modelengine:cpblood_shockwaveresources/rswg_2"},{"predicate":{"custom_model_data":772},"model":"modelengine:cpblood_shockwaveresources/rswg_3"},{"predicate":{"custom_model_data":773},"model":"modelengine:cpblood_shockwaveresources/rswg_4"},{"predicate":{"custom_model_data":774},"model":"modelengine:cpblood_shockwaveresources/rswg_1"},{"predicate":{"custom_model_data":775},"model":"modelengine:cpblood_shockwaveresources/rswf_3"},{"predicate":{"custom_model_data":776},"model":"modelengine:cpblood_shockwaveresources/rswf_4"},{"predicate":{"custom_model_data":777},"model":"modelengine:cpblood_shockwaveresources/rswf_1"},{"predicate":{"custom_model_data":778},"model":"modelengine:cpblood_shockwaveresources/rswf_2"},{"predicate":{"custom_model_data":779},"model":"modelengine:cpblood_supershockwave/rswa_4"},{"predicate":{"custom_model_data":780},"model":"modelengine:cpblood_supershockwave/rswa_1"},{"predicate":{"custom_model_data":781},"model":"modelengine:cpblood_supershockwave/rswa_2"},{"predicate":{"custom_model_data":782},"model":"modelengine:cpblood_supershockwave/rswa_3"},{"predicate":{"custom_model_data":783},"model":"modelengine:cpblood_vfx32/frame1"},{"predicate":{"custom_model_data":784},"model":"modelengine:em_corruptedbrute/head_decapit"},{"predicate":{"custom_model_data":785},"model":"modelengine:em_corruptedbrute/jaw_decapit"},{"predicate":{"custom_model_data":786},"model":"modelengine:em_corruptedbrute/hip"},{"predicate":{"custom_model_data":787},"model":"modelengine:em_corruptedbrute/right_leg"},{"predicate":{"custom_model_data":788},"model":"modelengine:em_corruptedbrute/left_leg"},{"predicate":{"custom_model_data":789},"model":"modelengine:em_corruptedbrute/right_shin"},{"predicate":{"custom_model_data":790},"model":"modelengine:em_corruptedbrute/left_shin"},{"predicate":{"custom_model_data":791},"model":"modelengine:em_corruptedbrute/right_foot"},{"predicate":{"custom_model_data":792},"model":"modelengine:em_corruptedbrute/left_foot"},{"predicate":{"custom_model_data":793},"model":"modelengine:em_corruptedbrute/chest"},{"predicate":{"custom_model_data":794},"model":"modelengine:em_corruptedbrute/left_arm"},{"predicate":{"custom_model_data":795},"model":"modelengine:em_corruptedbrute/right_arm"},{"predicate":{"custom_model_data":796},"model":"modelengine:em_corruptedbrute/right_backcostillum"},{"predicate":{"custom_model_data":797},"model":"modelengine:em_corruptedbrute/left_backcostillum"},{"predicate":{"custom_model_data":798},"model":"modelengine:em_corruptedbrute/head"},{"predicate":{"custom_model_data":799},"model":"modelengine:em_corruptedbrute/left_forearm"},{"predicate":{"custom_model_data":800},"model":"modelengine:em_corruptedbrute/right_forearm"},{"predicate":{"custom_model_data":801},"model":"modelengine:em_corruptedbrute/jaw"},{"predicate":{"custom_model_data":802},"model":"modelengine:em_darklurker/head_decapit"},{"predicate":{"custom_model_data":803},"model":"modelengine:em_darklurker/hip2"},{"predicate":{"custom_model_data":804},"model":"modelengine:em_darklurker/jaw_decapit"},{"predicate":{"custom_model_data":805},"model":"modelengine:em_darklurker/head2"},{"predicate":{"custom_model_data":806},"model":"modelengine:em_darklurker/right_leg"},{"predicate":{"custom_model_data":807},"model":"modelengine:em_darklurker/left_leg"},{"predicate":{"custom_model_data":808},"model":"modelengine:em_darklurker/jaw2"},{"predicate":{"custom_model_data":809},"model":"modelengine:em_darklurker/hip"},{"predicate":{"custom_model_data":810},"model":"modelengine:em_darklurker/left_arm"},{"predicate":{"custom_model_data":811},"model":"modelengine:em_darklurker/right_arm"},{"predicate":{"custom_model_data":812},"model":"modelengine:em_darklurker/head"},{"predicate":{"custom_model_data":813},"model":"modelengine:em_darklurker/jaw"},{"predicate":{"custom_model_data":814},"model":"modelengine:em_darkpuker/head_decapit"},{"predicate":{"custom_model_data":815},"model":"modelengine:em_darkpuker/hip2"},{"predicate":{"custom_model_data":816},"model":"modelengine:em_darkpuker/head2"},{"predicate":{"custom_model_data":817},"model":"modelengine:em_darkpuker/right_leg"},{"predicate":{"custom_model_data":818},"model":"modelengine:em_darkpuker/left_leg"},{"predicate":{"custom_model_data":819},"model":"modelengine:em_darkpuker/hip"},{"predicate":{"custom_model_data":820},"model":"modelengine:em_darkpuker/left_arm"},{"predicate":{"custom_model_data":821},"model":"modelengine:em_darkpuker/right_arm"},{"predicate":{"custom_model_data":822},"model":"modelengine:em_darkpuker/head"},{"predicate":{"custom_model_data":823},"model":"modelengine:amethystgolem/quartzgolem"},{"predicate":{"custom_model_data":824},"model":"modelengine:amethystgolem/head"},{"predicate":{"custom_model_data":825},"model":"modelengine:amethystgolem/rightshoulder"},{"predicate":{"custom_model_data":826},"model":"modelengine:amethystgolem/spike2"},{"predicate":{"custom_model_data":827},"model":"modelengine:amethystgolem/spike3"},{"predicate":{"custom_model_data":828},"model":"modelengine:amethystgolem/rightleg"},{"predicate":{"custom_model_data":829},"model":"modelengine:amethystgolem/spike4"},{"predicate":{"custom_model_data":830},"model":"modelengine:amethystgolem/spike5"},{"predicate":{"custom_model_data":831},"model":"modelengine:amethystgolem/leftleg"},{"predicate":{"custom_model_data":832},"model":"modelengine:amethystgolem/leftshoulder"},{"predicate":{"custom_model_data":833},"model":"modelengine:amethystgolem/spike"},{"predicate":{"custom_model_data":834},"model":"modelengine:amethystgolem/jawmid"},{"predicate":{"custom_model_data":835},"model":"modelengine:amethystgolem/jawleft"},{"predicate":{"custom_model_data":836},"model":"modelengine:amethystgolem/jawright"},{"predicate":{"custom_model_data":837},"model":"modelengine:amethystgolem/rightelbow"},{"predicate":{"custom_model_data":838},"model":"modelengine:amethystgolem/rightfoot"},{"predicate":{"custom_model_data":839},"model":"modelengine:amethystgolem/leftfoot"},{"predicate":{"custom_model_data":840},"model":"modelengine:amethystgolem/leftelbow"},{"predicate":{"custom_model_data":841},"model":"modelengine:amethystgolem/righthand"},{"predicate":{"custom_model_data":842},"model":"modelengine:amethystgolem/lefthand"},{"predicate":{"custom_model_data":843},"model":"modelengine:amethystgolem/handshard"},{"predicate":{"custom_model_data":844},"model":"modelengine:amethystpupa/pupa"},{"predicate":{"custom_model_data":845},"model":"modelengine:amethystspikes/spike1"},{"predicate":{"custom_model_data":846},"model":"modelengine:amethystspikes/spike2"},{"predicate":{"custom_model_data":847},"model":"modelengine:amethystspikes/spike3"},{"predicate":{"custom_model_data":848},"model":"modelengine:firebat/firebat"},{"predicate":{"custom_model_data":849},"model":"modelengine:firebat/jaw"},{"predicate":{"custom_model_data":850},"model":"modelengine:firebat/leftwing"},{"predicate":{"custom_model_data":851},"model":"modelengine:firebat/rightwing"},{"predicate":{"custom_model_data":852},"model":"modelengine:firebat/rightleg"},{"predicate":{"custom_model_data":853},"model":"modelengine:firebat/leftleg"},{"predicate":{"custom_model_data":854},"model":"modelengine:giantzombie/torso"},{"predicate":{"custom_model_data":855},"model":"modelengine:giantzombie/head"},{"predicate":{"custom_model_data":856},"model":"modelengine:giantzombie/rightleg"},{"predicate":{"custom_model_data":857},"model":"modelengine:giantzombie/rightarm"},{"predicate":{"custom_model_data":858},"model":"modelengine:giantzombie/leftleg"},{"predicate":{"custom_model_data":859},"model":"modelengine:giantzombie/leftarm"},{"predicate":{"custom_model_data":860},"model":"modelengine:giantzombie/jaw"},{"predicate":{"custom_model_data":861},"model":"modelengine:giantzombie/rightfoot"},{"predicate":{"custom_model_data":862},"model":"modelengine:giantzombie/rightforearm"},{"predicate":{"custom_model_data":863},"model":"modelengine:giantzombie/leftfoot"},{"predicate":{"custom_model_data":864},"model":"modelengine:giantzombie/leftforearm"},{"predicate":{"custom_model_data":865},"model":"modelengine:giantzombie/righthand"},{"predicate":{"custom_model_data":866},"model":"modelengine:giantzombie/lefthand"},{"predicate":{"custom_model_data":867},"model":"modelengine:lr_trainingdummy_2/base"},{"predicate":{"custom_model_data":868},"model":"modelengine:lr_trainingdummy_2/body"},{"predicate":{"custom_model_data":869},"model":"modelengine:lr_trainingdummy_2/head"},{"predicate":{"custom_model_data":870},"model":"modelengine:lr_trainingdummy_2/right_arm"},{"predicate":{"custom_model_data":871},"model":"modelengine:lr_trainingdummy_2/left_arm"},{"predicate":{"custom_model_data":872},"model":"modelengine:lr_trainingdummy_2/buckethandle"},{"predicate":{"custom_model_data":873},"model":"modelengine:lrd_concussed_stars/star"},{"predicate":{"custom_model_data":874},"model":"modelengine:ork_nil/dash_fx3"},{"predicate":{"custom_model_data":875},"model":"modelengine:ork_nil/waist"},{"predicate":{"custom_model_data":876},"model":"modelengine:ork_nil/dash_fx"},{"predicate":{"custom_model_data":877},"model":"modelengine:ork_nil/dash_fx2"},{"predicate":{"custom_model_data":878},"model":"modelengine:ork_nil/left_hip_piece"},{"predicate":{"custom_model_data":879},"model":"modelengine:ork_nil/left_leg"},{"predicate":{"custom_model_data":880},"model":"modelengine:ork_nil/torso"},{"predicate":{"custom_model_data":881},"model":"modelengine:ork_nil/right_leg"},{"predicate":{"custom_model_data":882},"model":"modelengine:ork_nil/right_hip_piece"},{"predicate":{"custom_model_data":883},"model":"modelengine:ork_nil/tabard"},{"predicate":{"custom_model_data":884},"model":"modelengine:ork_nil/left_shin"},{"predicate":{"custom_model_data":885},"model":"modelengine:ork_nil/head"},{"predicate":{"custom_model_data":886},"model":"modelengine:ork_nil/chest_plate"},{"predicate":{"custom_model_data":887},"model":"modelengine:ork_nil/right_arm"},{"predicate":{"custom_model_data":888},"model":"modelengine:ork_nil/left_arm"},{"predicate":{"custom_model_data":889},"model":"modelengine:ork_nil/shoulder_piece"},{"predicate":{"custom_model_data":890},"model":"modelengine:ork_nil/right_shin"},{"predicate":{"custom_model_data":891},"model":"modelengine:ork_nil/left_foot"},{"predicate":{"custom_model_data":892},"model":"modelengine:ork_nil/jaw"},{"predicate":{"custom_model_data":893},"model":"modelengine:ork_nil/right_brow"},{"predicate":{"custom_model_data":894},"model":"modelengine:ork_nil/left_brow"},{"predicate":{"custom_model_data":895},"model":"modelengine:ork_nil/right_forearm"},{"predicate":{"custom_model_data":896},"model":"modelengine:ork_nil/shoulder_piece_4"},{"predicate":{"custom_model_data":897},"model":"modelengine:ork_nil/left_forearm"},{"predicate":{"custom_model_data":898},"model":"modelengine:ork_nil/shoulder_piece_3"},{"predicate":{"custom_model_data":899},"model":"modelengine:ork_nil/shoulder_piece_2"},{"predicate":{"custom_model_data":900},"model":"modelengine:ork_nil/right_foot"},{"predicate":{"custom_model_data":901},"model":"modelengine:ork_nil/jaw_tooth_left"},{"predicate":{"custom_model_data":902},"model":"modelengine:ork_nil/jaw_tooth_right"},{"predicate":{"custom_model_data":903},"model":"modelengine:ork_nil/right_hand"},{"predicate":{"custom_model_data":904},"model":"modelengine:ork_nil/left_hand"},{"predicate":{"custom_model_data":905},"model":"modelengine:ork_nil/sword"},{"predicate":{"custom_model_data":906},"model":"modelengine:ork_nil/right_finger_3"},{"predicate":{"custom_model_data":907},"model":"modelengine:ork_nil/right_finger_4"},{"predicate":{"custom_model_data":908},"model":"modelengine:ork_nil/right_finger_1"},{"predicate":{"custom_model_data":909},"model":"modelengine:ork_nil/right_finger_2"},{"predicate":{"custom_model_data":910},"model":"modelengine:ork_nil/left_finger_4"},{"predicate":{"custom_model_data":911},"model":"modelengine:ork_nil/left_finger_3"},{"predicate":{"custom_model_data":912},"model":"modelengine:ork_nil/left_finger_2"},{"predicate":{"custom_model_data":913},"model":"modelengine:ork_nil/left_finger_1"},{"predicate":{"custom_model_data":914},"model":"modelengine:ork_nil_ground_fx/rock_1"},{"predicate":{"custom_model_data":915},"model":"modelengine:ork_nil_ground_fx/dust_circle_1"},{"predicate":{"custom_model_data":916},"model":"modelengine:ork_nil_ground_fx/dust_circle_2"},{"predicate":{"custom_model_data":917},"model":"modelengine:ork_nil_ground_fx/rock_4"},{"predicate":{"custom_model_data":918},"model":"modelengine:ork_nil_ground_fx/dust_circle_3"},{"predicate":{"custom_model_data":919},"model":"modelengine:ork_nil_ground_fx/rock_3"},{"predicate":{"custom_model_data":920},"model":"modelengine:ork_nil_ground_fx/rock_2"},{"predicate":{"custom_model_data":921},"model":"modelengine:ork_nil_ground_fx/dust_4"},{"predicate":{"custom_model_data":922},"model":"modelengine:ork_nil_ground_fx/dust_3"},{"predicate":{"custom_model_data":923},"model":"modelengine:ork_nil_ground_fx/dust_2"},{"predicate":{"custom_model_data":924},"model":"modelengine:ork_nil_ground_fx/dust_1"},{"predicate":{"custom_model_data":925},"model":"modelengine:ork_nil_ground_fx/ground_cracks"},{"predicate":{"custom_model_data":926},"model":"modelengine:ork_nil_rage/dash_fx3"},{"predicate":{"custom_model_data":927},"model":"modelengine:ork_nil_rage/waist"},{"predicate":{"custom_model_data":928},"model":"modelengine:ork_nil_rage/dash_fx"},{"predicate":{"custom_model_data":929},"model":"modelengine:ork_nil_rage/dash_fx2"},{"predicate":{"custom_model_data":930},"model":"modelengine:ork_nil_rage/left_hip_piece"},{"predicate":{"custom_model_data":931},"model":"modelengine:ork_nil_rage/left_leg"},{"predicate":{"custom_model_data":932},"model":"modelengine:ork_nil_rage/torso"},{"predicate":{"custom_model_data":933},"model":"modelengine:ork_nil_rage/right_leg"},{"predicate":{"custom_model_data":934},"model":"modelengine:ork_nil_rage/right_hip_piece"},{"predicate":{"custom_model_data":935},"model":"modelengine:ork_nil_rage/tabard"},{"predicate":{"custom_model_data":936},"model":"modelengine:ork_nil_rage/left_shin"},{"predicate":{"custom_model_data":937},"model":"modelengine:ork_nil_rage/head"},{"predicate":{"custom_model_data":938},"model":"modelengine:ork_nil_rage/chest_plate"},{"predicate":{"custom_model_data":939},"model":"modelengine:ork_nil_rage/right_arm"},{"predicate":{"custom_model_data":940},"model":"modelengine:ork_nil_rage/left_arm"},{"predicate":{"custom_model_data":941},"model":"modelengine:ork_nil_rage/shoulder_piece"},{"predicate":{"custom_model_data":942},"model":"modelengine:ork_nil_rage/right_shin"},{"predicate":{"custom_model_data":943},"model":"modelengine:ork_nil_rage/left_foot"},{"predicate":{"custom_model_data":944},"model":"modelengine:ork_nil_rage/jaw"},{"predicate":{"custom_model_data":945},"model":"modelengine:ork_nil_rage/right_brow"},{"predicate":{"custom_model_data":946},"model":"modelengine:ork_nil_rage/left_brow"},{"predicate":{"custom_model_data":947},"model":"modelengine:ork_nil_rage/right_forearm"},{"predicate":{"custom_model_data":948},"model":"modelengine:ork_nil_rage/shoulder_piece_4"},{"predicate":{"custom_model_data":949},"model":"modelengine:ork_nil_rage/left_forearm"},{"predicate":{"custom_model_data":950},"model":"modelengine:ork_nil_rage/shoulder_piece_3"},{"predicate":{"custom_model_data":951},"model":"modelengine:ork_nil_rage/shoulder_piece_2"},{"predicate":{"custom_model_data":952},"model":"modelengine:ork_nil_rage/right_foot"},{"predicate":{"custom_model_data":953},"model":"modelengine:ork_nil_rage/jaw_tooth_left"},{"predicate":{"custom_model_data":954},"model":"modelengine:ork_nil_rage/jaw_tooth_right"},{"predicate":{"custom_model_data":955},"model":"modelengine:ork_nil_rage/right_hand"},{"predicate":{"custom_model_data":956},"model":"modelengine:ork_nil_rage/left_hand"},{"predicate":{"custom_model_data":957},"model":"modelengine:ork_nil_rage/sword"},{"predicate":{"custom_model_data":958},"model":"modelengine:ork_nil_rage/right_finger_3"},{"predicate":{"custom_model_data":959},"model":"modelengine:ork_nil_rage/right_finger_4"},{"predicate":{"custom_model_data":960},"model":"modelengine:ork_nil_rage/right_finger_1"},{"predicate":{"custom_model_data":961},"model":"modelengine:ork_nil_rage/right_finger_2"},{"predicate":{"custom_model_data":962},"model":"modelengine:ork_nil_rage/left_finger_4"},{"predicate":{"custom_model_data":963},"model":"modelengine:ork_nil_rage/left_finger_3"},{"predicate":{"custom_model_data":964},"model":"modelengine:ork_nil_rage/left_finger_2"},{"predicate":{"custom_model_data":965},"model":"modelengine:ork_nil_rage/left_finger_1"},{"predicate":{"custom_model_data":966},"model":"modelengine:shard/shard"},{"predicate":{"custom_model_data":967},"model":"modelengine:shard/head"},{"predicate":{"custom_model_data":968},"model":"modelengine:shard/rightleg"},{"predicate":{"custom_model_data":969},"model":"modelengine:shard/rightarm"},{"predicate":{"custom_model_data":970},"model":"modelengine:shard/leftleg"},{"predicate":{"custom_model_data":971},"model":"modelengine:shard/leftarm"},{"predicate":{"custom_model_data":972},"model":"modelengine:shard/jaw"},{"predicate":{"custom_model_data":973},"model":"modelengine:shard/rightfoot"},{"predicate":{"custom_model_data":974},"model":"modelengine:shard/righthand"},{"predicate":{"custom_model_data":975},"model":"modelengine:shard/leftfoot"},{"predicate":{"custom_model_data":976},"model":"modelengine:shard/lefthand"},{"predicate":{"custom_model_data":977},"model":"modelengine:trenchcoat_zombie/torso3"},{"predicate":{"custom_model_data":978},"model":"modelengine:trenchcoat_zombie/left_leg"},{"predicate":{"custom_model_data":979},"model":"modelengine:trenchcoat_zombie/right_leg"},{"predicate":{"custom_model_data":980},"model":"modelengine:trenchcoat_zombie/torso2"},{"predicate":{"custom_model_data":981},"model":"modelengine:trenchcoat_zombie/torso1"},{"predicate":{"custom_model_data":982},"model":"modelengine:trenchcoat_zombie/head"},{"predicate":{"custom_model_data":983},"model":"modelengine:trenchcoat_zombie/right_arm"},{"predicate":{"custom_model_data":984},"model":"modelengine:trenchcoat_zombie/left_arm"},{"predicate":{"custom_model_data":985},"model":"modelengine:trenchcoat_zombie/right_arm2"},{"predicate":{"custom_model_data":986},"model":"modelengine:trenchcoat_zombie/left_arm2"},{"predicate":{"custom_model_data":987},"model":"modelengine:zombie/body"},{"predicate":{"custom_model_data":988},"model":"modelengine:zombie/head"},{"predicate":{"custom_model_data":989},"model":"modelengine:zombie/rightleg"},{"predicate":{"custom_model_data":990},"model":"modelengine:zombie/rightarm"},{"predicate":{"custom_model_data":991},"model":"modelengine:zombie/leftleg"},{"predicate":{"custom_model_data":992},"model":"modelengine:zombie/leftarm"},{"predicate":{"custom_model_data":993},"model":"modelengine:zombie/rightfoot"},{"predicate":{"custom_model_data":994},"model":"modelengine:zombie/righthand"},{"predicate":{"custom_model_data":995},"model":"modelengine:zombie/leftfoot"},{"predicate":{"custom_model_data":996},"model":"modelengine:zombie/lefthand"},{"predicate":{"custom_model_data":997},"model":"modelengine:zombie_ground/body"},{"predicate":{"custom_model_data":998},"model":"modelengine:zombie_ground/head"},{"predicate":{"custom_model_data":999},"model":"modelengine:zombie_ground/rightleg"},{"predicate":{"custom_model_data":1000},"model":"modelengine:zombie_ground/rightarm"},{"predicate":{"custom_model_data":1001},"model":"modelengine:zombie_ground/leftleg"},{"predicate":{"custom_model_data":1002},"model":"modelengine:zombie_ground/leftarm"},{"predicate":{"custom_model_data":1003},"model":"modelengine:zombie_ground/rightfoot"},{"predicate":{"custom_model_data":1004},"model":"modelengine:zombie_ground/righthand"},{"predicate":{"custom_model_data":1005},"model":"modelengine:zombie_ground/leftfoot"},{"predicate":{"custom_model_data":1006},"model":"modelengine:zombie_ground/lefthand"},{"predicate":{"custom_model_data":1007},"model":"modelengine:zombie_parts/head"},{"predicate":{"custom_model_data":1008},"model":"modelengine:zombie_parts/headchunk"}],"parent":"minecraft:item/generated","textures":{"layer0":"minecraft:item/leather_horse_armor"}}