{"textures":{"0":"modelengine:entity/boneshadingdefender","8":"modelengine:entity/fallendefender"},"elements":[{"from":[8.274598,8.8507185,6.004],"to":[9.266599,9.842719,6.996],"faces":{"east":{"uv":[1.75,9.4375,1.8125,9.5],"tintindex":0,"rotation":0,"texture":"#8"},"south":{"uv":[1.875,9.4375,1.9375,9.5],"tintindex":0,"rotation":0,"texture":"#8"},"north":{"uv":[1.625,9.4375,1.6875,9.5],"tintindex":0,"rotation":0,"texture":"#8"},"west":{"uv":[2.0,9.4375,2.0625,9.5],"tintindex":0,"rotation":0,"texture":"#8"},"up":{"uv":[9.5,2.0625,9.4375,2.0],"tintindex":0,"rotation":0,"texture":"#8"},"down":{"uv":[2.1875,9.4375,2.125,9.5],"tintindex":0,"rotation":0,"texture":"#8"}},"rotation":{"origin":[8.770598,9.346719,6.5],"angle":-22.5,"axis":"z"}},{"from":[5.75,1.0,6.5],"to":[9.5,5.0,10.5],"faces":{"east":{"uv":[2.8125,4.0625,3.0625,4.3125],"tintindex":0,"rotation":0,"texture":"#8"},"south":{"uv":[3.5625,4.0625,3.8125,4.3125],"tintindex":0,"rotation":0,"texture":"#8"},"north":{"uv":[0.0,4.0625,0.25,4.3125],"tintindex":0,"rotation":0,"texture":"#8"},"west":{"uv":[4.125,0.0,4.375,0.25],"tintindex":0,"rotation":0,"texture":"#8"},"up":{"uv":[4.375,0.5625,4.125,0.3125],"tintindex":0,"rotation":0,"texture":"#8"},"down":{"uv":[1.25,4.125,1.0,4.375],"tintindex":0,"rotation":0,"texture":"#8"}}},{"from":[7.0,7.0,6.275],"to":[9.0,9.0,7.275],"faces":{"east":{"uv":[7.3125,8.9375,7.375,9.0625],"tintindex":0,"rotation":0,"texture":"#8"},"south":{"uv":[7.9375,2.8125,8.0625,2.9375],"tintindex":0,"rotation":0,"texture":"#8"},"north":{"uv":[7.9375,2.625,8.0625,2.75],"tintindex":0,"rotation":0,"texture":"#8"},"west":{"uv":[8.9375,8.75,9.0,8.875],"tintindex":0,"rotation":0,"texture":"#8"},"up":{"uv":[9.0625,9.0,8.9375,8.9375],"tintindex":0,"rotation":0,"texture":"#8"},"down":{"uv":[0.125,9.0,0.0,9.0625],"tintindex":0,"rotation":0,"texture":"#8"}},"rotation":{"origin":[8.0,8.0,6.775],"angle":45.0,"axis":"z"}},{"from":[7.5,6.0,6.0],"to":[8.5,10.0,7.0],"faces":{"east":{"uv":[0.625,7.9375,0.6875,8.1875],"tintindex":0,"rotation":0,"texture":"#8"},"south":{"uv":[1.25,7.9375,1.3125,8.1875],"tintindex":0,"rotation":0,"texture":"#8"},"north":{"uv":[7.3125,7.875,7.375,8.125],"tintindex":0,"rotation":0,"texture":"#8"},"west":{"uv":[1.75,7.9375,1.8125,8.1875],"tintindex":0,"rotation":0,"texture":"#8"},"up":{"uv":[0.9375,9.5,0.875,9.4375],"tintindex":0,"rotation":0,"texture":"#8"},"down":{"uv":[1.0625,9.4375,1.0,9.5],"tintindex":0,"rotation":0,"texture":"#8"}}},{"from":[7.25,7.2625,5.7125],"to":[8.75,8.7625,6.2125],"faces":{"east":{"uv":[0.4375,9.0,0.5,9.125],"tintindex":0,"rotation":0,"texture":"#8"},"south":{"uv":[3.375,7.9375,3.5,8.0625],"tintindex":0,"rotation":0,"texture":"#8"},"north":{"uv":[7.9375,3.0,8.0625,3.125],"tintindex":0,"rotation":0,"texture":"#8"},"west":{"uv":[9.0,0.625,9.0625,0.75],"tintindex":0,"rotation":0,"texture":"#8"},"up":{"uv":[9.125,0.3125,9.0,0.25],"tintindex":0,"rotation":0,"texture":"#8"},"down":{"uv":[0.875,9.0,0.75,9.0625],"tintindex":0,"rotation":0,"texture":"#8"}},"rotation":{"origin":[8.0,8.0125,5.9625],"angle":45.0,"axis":"z"}},{"from":[6.7334023,8.8507185,6.004],"to":[7.725402,9.842719,6.996],"faces":{"east":{"uv":[1.25,9.4375,1.3125,9.5],"tintindex":0,"rotation":0,"texture":"#8"},"south":{"uv":[1.375,9.4375,1.4375,9.5],"tintindex":0,"rotation":0,"texture":"#8"},"north":{"uv":[1.125,9.4375,1.1875,9.5],"tintindex":0,"rotation":0,"texture":"#8"},"west":{"uv":[9.4375,1.375,9.5,1.4375],"tintindex":0,"rotation":0,"texture":"#8"},"up":{"uv":[1.5625,9.5,1.5,9.4375],"tintindex":0,"rotation":0,"texture":"#8"},"down":{"uv":[9.5,1.5,9.4375,1.5625],"tintindex":0,"rotation":0,"texture":"#8"}},"rotation":{"origin":[7.229402,9.346719,6.5],"angle":22.5,"axis":"z"}},{"from":[5.525,4.85,6.325],"to":[9.825,6.15,10.625],"faces":{"east":{"uv":[7.9375,5.0,8.1875,5.0625],"tintindex":0,"rotation":0,"texture":"#8"},"south":{"uv":[7.9375,5.125,8.1875,5.1875],"tintindex":0,"rotation":0,"texture":"#8"},"north":{"uv":[7.9375,3.1875,8.1875,3.25],"tintindex":0,"rotation":0,"texture":"#8"},"west":{"uv":[7.9375,5.25,8.1875,5.3125],"tintindex":0,"rotation":0,"texture":"#8"},"up":{"uv":[1.5625,4.375,1.3125,4.125],"tintindex":0,"rotation":0,"texture":"#8"},"down":{"uv":[4.375,2.6875,4.125,2.9375],"tintindex":0,"rotation":0,"texture":"#8"}}},{"from":[5.725,0.0,6.5],"to":[9.825,1.0,10.525],"faces":{"east":{"uv":[7.9375,2.25,8.1875,2.3125],"tintindex":0,"rotation":0,"texture":"#8"},"south":{"uv":[7.9375,2.375,8.1875,2.4375],"tintindex":0,"rotation":0,"texture":"#8"},"north":{"uv":[7.9375,1.4375,8.1875,1.5],"tintindex":0,"rotation":0,"texture":"#8"},"west":{"uv":[7.9375,2.5,8.1875,2.5625],"tintindex":0,"rotation":0,"texture":"#8"},"up":{"uv":[4.25,2.625,4.0,2.375],"tintindex":0,"rotation":0,"texture":"#8"},"down":{"uv":[2.75,4.0,2.5,4.25],"tintindex":0,"rotation":0,"texture":"#8"}}},{"from":[5.61,1.9225001,6.46],"to":[7.69,3.0025,10.54],"faces":{"east":{"uv":[7.9375,1.1875,8.1875,1.25],"tintindex":0,"rotation":0,"texture":"#8"},"south":{"uv":[8.9375,8.625,9.0625,8.6875],"tintindex":0,"rotation":0,"texture":"#8"},"north":{"uv":[8.625,8.9375,8.75,9.0],"tintindex":0,"rotation":0,"texture":"#8"},"west":{"uv":[7.9375,1.3125,8.1875,1.375],"tintindex":0,"rotation":0,"texture":"#8"},"up":{"uv":[0.125,6.75,0.0,6.5],"tintindex":0,"rotation":0,"texture":"#8"},"down":{"uv":[0.3125,6.5,0.1875,6.75],"tintindex":0,"rotation":0,"texture":"#8"}}},{"from":[8.274598,6.157282,6.004],"to":[9.266599,7.1492815,6.996],"faces":{"east":{"uv":[9.4375,2.625,9.5,2.6875],"tintindex":0,"rotation":0,"texture":"#8"},"south":{"uv":[2.75,9.4375,2.8125,9.5],"tintindex":0,"rotation":0,"texture":"#8"},"north":{"uv":[2.625,9.4375,2.6875,9.5],"tintindex":0,"rotation":0,"texture":"#8"},"west":{"uv":[2.875,9.4375,2.9375,9.5],"tintindex":0,"rotation":0,"texture":"#8"},"up":{"uv":[3.0625,9.5,3.0,9.4375],"tintindex":0,"rotation":0,"texture":"#8"},"down":{"uv":[3.3125,9.4375,3.25,9.5],"tintindex":0,"rotation":0,"texture":"#8"}},"rotation":{"origin":[8.770598,6.6532817,6.5],"angle":22.5,"axis":"z"}},{"from":[6.11,6.985,6.7850003],"to":[9.89,9.015,10.315001],"faces":{"east":{"uv":[4.8125,6.6875,5.0,6.8125],"tintindex":0,"rotation":0,"texture":"#8"},"south":{"uv":[6.5,0.0,6.75,0.125],"tintindex":0,"rotation":0,"texture":"#8"},"north":{"uv":[6.4375,1.875,6.6875,2.0],"tintindex":0,"rotation":0,"texture":"#8"},"west":{"uv":[6.6875,5.125,6.875,5.25],"tintindex":0,"rotation":0,"texture":"#8"},"up":{"uv":[1.9375,4.9375,1.6875,4.75],"tintindex":0,"rotation":0,"texture":"#8"},"down":{"uv":[2.625,4.75,2.375,4.9375],"tintindex":0,"rotation":0,"texture":"#8"}}},{"from":[6.7334023,6.157282,6.004],"to":[7.725402,7.1492815,6.996],"faces":{"east":{"uv":[2.25,9.4375,2.3125,9.5],"tintindex":0,"rotation":0,"texture":"#8"},"south":{"uv":[2.375,9.4375,2.4375,9.5],"tintindex":0,"rotation":0,"texture":"#8"},"north":{"uv":[9.4375,2.125,9.5,2.1875],"tintindex":0,"rotation":0,"texture":"#8"},"west":{"uv":[9.4375,2.375,9.5,2.4375],"tintindex":0,"rotation":0,"texture":"#8"},"up":{"uv":[2.5625,9.5,2.5,9.4375],"tintindex":0,"rotation":0,"texture":"#8"},"down":{"uv":[9.5,2.5,9.4375,2.5625],"tintindex":0,"rotation":0,"texture":"#8"}},"rotation":{"origin":[7.229402,6.6532817,6.5],"angle":-22.5,"axis":"z"}},{"from":[5.61,3.9225001,6.46],"to":[7.69,5.0025,10.54],"faces":{"east":{"uv":[0.0,7.9375,0.25,8.0],"tintindex":0,"rotation":0,"texture":"#8"},"south":{"uv":[8.4375,8.9375,8.5625,9.0],"tintindex":0,"rotation":0,"texture":"#8"},"north":{"uv":[8.9375,8.375,9.0625,8.4375],"tintindex":0,"rotation":0,"texture":"#8"},"west":{"uv":[0.3125,7.9375,0.5625,8.0],"tintindex":0,"rotation":0,"texture":"#8"},"up":{"uv":[2.6875,6.6875,2.5625,6.4375],"tintindex":0,"rotation":0,"texture":"#8"},"down":{"uv":[5.5625,6.4375,5.4375,6.6875],"tintindex":0,"rotation":0,"texture":"#8"}}},{"from":[6.2599998,4.91,6.91],"to":[9.440001,8.34,10.09],"faces":{"east":{"uv":[14.5625,0.0,15.5,0.5],"tintindex":0,"rotation":0,"texture":"#0"},"south":{"uv":[14.5625,0.0,15.5,0.5],"tintindex":0,"rotation":0,"texture":"#0"},"north":{"uv":[14.5625,0.0,15.5,0.5],"tintindex":0,"rotation":0,"texture":"#0"},"west":{"uv":[14.5625,0.0,15.5,0.5],"tintindex":0,"rotation":0,"texture":"#0"},"up":{"uv":[14.5625,0.0,15.5,0.5],"tintindex":0,"rotation":0,"texture":"#0"},"down":{"uv":[14.5625,0.0,15.5,0.5],"tintindex":0,"rotation":0,"texture":"#0"}}}],"display":{"gui":{"rotation":[30,225,0]}}}