{
	"credit": "wolf_awwent made with blockbench",
	"texture_size": [32, 32],
	"textures": {
		"3": "modelfoundry:mutant_zombie/modelfoundry_mutant_zombie_dagger"
	},
	"elements": [
		{
			"from": [7, -7, 7],
			"to": [9, 0, 9],
			"rotation": {"angle": 0, "axis": "y", "origin": [-13, 0, 7]},
			"faces": {
				"north": {"uv": [9, 0, 10, 3.5], "texture": "#3"},
				"east": {"uv": [9, 3.5, 10, 7], "texture": "#3"},
				"south": {"uv": [9, 7, 10, 10.5], "texture": "#3"},
				"west": {"uv": [6, 9.5, 7, 13], "texture": "#3"},
				"up": {"uv": [11, 4, 10, 3], "texture": "#3"},
				"down": {"uv": [11, 4, 10, 5], "texture": "#3"}
			}
		},
		{
			"from": [8, 2, 4.5],
			"to": [8, 23, 10.5],
			"rotation": {"angle": 0, "axis": "y", "origin": [-14, 0, 7]},
			"faces": {
				"north": {"uv": [0, 0, 0, 10.5], "texture": "#3"},
				"east": {"uv": [0, 0, 3, 10.5], "texture": "#3"},
				"south": {"uv": [0, 0, 0, 10.5], "texture": "#3"},
				"west": {"uv": [3, 0, 6, 10.5], "texture": "#3"},
				"up": {"uv": [0, 3, 0, 0], "texture": "#3"},
				"down": {"uv": [0, 0, 0, 3], "texture": "#3"}
			}
		},
		{
			"from": [8, -1, 9.6],
			"to": [8, 5, 15.6],
			"rotation": {"angle": 45, "axis": "x", "origin": [8, 2, 13.5]},
			"faces": {
				"north": {"uv": [0, 0, 0, 3], "texture": "#3"},
				"east": {"uv": [9, 3, 6, 6], "texture": "#3"},
				"south": {"uv": [0, 0, 0, 3], "texture": "#3"},
				"west": {"uv": [6, 3, 9, 6], "texture": "#3"},
				"up": {"uv": [0, 3, 0, 0], "texture": "#3"},
				"down": {"uv": [0, 0, 0, 3], "texture": "#3"}
			}
		},
		{
			"from": [6.5, 0, 4.5],
			"to": [9.5, 2, 11.5],
			"rotation": {"angle": 0, "axis": "y", "origin": [-12.5, 0, 7.5]},
			"faces": {
				"north": {"uv": [7, 9.5, 8.5, 10.5], "texture": "#3"},
				"east": {"uv": [10, 0, 13.5, 1], "texture": "#3"},
				"south": {"uv": [10, 2, 11.5, 3], "texture": "#3"},
				"west": {"uv": [10, 1, 13.5, 2], "texture": "#3"},
				"up": {"uv": [7.5, 9.5, 6, 6], "texture": "#3"},
				"down": {"uv": [9, 6, 7.5, 9.5], "texture": "#3"}
			}
		}
	],
	"gui_light": "front",
	"display": {
		"thirdperson_righthand": {
			"translation": [0, 7, 1],
			"scale": [0.8, 0.8, 0.8]
		},
		"thirdperson_lefthand": {
			"translation": [0, 7, 1],
			"scale": [0.8, 0.8, 0.8]
		},
		"firstperson_righthand": {
			"rotation": [-22.95, 4.84, 3.37],
			"translation": [3, 7.25, -4],
			"scale": [0.8, 0.8, 0.8]
		},
		"firstperson_lefthand": {
			"rotation": [-22.95, 4.84, 3.37],
			"translation": [3, 7.25, -4],
			"scale": [0.8, 0.8, 0.8]
		},
		"ground": {
			"rotation": [-25.1, -8.32, 36.2],
			"translation": [0, 6.5, 0],
			"scale": [0.6, 0.6, 0.6]
		},
		"gui": {
			"rotation": [-90, 39.75, 90],
			"translation": [0, -0.25, 0],
			"scale": [0.6, 0.6, 0.6]
		},
		"head": {
			"rotation": [90, -48.75, -90],
			"translation": [0.25, -16.5, 4],
			"scale": [0.8, 0.8, 0.8]
		},
		"fixed": {
			"rotation": [90, 41, -90],
			"scale": [0.7, 0.7, 0.7]
		}
	},
	"groups": [
		{
			"name": "group",
			"origin": [4.5, 0, 6.5],
			"color": 0,
			"children": [0, 1, 2, 3]
		}
	]
}