{
	"credit": "wolf_awwent made with blockbench",
	"texture_size": [64, 64],
	"textures": {
		"1": "modelfoundry:mutant_zombie/modelfoundry_mutant_zombie_hammer",
		"particle": "modelfoundry:mutant_zombie/modelfoundry_mutant_zombie_hammer"
	},
	"elements": [
		{
			"from": [7, -8, 7],
			"to": [9, 7, 9],
			"rotation": {"angle": 0, "axis": "y", "origin": [7, 0, 7]},
			"faces": {
				"north": {"uv": [4.5, 6, 5, 9.75], "texture": "#1"},
				"east": {"uv": [6.25, 1.75, 6.75, 5.5], "texture": "#1"},
				"south": {"uv": [6.75, 1.75, 6.25, 5.5], "texture": "#1"},
				"west": {"uv": [5, 6, 4.5, 9.75], "texture": "#1"},
				"up": {"uv": [1.5, 7.5, 1, 7], "texture": "#1"},
				"down": {"uv": [7.5, 1, 7, 1.5], "texture": "#1"}
			}
		},
		{
			"from": [6, 7, 6],
			"to": [10, 9, 10],
			"rotation": {"angle": 0, "axis": "y", "origin": [7, 0, 7]},
			"faces": {
				"north": {"uv": [7, 0, 8, 0.5], "texture": "#1"},
				"east": {"uv": [0, 7, 1, 7.5], "texture": "#1"},
				"south": {"uv": [7, 0, 8, 0.5], "texture": "#1"},
				"west": {"uv": [7, 0.5, 8, 1], "texture": "#1"},
				"up": {"uv": [3.25, 7.75, 2.25, 6.75], "texture": "#1"},
				"down": {"uv": [7.75, 5.75, 6.75, 6.75], "texture": "#1"}
			}
		},
		{
			"from": [4.5, 9, 4.5],
			"to": [11.5, 19, 11.5],
			"rotation": {"angle": 0, "axis": "y", "origin": [4.5, 0, 9.5]},
			"faces": {
				"north": {"uv": [0, 0, 1.75, 2.5], "texture": "#1"},
				"east": {"uv": [1.75, 0, 3.5, 2.5], "texture": "#1"},
				"south": {"uv": [1.75, 0, 0, 2.5], "texture": "#1"},
				"west": {"uv": [1.75, 2.5, 3.5, 5], "texture": "#1"},
				"up": {"uv": [3.5, 6.75, 1.75, 5], "texture": "#1"},
				"down": {"uv": [7, 0, 5.25, 1.75], "texture": "#1"}
			}
		},
		{
			"from": [4.5, 10, 11.5],
			"to": [11.5, 18, 15.5],
			"rotation": {"angle": 0, "axis": "y", "origin": [4.5, 0, 9.5]},
			"faces": {
				"north": {"uv": [3.5, 0, 5.25, 2], "texture": "#1"},
				"east": {"uv": [5.25, 1.75, 6.25, 3.75], "texture": "#1"},
				"south": {"uv": [3.5, 2, 5.25, 4], "texture": "#1"},
				"west": {"uv": [5.25, 3.75, 6.25, 5.75], "texture": "#1"},
				"up": {"uv": [8.5, 2.75, 6.75, 1.75], "texture": "#1"},
				"down": {"uv": [8.5, 2.75, 6.75, 3.75], "texture": "#1"}
			}
		},
		{
			"from": [4.5, 10, 0.5],
			"to": [11.5, 18, 4.5],
			"rotation": {"angle": 0, "axis": "y", "origin": [4.5, 0, 6.5]},
			"faces": {
				"north": {"uv": [3.5, 4, 5.25, 6], "texture": "#1"},
				"east": {"uv": [5.25, 5.75, 6.25, 7.75], "texture": "#1"},
				"south": {"uv": [0, 5, 1.75, 7], "texture": "#1"},
				"west": {"uv": [3.5, 6, 4.5, 8], "texture": "#1"},
				"up": {"uv": [8.5, 4.75, 6.75, 3.75], "texture": "#1"},
				"down": {"uv": [8.5, 4.75, 6.75, 5.75], "texture": "#1"}
			}
		}
	],
	"gui_light": "front",
	"display": {
		"thirdperson_righthand": {
			"translation": [0, 7.5, 2]
		},
		"thirdperson_lefthand": {
			"translation": [0, 7.5, 2]
		},
		"firstperson_righthand": {
			"rotation": [-22.87, 5.21, 2.45],
			"translation": [3, 7, -4.25]
		},
		"firstperson_lefthand": {
			"rotation": [-22.87, 5.21, 2.45],
			"translation": [3, 7, -4.25]
		},
		"ground": {
			"rotation": [-25.1, -8.32, 36.2],
			"translation": [0, 9.25, 0],
			"scale": [0.6, 0.6, 0.6]
		},
		"gui": {
			"rotation": [-90, 39.75, 90],
			"translation": [0, -0.25, 0],
			"scale": [0.6, 0.6, 0.6]
		},
		"head": {
			"rotation": [90, -48.75, -90],
			"translation": [2.5, -19, 4]
		},
		"fixed": {
			"rotation": [90, 41, -90],
			"scale": [0.7, 0.7, 0.7]
		}
	}
}